title,programs,in_the_index,index_entry,program_list,printed_forms
26-2,2,List 3,List 3 #1,San Diego State; William Paterson,
500 Miles High,2,List 3,List 3 #2,Utah; William Paterson,500 MILES HIGH | 500 Miles High
A Child Is Born,3,List 2,List 2 #1,Marshall; Utah; William Paterson,A CHILD IS BORN | A Child Is Born | Child Is Born
A Day In The Life Of A Fool,1,List 1A,List 1A #31,Marshall,
A Foggy Day,5,List 1B,List 1B #1,Alabama; Cal State Long Beach; Oregon; Utah; William Paterson,A FOGGY DAY | A Foggy Day | Foggy Day
A Night in Tunisia,8,List 1A,List 1A #41,Alabama; Cal State Long Beach; Marshall; Oregon; Sonoma State; Utah; Utah Valley; William Paterson,"A NIGHT IN TUNISIA | A Night In Tunisia | A Night in Tunisia | Night In Tunisia | Night In Tunisia, A | Night in Tunisia"
A Time For Love,1,List 5C,List 5C #2,Cal State Long Beach,
Afro blue,3,List 1A,List 1A #1,Cal State Long Beach; Utah Valley; William Paterson,Afro Blue | Afro blue
After You've Gone,4,List 4,List 4 #30,Alabama; Cal State Long Beach; Oregon; Utah,AFTER YOU'VE GONE | After You've Gone
Afternoon in Paris,4,List 2,List 2 #3,Cal State Long Beach; Marshall; Oregon; William Paterson,Afternoon In Paris | Afternoon in Paris
Ain't Misbehavin',1,List 4,List 4 #16,Alabama,
Airegin,4,List 1B,List 1B #2,Cal State Long Beach; Central Florida; Utah; William Paterson,AIREGIN | Airegin
Alice In Wonderland,2,List 2,List 2 #4,Oregon; Utah,ALICE IN WONDERLAND | Alice In Wonderland
All Blues,10,List 1A,List 1A #69,Alabama; Cal State Long Beach; Colorado Boulder; Marshall; Oregon; Sonoma State; Texas State; Utah; Utah Valley; William Paterson,ALL BLUES | All Blues
All of Me,6,List 1A,List 1A #2,Alabama; Iowa; Marshall; Oregon; Utah; William Paterson,ALL OF ME | All of Me
All of You,5,List 1B,List 1B #3,Alabama; Iowa; Marshall; Utah; William Paterson,ALL OF YOU | All of You
All the Things You Are,12,List 1A,List 1A #3,Alabama; Cal State Long Beach; Colorado Boulder; Iowa; Marshall; Oregon; Sonoma State; Texas State; Utah; Utah Valley; Western Michigan; William Paterson,ALL THE THINGS YOU ARE | All The Things You Are | All the Things You Are
Almost Like Being in Love,1,List 5A,List 5A #1,Alabama,
Alone Together,11,List 1A,List 1A #4,Alabama; Cal State Long Beach; Iowa; Marshall; Oregon; Sonoma State; Texas State; Utah; Utah Valley; Western Michigan; William Paterson,ALONE TOGETHER | Alone Together
Along Came Betty,6,List 2,List 2 #5,Cal State Long Beach; Iowa; Sonoma State; Utah; Western Michigan; William Paterson,ALONG CAME BETTY | Along Came Betty
Ana Maria,1,List 3,List 3 #5,San Diego State,
Angel Eyes,2,List 1B,List 1B #4,Cal State Long Beach; William Paterson,
Anthropology,7,List 1A,List 1A #88,Cal State Long Beach; Central Florida; Marshall; Oregon; Sonoma State; Utah; William Paterson,ANTHROPOLOGY | Anthropology
April in Paris,1,List 5A,List 5A #2,William Paterson,
April Joy,1,,,William Paterson,
Are You Real?,1,List 3,List 3 #6,William Paterson,
As Time Goes By,1,List 5B,List 5B #5,William Paterson,
ASK ME NOW,1,List 3,List 3 #7,Utah,
Au Privave,7,List 1A,List 1A #70,Cal State Long Beach; Central Florida; Colorado Boulder; Marshall; Utah; Utah Valley; William Paterson,AU PRIVAVE | Au Privave
Autumn in New York,2,List 5A,List 5A #3,Alabama; William Paterson,
Autumn Leaves (em and gm),12,List 1A,List 1A #5,Alabama; Cal State Long Beach; Colorado Boulder; Iowa; Marshall; Oregon; Sonoma State; Texas State; Utah; Utah Valley; Western Michigan; William Paterson,AUTUMN LEAVES | Autumn Leaves | Autumn Leaves (em and gm)
Bag's Groove,3,List 1A,List 1A #71,Marshall; Oregon; Utah,BAG'S GROOVE | Bag's Groove
Bb Rhythm Changes,1,,,Iowa,
Bean and the Boys,1,List 3,List 3 #8,Central Florida,
Beatrice,3,List 1B,List 1B #5,Iowa; Utah; Utah Valley,BEATRICE | Beatrice
Beautiful love,7,List 1B,List 1B #6,Alabama; Cal State Long Beach; Marshall; Oregon; Utah; Utah Valley; William Paterson,BEAUTIFUL LOVE | Beautiful Love | Beautiful love
Bebop,2,List 2,List 2 #6,Central Florida; Marshall,Be Bop | Bebop
BEMSHA SWING,1,List 2,List 2 #7,Utah,
BERNIE'S TUNE,1,List 2,List 2 #8,Utah,
Bessie's Blues,3,List 2,List 2 #94,Oregon; San Diego State; William Paterson,Bessie's Blues | Bessie’s Blues
Bewitched,1,List 5B,List 5B #9,Alabama,
Beyond All Limits,1,,,Cal State Long Beach,
Billie's Bounce,9,List 1A,List 1A #72,Cal State Long Beach; Marshall; Oregon; Sonoma State; Texas State; Utah; Utah Valley; Western Michigan; William Paterson,BILLIE'S BOUNCE | Billie's Bounce | Billie’s Bounce
Birk's Works,3,List 2,List 2 #109,Iowa; Oregon; Utah,BIRK'S WORKS | Birk's Works
Black Narcissus,2,List 3,List 3 #9,Utah; William Paterson,BLACK NARCISSUS | Black Narcissus
Black Orpheus,7,List 1A,List 1A #31,Alabama; Colorado Boulder; Oregon; Texas State; Utah; Utah Valley; William Paterson,BLACK ORPHEUS | Black Orpheus
Blood Count,1,List 3,List 3 #12,Cal State Long Beach,
Blue Bossa,11,List 1A,List 1A #6,Alabama; Cal State Long Beach; Colorado Boulder; Iowa; Marshall; Oregon; Sonoma State; Texas State; Utah; Utah Valley; William Paterson,BLUE BOSSA | Blue Bossa
Blue Daniel,1,,,Iowa,
Blue Friday,1,,,Oregon,
Blue In Green,1,List 2,List 2 #10,Cal State Long Beach,
Blue Monk,7,List 1A,List 1A #74,Iowa; Marshall; Oregon; Sonoma State; Utah; Utah Valley; William Paterson,BLUE MONK | Blue Monk
Blue Moon,1,List 5A,List 5A #4,Utah Valley,
Blue ‘N’ Green,1,,,William Paterson,
Blue Skies,2,List 5A,List 5A #5,Marshall; Utah,
Blue Train,3,List 1A,List 1A #84,Marshall; Oregon; William Paterson,Blue Train | Blue Trane
Blues for Alice,8,List 1A,List 1A #73,Cal State Long Beach; Colorado Boulder; Marshall; Oregon; San Diego State; Utah; Western Michigan; William Paterson,BLUES FOR ALICE | Blues For Alice | Blues for Alice
Blues for Wood,1,List 3,List 3 #118,William Paterson,
BLUES IN THE CLOSET,1,List 3,List 3 #93,Utah,
Blues March,1,List 2,List 2 #11,William Paterson,
Blues Walk,1,List 1A,List 1A #81,Colorado Boulder,
Bluesette,7,List 1B,List 1B #7,Cal State Long Beach; Colorado Boulder; Iowa; Marshall; Oregon; Utah; William Paterson,BLUESETTE | Bluesette
Body and Soul,11,List 1A,List 1A #8,Alabama; Cal State Long Beach; Colorado Boulder; Marshall; Oregon; Sonoma State; Texas State; Utah; Utah Valley; Western Michigan; William Paterson,BODY & SOUL | Body And Soul | Body and Soul
Bolivia,3,List 2,List 2 #9,Cal State Long Beach; Utah; William Paterson,BOLIVIA | Bolivia
BRIGHT SIZE LIFE,1,,,Utah,
Budo,1,List 3,List 3 #38,Central Florida,
But Beautiful,3,List 1B,List 1B #8,Alabama; Cal State Long Beach; William Paterson,
But Not for Me,6,List 1B,List 1B #9,Alabama; Cal State Long Beach; Marshall; Oregon; Utah; William Paterson,BUT NOT FOR ME | But Not For Me | But Not for Me
Bye Bye Blackbird,7,List 1A,List 1A #7,Alabama; Iowa; Oregon; Utah; Utah Valley; Western Michigan; William Paterson,BYE BYE BLACKBIRD | Bye Bye Blackbird
C Jam Blues,2,List 4,List 4 #90,Iowa; Utah,C Jam Blues | C-JAM BLUES
Cantaloupe Island,7,List 1A,List 1A #9,Iowa; Marshall; Oregon; Sonoma State; Texas State; Utah; Western Michigan,CANTALOUPE ISLAND | Cantaloupe Island
Caravan,5,List 1A,List 1A #10,Alabama; Marshall; Oregon; Utah; Utah Valley,CARAVAN | Caravan
Central Park West,1,List 3,List 3 #16,William Paterson,
Ceora,6,List 1B,List 1B #10,Cal State Long Beach; Central Florida; Iowa; Marshall; San Diego State; William Paterson,
Chega De Saudade,2,List 2,List 2 #50,Cal State Long Beach; Utah,CHEGA DE SAUDADE (NO MORE BLUES) | Chega De Saudade
Chelsea Bridge,2,List 4,List 4 #77,Cal State Long Beach; William Paterson,
Cherokee,11,List 1A,List 1A #11,Alabama; Cal State Long Beach; Iowa; Marshall; Oregon; San Diego State; Sonoma State; Texas State; Utah; Western Michigan; William Paterson,CHEROKEE | Cherokee
Cheryl,2,List 2,List 2 #100,Utah; William Paterson,CHERYL | Cheryl
CHI CHI,1,List 3,List 3 #98,Utah,
Clockwise,1,,,Cal State Long Beach,
Come Fly with Me,1,,,Alabama,
Come Rain or Come Shine,4,List 1B,List 1B #11,Alabama; Cal State Long Beach; Utah; William Paterson,COME RAIN OR COME SHINE | Come Rain Or Come Shine | Come Rain or Come Shine
Come Sunday,1,List 5A,List 5A #6,William Paterson,
Con Alma,2,List 2,List 2 #13,Utah; William Paterson,CON ALMA | Con Alma
Confirmation,9,List 1A,List 1A #12,Cal State Long Beach; Central Florida; Colorado Boulder; Marshall; Sonoma State; Texas State; Utah; Western Michigan; William Paterson,CONFIRMATION | Confirmation
Cookin at the Continental,2,,,Central Florida; Utah,COOKIN” at THE CONTINENTAL | Cookin at the Continental
Cool Blues,2,List 2,List 2 #101,Marshall; Utah,COOL BLUES | Cool Blues
Coral Keys,1,,,William Paterson,
Corcovado,6,List 1A,List 1A #13,Alabama; Cal State Long Beach; Marshall; Oregon; Texas State; Utah,CORCOVADO | Corcovado
Cottontail,4,List 1A,List 1A #89,Cal State Long Beach; Oregon; Utah; William Paterson,COTTONTAIL | Cottontail
Countdown,4,List 2,List 2 #14,Cal State Long Beach; Utah; Western Michigan; William Paterson,COUNTDOWN | Countdown
Crescent,1,List 3,List 3 #23,William Paterson,
Crystal Silence,1,,,William Paterson,
CYCLIC EPISODE,1,,,Utah,
Daahoud,3,List 2,List 2 #15,Cal State Long Beach; Central Florida; William Paterson,
DANCE CADAVEROUS,1,List 3,List 3 #25,Utah,
Dancing in the Dark,1,List 5C,List 5C #13,William Paterson,
Darn that Dream,5,List 5A,List 5A #9,Alabama; Cal State Long Beach; Oregon; Utah; William Paterson,DARN THAT DREAM | Darn That Dream | Darn that Dream
DAY BY DAY,1,List 5C,List 5C #14,Utah,
"Day In, Day Out",1,List 5C,List 5C #15,Alabama,
Day Waves,1,,,William Paterson,
Daydream,1,List 5B,List 5B #13,William Paterson,
Days of Wine and Roses,9,List 1A,List 1A #14,Alabama; Cal State Long Beach; Colorado Boulder; Marshall; Oregon; Texas State; Utah; Utah Valley; William Paterson,DAYS OF WINE AND ROSES | Days Of Wine And Roses | Days of Wine and Roses
Dearly Beloved,1,,,William Paterson,
Dedicated to You,1,,,William Paterson,
Deed I Do,1,List 5C,List 5C #16,Alabama,
Desafinado,4,List 1B,List 1B #12,Marshall; Utah Valley; Western Michigan; William Paterson,
Desifinado,2,,,Cal State Long Beach; Utah,DESIFINADO | Desifinado
Dexterity,3,List 2,List 2 #112,Marshall; Oregon; Utah,DEXTERITY | Dexterity
Dig,3,,,Central Florida; Utah; William Paterson,DIG | Dig
Dindi,2,List 5B,List 5B #15,Western Michigan; William Paterson,
Django,1,List 2,List 2 #17,William Paterson,
DO NOTHING TIL YOU HEAR FROM ME,1,,,Utah,
Dolphin Dance,5,List 1B,List 1B #13,Cal State Long Beach; San Diego State; Sonoma State; Utah; William Paterson,DOLPHIN DANCE | Dolphin Dance
Donna Lee,10,List 1A,List 1A #15,Cal State Long Beach; Central Florida; Colorado Boulder; Iowa; Marshall; Sonoma State; Utah; Utah Valley; Western Michigan; William Paterson,
Don’t Blame Me,2,List 5A,List 5A #11,Utah; William Paterson,DON'T BLAME ME | Don’t Blame Me
Don't Get Around Much Anymore,3,List 1B,List 1B #14,Cal State Long Beach; Oregon; Utah,DON'T GET AROUND MUCH ANYMORE | Don't Get Around Much Anymore
Doxy,8,List 1A,List 1A #16,Alabama; Cal State Long Beach; Iowa; Marshall; Oregon; Utah; Utah Valley; William Paterson,DOXY | Doxy
E. S. P.,3,List 2,List 2 #19,Cal State Long Beach; San Diego State; William Paterson,E. S. P. | E.S.P. | ESP
Early Autumn,1,List 5C,List 5C #18,William Paterson,
East of the sun,2,List 5A,List 5A #12,Utah; Utah Valley,EAST OF THE SUN | East of the sun
Easy Living,5,List 5A,List 5A #13,Alabama; Cal State Long Beach; Marshall; Utah; William Paterson,EASY LIVING | Easy Living
Easy to Love,2,List 5A,List 5A #14,Utah; William Paterson,EASY TO LOVE | Easy to Love
Ecaroh,1,,,Cal State Long Beach,
Eighty-One,1,List 2,List 2 #103,William Paterson,
Embraceable You,4,List 1B,List 1B #15,Alabama; Cal State Long Beach; Utah; William Paterson,EMBRACEABLE YOU | Embraceable You
Emily,4,List 5A,List 5A #15,Marshall; Oregon; Utah; William Paterson,EMILY | Emily
EPISTROPHY,1,List 2,List 2 #18,Utah,
Equinox,3,List 1A,List 1A #85,Oregon; Utah; William Paterson,EQUINOX | Equinox
Estate,2,List 5B,List 5B #17,Cal State Long Beach; Western Michigan,
Everything Happens to Me,2,List 5A,List 5A #16,Cal State Long Beach; William Paterson,Everything Happens To Me | Everything Happens to Me
Evidence,2,List 2,List 2 #20,Western Michigan; William Paterson,
Exactly Like You,1,List 4,List 4 #50,Cal State Long Beach,
Fall,1,List 3,List 3 #31,William Paterson,
Falling in Love With Love,2,List 5A,List 5A #18,Utah; William Paterson,FALLING IN LOVE WITH LOVE | Falling in Love With Love
Fee Fi Fo Fum,3,List 2,List 2 #21,Cal State Long Beach; Utah; William Paterson,FEE-FI-FO-FUM | Fee Fi Fo Fum
Fine and Dandy,1,List 5C,List 5C #21,Alabama,
Fine Romance,1,,,Alabama,
Firm Roots,2,List 3,List 3 #32,Utah; Western Michigan,FIRM ROOTS | Firm Roots
Five Hundred Miles High,1,,,San Diego State,
Footprints,6,List 1A,List 1A #86,Cal State Long Beach; Oregon; Sonoma State; Utah; Utah Valley; William Paterson,FOOTPRINTS | Footprints
Forest Flower,1,,,William Paterson,
Four,9,List 1A,List 1A #17,Alabama; Cal State Long Beach; Central Florida; Marshall; Oregon; Utah; Utah Valley; Western Michigan; William Paterson,FOUR | Four
Freddie the Freeloader,6,List 1A,List 1A #75,Cal State Long Beach; Marshall; Oregon; Sonoma State; Utah; William Paterson,FREDDIE FREELOADER | Freddie Freeloader | Freddie The Freeloader | Freddie the Freeloader
Freedom Jazz Dance,4,List 1B,List 1B #16,Central Florida; Oregon; Utah; William Paterson,FREEDOM JAZZ DANCE | Freedom Jazz Dance
FREIGHT TRANE,1,,,Utah,
FROM THIS MOMENT ON,1,List 5C,List 5C #25,Utah,
Georgia On My Mind,4,List 1B,List 1B #17,Alabama; Cal State Long Beach; Marshall; Oregon,Georgia | Georgia On My Mind
Ghost of a Chance,1,List 5A,List 5A #21,William Paterson,
Giant Steps,10,List 2,List 2 #24,Cal State Long Beach; Central Florida; Iowa; Marshall; San Diego State; Sonoma State; Texas State; Utah; Western Michigan; William Paterson,GIANT STEPS | Giant Steps
Gingerbread Boy,2,List 2,List 2 #104,Central Florida; William Paterson,
Girl From Impanema,1,,,Colorado Boulder,
Girl From Impanima,1,,,Iowa,
Gloria’s Step,1,List 3,List 3 #35,William Paterson,
GOD BLESS THE CHILD,1,List 5A,List 5A #22,Utah,
Gone With the Wind,1,List 1B,List 1B #18,William Paterson,
Good Bait (A section only),3,List 2,List 2 #25,Oregon; Utah; Utah Valley,GOOD BAIT | Good Bait | Good Bait (A section only)
Goodbye Porkpie Hat,1,List 3,List 3 #36,William Paterson,
Green Dolphin Street,3,,,Colorado Boulder; Oregon; William Paterson,
Gregory is Here,2,List 2,List 2 #26,San Diego State; William Paterson,Gregory Is Here | Gregory is Here
Groovin' High,7,List 1B,List 1B #19,Cal State Long Beach; Central Florida; Marshall; Oregon; Utah; Utah Valley; William Paterson,GROOVIN' HIGH | Groovin' High | Groovin’ High
Half Nelson,4,List 2,List 2 #28,Central Florida; Marshall; Utah; William Paterson,Half Nelson | Half-Nelson
Have You Met Miss Jones?,10,List 1A,List 1A #18,Alabama; Cal State Long Beach; Colorado Boulder; Marshall; Oregon; Sonoma State; Texas State; Utah; Utah Valley; William Paterson,HAVE YOU MET MISS JONES | Have You Met Miss Jones | Have You Met Miss Jones?
Hello Young Lovers,1,,,William Paterson,
Here's That Rainy Day,4,List 1A,List 1A #19,Alabama; Cal State Long Beach; Utah; William Paterson,HERE'S THAT RAINY DAY | Here's That Rainy Day | Here’s That Rainy Day
Hi-Fly,1,List 2,List 2 #29,William Paterson,
Honeysuckle Rose,4,List 1B,List 1B #20,Alabama; Cal State Long Beach; Oregon; Utah Valley,
Hot House,4,List 2,List 2 #30,Cal State Long Beach; Central Florida; Marshall; Utah,HOT HOUSE | Hot House
How Deep is the Ocean,5,List 1B,List 1B #21,Alabama; Oregon; Utah; Western Michigan; William Paterson,HOW DEEP IS THE OCEAN | How Deep Is the Ocean | How Deep is the Ocean
How High the Moon,6,List 1A,List 1A #20,Alabama; Marshall; Oregon; Utah; Utah Valley; William Paterson,How High The Moon | How High the Moon
How Insensitive,7,List 1B,List 1B #22,Cal State Long Beach; Marshall; Oregon; Sonoma State; Utah; Western Michigan; William Paterson,HOW INSENSITIVE | How Insensitive
How My Heart Sings,1,,,William Paterson,
I Can't Get Started,5,List 1B,List 1B #23,Alabama; Cal State Long Beach; Oregon; Utah; William Paterson,I CAN'T GET STARTED | I Can't Get Started | I Can’t Get Started
I Concentrate On You,2,List 5B,List 5B #22,Utah; William Paterson,I CONCENTRATE ON YOU | I Concentrate On You
I Could Write A Book,3,List 5B,List 5B #23,Oregon; Utah; William Paterson,I COULD WRITE A BOOK | I Could Write A Book
I Cover the Waterfront,1,List 5A,List 5A #26,Alabama,
I Didn’t Know What Time It Was,1,List 5A,List 5A #27,William Paterson,
I Fall in Love Too Easily,1,List 5A,List 5A #28,Marshall,
I Got Rhythm,3,List 1A,List 1A #90,Alabama; Utah; William Paterson,I GOT RHYTHM | I Got Rhythm
I Hear a Rhapsody,4,List 1B,List 1B #24,Cal State Long Beach; Iowa; Utah; William Paterson,I HEAR A RHAPSODY | I Hear A Rhapsody | I Hear a Rhapsody
I Let A Song Go Out of,1,,,William Paterson,
I Love You,8,List 1A,List 1A #21,Alabama; Cal State Long Beach; Marshall; Oregon; Texas State; Utah; Utah Valley; William Paterson,I LOVE YOU | I Love You
I Mean You,3,List 2,List 2 #31,Marshall; San Diego State; Utah,I MEAN YOU | I Mean You
I Remember April,1,,,William Paterson,
I Remember Clifford,2,List 2,List 2 #32,Marshall; William Paterson,
I Remember You,3,List 1B,List 1B #25,Marshall; Utah; William Paterson,I REMEMBER YOU | I Remember You
I Should Care,5,List 5A,List 5A #32,Alabama; Cal State Long Beach; Marshall; Utah; William Paterson,I SHOULD CARE | I Should Care
I THOUGHT ABOUT YOU,1,List 5A,List 5A #34,Utah,
If I Should Lose You,2,List 5A,List 5A #36,Utah; Western Michigan,IF I SHOULD LOSE YOU | If I Should Lose You
If I Were A Bell,2,List 2,List 2 #33,Utah; William Paterson,IF I WERE A BELL | If I Were A Bell
If You Could See Me Now,1,List 5A,List 5A #37,William Paterson,
I’ll Be Around,1,List 5C,List 5C #35,William Paterson,
I'll Remember April,6,List 1B,List 1B #26,Alabama; Cal State Long Beach; Marshall; Oregon; Texas State; Utah,I'LL REMEMBER APRIL | I'll Remember April
I'm Getting Sentimental Over You,2,,,San Diego State; Utah,I'M GETTING SENTIMENTAL OVER YOU | I'm Getting Sentimental Over You
I'm Old Fashioned,1,List 5B,List 5B #29,Cal State Long Beach,
Imagination,1,List 5B,List 5B #34,William Paterson,
Impressions,8,List 1A,List 1A #22,Cal State Long Beach; Central Florida; Marshall; Oregon; Texas State; Utah; Utah Valley; William Paterson,IMPRESSIONS | Impressions
In a Mellow Tone,7,List 4,List 4 #79,Alabama; Cal State Long Beach; Iowa; Marshall; Oregon; Utah; William Paterson,IN A MELLOW TONE | In A Mellotone | In A Mellow Tone | In a Mellow Tone
In a Sentimental Mood,9,List 1A,List 1A #23,Alabama; Cal State Long Beach; Colorado Boulder; Marshall; Oregon; San Diego State; Texas State; Utah; William Paterson,IN A SENTIMENTAL MOOD | In A Sentimental Mood | In a Sentimental Mood
In The Wee Small Hours of the Morning,1,List 5B,List 5B #35,Marshall,
In Walked Bud,2,List 2,List 2 #34,Cal State Long Beach; Utah,
In Your Own Sweet Way,3,List 1B,List 1B #27,San Diego State; Utah; William Paterson,IN YOUR OWN SWEET WAY | In Your Own Sweet Way
Inchworm,1,,,William Paterson,
Indiana,4,List 4,List 4 #39,Cal State Long Beach; Oregon; Utah; Utah Valley,
Infant Eyes,2,List 2,List 2 #35,Cal State Long Beach; Iowa,
Inner Urge,3,List 2,List 2 #36,Cal State Long Beach; Western Michigan; William Paterson,
Interplay,2,,,Oregon; William Paterson,
Intrepid Fox,1,,,William Paterson,
Invitation,5,List 1A,List 1A #24,Cal State Long Beach; Oregon; Utah; Utah Valley; William Paterson,INVITATION | Invitation
Iris,1,,,William Paterson,
Isfahan,2,List 2,List 2 #37,San Diego State; Sonoma State,
Isn’t It Romantic,1,List 5B,List 5B #36,William Paterson,
Isotope,1,List 3,List 3 #102,William Paterson,
Israel,2,List 3,List 3 #122,Oregon; William Paterson,
It Could Happen to You,6,List 1A,List 1A #25,Cal State Long Beach; Marshall; Utah; Utah Valley; Western Michigan; William Paterson,IT COULD HAPPEN TO YOU | It Could Happen To You | It Could Happen to You
It Don't Mean A Thing,3,List 4,List 4 #80,Cal State Long Beach; Utah; William Paterson,IT DON'T MEAN A THING | It Don't Mean A Thing | It Don’t Mean A Thing
It Had to be You,1,List 5A,List 5A #38,William Paterson,
It Might As Well Be Spring,2,List 5A,List 5A #39,Utah; William Paterson,IT MIGHT AS WELL BE SPRING | It Might As Well Be Spring
IT NEVER ENTERED MY MIND,1,List 5A,List 5A #40,Utah,
It's You or No One,5,List 1B,List 1B #28,Cal State Long Beach; Oregon; Utah; Utah Valley; William Paterson,IT'S YOU OR NO ONE | It's You Or No One | It's You or No One | It’s You Or No One
I've Got Rhythm,2,,,Marshall; Oregon,
I'VE GOT THE WORLD ON A STRING,1,List 5B,List 5B #31,Utah,
JEANINE,1,,,Utah,
Jeannine,1,List 3,List 3 #41,Iowa,
Jitterbug Waltz,2,List 4,List 4 #19,Oregon; William Paterson,
"Jody Grind, The",2,,,Oregon; William Paterson,"Jody Grind, The | The Jody Grind"
Jordu,4,List 2,List 2 #38,Cal State Long Beach; Central Florida; Utah; William Paterson,JORDU | Jordu
Joshua,3,List 3,List 3 #42,Cal State Long Beach; Utah; William Paterson,JOSHUA | Joshua
Joyspring,8,List 1A,List 1A #26,Cal State Long Beach; Central Florida; Iowa; Marshall; Texas State; Utah; Utah Valley; William Paterson,JOY SPRING | Joy Spring | Joyspring
JuJu,2,List 2,List 2 #39,Oregon; Utah,JU-JU | JuJu
Jumpin’ With Symphony Sid,1,,,William Paterson,
Just Friends (F and G),8,List 1A,List 1A #27,Alabama; Cal State Long Beach; Marshall; Sonoma State; Texas State; Utah; Utah Valley; William Paterson,JUST FRIENDS | Just Friends | Just Friends (F and G)
JUST IN TIME,1,List 5B,List 5B #39,Utah,
Just One Of Those Things,2,List 5A,List 5A #41,Cal State Long Beach; Utah,JUST ONE OF THOSE THINGS | Just One Of Those Things
Killer Joe,7,List 1B,List 1B #29,Cal State Long Beach; Iowa; Oregon; Sonoma State; Utah; Utah Valley; William Paterson,KILLER JOE | Killer Joe
Lady Be Good,2,,,Cal State Long Beach; William Paterson,
Ladybird,11,List 2,List 2 #40,Alabama; Cal State Long Beach; Colorado Boulder; Iowa; Marshall; Oregon; San Diego State; Sonoma State; Utah; Utah Valley; William Paterson,Lady Bird | Ladybird
Lament,1,List 3,List 3 #45,William Paterson,
Lament For Booker,1,,,Cal State Long Beach,
Laura,3,List 1B,List 1B #30,Alabama; Western Michigan; William Paterson,
Lazy Bird,3,List 2,List 2 #41,Cal State Long Beach; Oregon; William Paterson,
Lennie's Pennies,1,,,San Diego State,
Lester Leaps In,4,List 4,List 4 #98,Cal State Long Beach; Oregon; Utah; William Paterson,LESTER LEAPS IN | Lester Leaps In
Let’s Fall in Love,1,,,William Paterson,
Like Someone in Love,4,List 1A,List 1A #28,Alabama; Cal State Long Beach; Utah; William Paterson,LIKE SOMEONE IN LOVE | Like Someone In Love | Like Someone in Love
Litha,1,,,William Paterson,
Little B’s Poem,1,List 2,List 2 #42,William Paterson,
Little Girl Blue,1,List 5B,List 5B #40,William Paterson,
LITTLE MELONAE,1,,,Utah,
Little Sunflower,4,List 1A,List 1A #29,Alabama; Cal State Long Beach; Utah; Utah Valley,LITTLE SUNFLOWER | Little Sunflower
Little Willie Leaps,2,List 3,List 3 #46,Central Florida; Marshall,
LONG AGO AND FAR AWAY,1,,,Utah,
LOTUS BLOSSOM,1,List 5B,List 5B #41,Utah,
Love for Sale,5,List 1B,List 1B #31,Alabama; Cal State Long Beach; Iowa; Utah; Western Michigan,LOVE FOR SALE | Love For Sale | Love for Sale
Love Walked In,1,List 5C,List 5C #44,William Paterson,
Lover,2,List 5B,List 5B #43,Cal State Long Beach; Utah,LOVER | Lover
Lover Come Back To Me,1,List 5A,List 5A #42,Cal State Long Beach,
Lover Man,5,List 5A,List 5A #43,Alabama; Oregon; Utah; Utah Valley; William Paterson,LOVER MAN | Lover Man
Lullaby of Birdland,1,List 1B,List 1B #33,Alabama,
LULLABYE OF BIRDLAND,1,,,Utah,
Lush Life,2,List 5B,List 5B #44,Cal State Long Beach; William Paterson,
Mahjong,1,,,San Diego State,
Maiden Voyage,9,List 1A,List 1A #30,Cal State Long Beach; Marshall; Oregon; San Diego State; Sonoma State; Utah; Utah Valley; Western Michigan; William Paterson,MAIDEN VOYAGE | Maiden Voyage
Make Someone Happy,1,,,William Paterson,
Meditation,3,List 1B,List 1B #35,Cal State Long Beach; Utah; William Paterson,MEDITATION | Meditation
"Mercy, Mercy",1,,,William Paterson,
"Mercy, Mercy, Mercy",3,List 1A,List 1A #32,Texas State; Utah; Utah Valley,"MERCY, MERCY, MERCY | Mercy Mercy Mercy | Mercy, Mercy, Mercy"
Midnight Sun,1,List 5C,List 5C #46,William Paterson,
Milestones (old),5,List 1A,List 1A #33,Cal State Long Beach; Central Florida; Utah; Western Michigan; William Paterson,MILESTONES | Milestones | Milestones (New) | Milestones (Old) | Milestones (old)
Minority,3,List 2,List 2 #43,Cal State Long Beach; Utah Valley; William Paterson,
Misty,6,List 1A,List 1A #34,Alabama; Colorado Boulder; Texas State; Utah; Utah Valley; William Paterson,MISTY | Misty
Misty/I Want to Talk About You,1,,,Oregon,
Moanin',1,List 1B,List 1B #36,Alabama,
Moment's Notice,6,List 1A,List 1A #35,Cal State Long Beach; Central Florida; Oregon; San Diego State; Utah; William Paterson,MOMENT'S NOTICE | Moment's Notice | Moments Notice | Moment’s Notice
Monk's Dream,2,List 2,List 2 #44,Utah; Western Michigan,MONK'S DREAM | Monk's Dream
MONK'S MOOD,1,List 2,List 2 #45,Utah,
Mood Indigo,2,List 5A,List 5A #47,Utah; William Paterson,MOOD INDIGO | Mood Indigo
Moon Germs,1,,,William Paterson,
Moontrane,1,List 2,List 2 #73,Cal State Long Beach,
Moose the Mooch,1,,,Marshall,
Moose the Mooche,3,List 1A,List 1A #91,Oregon; Utah; William Paterson,MOOSE THE MOOCHE | Moose the Mooche
More Than You Know,1,List 5B,List 5B #46,William Paterson,
Move,1,List 2,List 2 #114,William Paterson,
Mr. P. C.,9,List 1A,List 1A #87,Cal State Long Beach; Iowa; Marshall; Oregon; San Diego State; Texas State; Utah; Utah Valley; William Paterson,MR. P.C. | Mr. P. C. | Mr. P.C. | Mr. PC
My Favorite Things,3,List 1A,List 1A #36,Marshall; Utah; William Paterson,MY FAVORITE THINGS | My Favorite Things
My Favorite Tings,1,,,Cal State Long Beach,
My Foolish Heart,5,List 5A,List 5A #49,Alabama; Colorado Boulder; Marshall; Utah; William Paterson,MY FOOLISH HEART | My Foolish Heart
My funny valentine,6,List 1A,List 1A #37,Alabama; Cal State Long Beach; Marshall; Utah; Utah Valley; William Paterson,MY FUNNY VALENTINE | My Funny Valentine | My funny valentine
My Little Boat,1,,,William Paterson,
MY LITTLE SUEDE SHOES,1,List 2,List 2 #46,Utah,
My Old Flame,2,List 5A,List 5A #50,Utah; William Paterson,MY OLD FLAME | My Old Flame
My One and Only Love,5,List 1B,List 1B #37,Alabama; Cal State Long Beach; Colorado Boulder; Utah; William Paterson,MY ONE AND ONLY LOVE | My One And Only Love | My One and Only Love
My romance,7,List 1A,List 1A #38,Alabama; Cal State Long Beach; Colorado Boulder; Oregon; Utah; Utah Valley; William Paterson,MY ROMANCE | My Romance | My romance
My Secret Love,4,List 5A,List 5A #59,Alabama; Cal State Long Beach; Utah; William Paterson,My Secret Love | SECRET LOVE | Secret Love
My Shining Hour,2,List 1B,List 1B #38,Cal State Long Beach; Utah,MY SHINING HOUR | My Shining Hour
My Ship,2,List 5B,List 5B #48,Utah; William Paterson,MY SHIP | My Ship
Naima,3,List 2,List 2 #47,Cal State Long Beach; Utah; William Paterson,NAIMA | Naima
Nancy,1,List 5C,List 5C #48,William Paterson,
Nardis,4,List 1A,List 1A #39,Cal State Long Beach; Utah; Utah Valley; William Paterson,NARDIS | Nardis
"Nearness of You, The",5,List 5A,List 5A #72,Alabama; Marshall; Oregon; Utah; William Paterson,"NEARNESS OF YOU, THE | Nearness of You, The | The Nearness of You"
Nefertiti,3,List 2,List 2 #48,Cal State Long Beach; San Diego State; William Paterson,
Never Will I Marry,1,,,William Paterson,
Nica's dream,4,List 1B,List 1B #39,Cal State Long Beach; Utah; Utah Valley; William Paterson,NICA'S DREAM | Nica's Dream | Nica's dream | Nica’s Dream
Night and Day,8,List 1A,List 1A #40,Alabama; Cal State Long Beach; Iowa; Oregon; Texas State; Utah; Utah Valley; William Paterson,NIGHT AND DAY | Night And Day | Night and Day
Night Dreamer,1,List 3,List 3 #52,William Paterson,
NIGHT HAS 1000 EYES,1,,,Utah,
Now's the Time,9,List 1A,List 1A #76,Colorado Boulder; Iowa; Marshall; Oregon; Texas State; Utah; Utah Valley; Western Michigan; William Paterson,NOW'S THE TIME | Now's The Time | Now's the Time | Now’s the Time
Nutville,1,,,William Paterson,
OFF MINOR,1,List 2,List 2 #51,Utah,
OH LADY BE GOOD,1,List 2,List 2 #52,Utah,
OLD DEVIL MOON,1,List 5B,List 5B #49,Utah,
Old Folks,3,List 5A,List 5A #53,Marshall; Utah; William Paterson,OLD FOLKS | Old Folks
OLD MILESTONES,1,,,Utah,
Oleo,10,List 1A,List 1A #92,Cal State Long Beach; Central Florida; Colorado Boulder; Marshall; Oregon; Texas State; Utah; Utah Valley; Western Michigan; William Paterson,OLEO | Oleo
On A Clear Day,1,List 5A,List 5A #54,Alabama,
On Green Dolphin Street (C and Eb),6,List 1A,List 1A #42,Alabama; Cal State Long Beach; Marshall; Texas State; Utah; Utah Valley,ON GREEN DOLPHIN STREET | On Green Dolphin Street | On Green Dolphin Street (C and Eb)
On the Sunny Side of the Street,1,List 4,List 4 #55,Marshall,
On the Trail,1,,,William Paterson,
Once I Loved,4,List 5A,List 5A #55,Cal State Long Beach; Oregon; Utah; William Paterson,ONCE I LOVED | Once I Loved
One Finger Snap,3,List 3,List 3 #57,Oregon; Utah; William Paterson,ONE FINGER SNAP | One Finger Snap | One-Finger Snap
One for Amos,1,,,William Paterson,
One For Daddy-O,1,,,Oregon,
One Note Samba,2,List 1B,List 1B #40,Utah; William Paterson,ONE NOTE SAMBA | One Note Samba
Orinthology,1,,,Cal State Long Beach,
Ornithology,7,List 1A,List 1A #43,Central Florida; Colorado Boulder; Marshall; Utah; Utah Valley; Western Michigan; William Paterson,
Our Love is Here to Stay,4,List 1B,List 1B #32,Alabama; Cal State Long Beach; Utah; William Paterson,OUR LOVE IS HERE TO STAY | Our Love Is Here To Stay | Our Love is Here to Stay
Out of Nowhere,7,List 1A,List 1A #44,Alabama; Cal State Long Beach; Marshall; Oregon; Utah; Utah Valley; William Paterson,OUT OF NOWHERE | Out Of Nowhere | Out of Nowhere
Over the Rainbow,2,List 1B,List 1B #41,Utah; William Paterson,OVER THE RAINBOW | Over the Rainbow
Pannonica,2,List 2,List 2 #54,Cal State Long Beach; Utah,PANNONICA | Pannonica
Parisian Thoroughfare,1,List 3,List 3 #59,Central Florida,
Passion Dance,1,List 2,List 2 #55,William Paterson,
Peace (Horace Silver),3,List 2,List 2 #56,Sonoma State; Utah; William Paterson,PEACE | Peace | Peace (Horace Silver)
Pensativa,1,List 3,List 3 #60,William Paterson,
Pent Up House,3,List 2,List 2 #57,San Diego State; Utah; William Paterson,PENT-UP HOUSE | Pent Up House
Perdido,3,List 4,List 4 #56,Cal State Long Beach; Marshall; Oregon,
PHASE DANCE,1,,,Utah,
Pinocchio,1,List 3,List 3 #61,William Paterson,
Polkadots and Moonbeams,1,List 1B,List 1B #42,Marshall,
Poor Butterfly,1,,,William Paterson,
Prancing,1,,,William Paterson,
Preacher,2,List 2,List 2 #75,Utah; William Paterson,Preacher | THE PREACHER
Prelude to a Kiss,4,List 5A,List 5A #57,Cal State Long Beach; Utah; Western Michigan; William Paterson,PRELUDE TO A KISS | Prelude To A Kiss | Prelude to a Kiss
Prince Albert,1,List 3,List 3 #62,Central Florida,
Program,1,,,William Paterson,
QUESTION & ANSWER,1,,,Utah,
Quicksilver,2,List 3,List 3 #64,Cal State Long Beach; William Paterson,
Quiet Nights,1,,,William Paterson,
Rain Waltz,1,,,San Diego State,
Recordame,8,List 1A,List 1A #45,Cal State Long Beach; Iowa; Marshall; Oregon; Texas State; Utah; Utah Valley; William Paterson,RECORDA ME | RECORDAME | Recorda Me | Recorda-Me | Recordame
Red Clay,2,List 2,List 2 #59,Utah; William Paterson,RED CLAY | Red Clay
Reincarnation of a Love Bird,1,,,San Diego State,
RELAXIN' AT CAMARILLO,1,List 3,List 3 #110,Utah,
Remember Rockefeller at Attica,1,,,San Diego State,
Rhythm-A-Ning,3,List 1A,List 1A #93,Marshall; Utah; William Paterson,RHYTHM-A-NING | Rhythm-A-Ning
Room 608,3,List 3,List 3 #137,Cal State Long Beach; Central Florida; William Paterson,
'Round Midnight (Monk changes),8,List 1A,List 1A #46,Alabama; Cal State Long Beach; Iowa; Oregon; Sonoma State; Texas State; Utah; William Paterson,'ROUND MIDNIGHT | 'Round Midnight | 'Round Midnight (Monk changes) | Round Midnight
ROUTE 66,1,List 5C,List 5C #51,Utah,
"RUBY, MY DEAR",1,List 2,List 2 #60,Utah,
Sail Away,2,List 3,List 3 #67,Cal State Long Beach; Utah,SAIL AWAY | Sail Away
Salt Peanuts,1,List 2,List 2 #116,Oregon,
Samba de Orfeo,1,,,Western Michigan,
Sandu,4,List 1A,List 1A #77,Marshall; San Diego State; Utah; Utah Valley,SANDU | Sandu
Satin Doll,8,List 1A,List 1A #47,Alabama; Iowa; Marshall; Oregon; Texas State; Utah Valley; Western Michigan; William Paterson,
Scrapple from the Apple,6,List 1B,List 1B #43,Cal State Long Beach; Central Florida; Marshall; Oregon; Utah; William Paterson,SCRAPPLE FROM THE APPLE | Scrapple From The Apple | Scrapple from the Apple
Sea Journey,1,,,William Paterson,
Segment,1,,,Oregon,
Seven Steps to Heaven,6,List 2,List 2 #62,Cal State Long Beach; Marshall; Oregon; Utah; Western Michigan; William Paterson,SEVEN STEPS TO HEAVEN | Seven Steps To Heaven | Seven Steps to Heaven
Shaw Nuff,2,List 2,List 2 #63,Utah; William Paterson,SHAW NUFF | Shaw Nuff
Silver's Serenade,2,,,San Diego State; William Paterson,Silver's Serenade | Silver’s Serenade
Sippin' at Bells,1,List 3,List 3 #111,Central Florida,
Sister Sadie,1,List 2,List 2 #65,William Paterson,
SKY DIVE,1,,,Utah,
Skylark,5,List 5A,List 5A #60,Alabama; Cal State Long Beach; Utah; Western Michigan; William Paterson,SKYLARK | Skylark
"Slowly Gone, Bygone",1,,,William Paterson,
So What,10,List 1A,List 1A #48,Alabama; Cal State Long Beach; Iowa; Marshall; Oregon; Sonoma State; Texas State; Utah; Western Michigan; William Paterson,SO WHAT | So What
"Softly, as in a Morning Sunrise",9,List 1A,List 1A #49,Alabama; Cal State Long Beach; Central Florida; Marshall; Oregon; Texas State; Utah; Utah Valley; William Paterson,"SOFTLY, AS IN A MORNING SUNRISE | Softly As in a Morning Sunrise | Softly as in a Morning Sunrise | Softly, As In A Morning Sunrise | Softly, as in a Morning Sunrise"
Solar,7,List 1A,List 1A #50,Alabama; Cal State Long Beach; Marshall; Oregon; Utah; Utah Valley; William Paterson,SOLAR | Solar
Solid,1,List 3,List 3 #112,William Paterson,
Solitude,1,List 5A,List 5A #63,Alabama,
Some Other Blues,1,List 3,List 3 #113,William Paterson,
Some Other Time,1,List 5C,List 5C #54,William Paterson,
Someday My Prince Will Come,10,List 1A,List 1A #51,Cal State Long Beach; Colorado Boulder; Iowa; Marshall; Oregon; Sonoma State; Texas State; Utah; Utah Valley; William Paterson,SOMEDAY MY PRINCE WILL COME | Some Day My Prince Will Come | Someday My Prince Will Come
Song for My Father,7,List 1A,List 1A #52,Cal State Long Beach; Iowa; Oregon; Sonoma State; Utah; Utah Valley; William Paterson,SONG FOR MY FATHER | Song For My Father | Song for My Father
"Song Is You, The",3,List 1B,List 1B #51,Cal State Long Beach; Utah; William Paterson,"SONG IS YOU, THE | Song Is You, The | The Song Is You"
Sonnymoon for Two,6,List 1A,List 1A #78,Marshall; Oregon; Texas State; Utah; Utah Valley; William Paterson,SONNYMOON FOR TWO | Sonnymoon for Two
Sophisticated Lady,4,List 1B,List 1B #44,Alabama; Cal State Long Beach; Utah; Western Michigan,SOPHISTICATED LADY | Sophisticated Lady
SPAIN,1,List 2,List 2 #67,Utah,
Speak Low,3,List 1B,List 1B #45,Cal State Long Beach; Oregon; Utah,SPEAK LOW | Speak Low
Speak No Evil,2,List 2,List 2 #68,Cal State Long Beach; Utah,SPEAK NO EVIL | Speak No Evil
Spring Can Really Hang You Up the Most,1,List 5A,List 5A #65,William Paterson,
Spring Is Here,2,List 5A,List 5A #66,Cal State Long Beach; William Paterson,
St. Thomas,7,List 1A,List 1A #53,Cal State Long Beach; Iowa; Marshall; Oregon; Utah; Utah Valley; William Paterson,ST. THOMAS | St. Thomas
Stablemates,4,List 2,List 2 #69,Cal State Long Beach; Marshall; Utah; William Paterson,STABLEMATES | Stablemates
Star Eyes,3,List 1B,List 1B #46,Cal State Long Beach; Utah; William Paterson,STAR EYES | Star Eyes
Star-Crossed Lovers,1,List 4,List 4 #87,William Paterson,
Stardust,4,List 4,List 4 #22,Alabama; Cal State Long Beach; Utah; William Paterson,STARDUST | Star Dust | Stardust
Stars Fell On Alabama,1,,,William Paterson,
STEEPLECHASE,1,List 3,List 3 #139,Utah,
Stella by Starlight,11,List 1A,List 1A #54,Alabama; Cal State Long Beach; Colorado Boulder; Marshall; Oregon; Sonoma State; Texas State; Utah; Utah Valley; Western Michigan; William Paterson,STELLA BY STARLIGHT | Stella By Starlight | Stella by Starlight
Steps,1,,,William Paterson,
Stolen Moments,3,List 1B,List 1B #47,Cal State Long Beach; Oregon; William Paterson,
Stompin' at the Savoy,2,List 4,List 4 #58,Alabama; William Paterson,Stompin' at the Savoy | Stompin’ at the Savoy
"Straight, No Chaser",7,List 1A,List 1A #79,Alabama; Iowa; Oregon; Texas State; Utah; Utah Valley; William Paterson,"STRAIGHT NO CHASER | Straight No Chaser | Straight, No Chaser"
Strollin',3,List 2,List 2 #70,San Diego State; Utah; William Paterson,STROLLIN' | Strollin' | Strollin’
Sugar,4,List 2,List 2 #71,Oregon; Utah; Utah Valley; William Paterson,SUGAR | Sugar
Summertime,10,List 1A,List 1A #55,Alabama; Iowa; Marshall; Oregon; Sonoma State; Texas State; Utah; Utah Valley; Western Michigan; William Paterson,SUMMERTIME | Summertime
Sweet and Lovely,1,,,San Diego State,
Sweet Georgia Brown,4,List 4,List 4 #59,Alabama; Oregon; Utah; William Paterson,
Take Five,2,List 1B,List 1B #48,Sonoma State; Utah,TAKE FIVE | Take Five
Take the 'A' Train,12,List 1A,List 1A #56,Alabama; Cal State Long Beach; Iowa; Marshall; Oregon; San Diego State; Sonoma State; Texas State; Utah; Utah Valley; Western Michigan; William Paterson,TAKE THE “A” TRAIN | Take The A Train | Take the 'A' Train | Take the A Train | Take the “A” Train
TAKE THE COLTRANE,1,List 3,List 3 #114,Utah,
Tangerine,1,List 2,List 2 #72,William Paterson,
Tenderly,4,List 5A,List 5A #69,Alabama; Cal State Long Beach; Western Michigan; William Paterson,
Tenor Madness,7,List 1A,List 1A #80,Iowa; Marshall; Oregon; Texas State; Utah; Utah Valley; William Paterson,TENOR MADNESS | Tenor Madness
That Old Devil Moon,1,,,Cal State Long Beach,
The Eternal Triangle,3,List 2,List 2 #115,Oregon; Utah; Western Michigan,"ETERNAL TRIANGLE, THE | Eternal Triangle | The Eternal Triangle"
The Gentle Rain,3,List 3,List 3 #78,Alabama; San Diego State; William Paterson,Gentle Rain | The Gentle Rain
The Girl from Ipanema,9,List 1A,List 1A #57,Alabama; Cal State Long Beach; Marshall; Oregon; Texas State; Utah; Utah Valley; Western Michigan; William Paterson,"GIRL FROM IPANEMA, THE | Girl From Ipanema | Girl from Ipanema | The Girl from Ipanema"
The Girl From lpanema,1,,,Sonoma State,
The Lamp is Low,1,,,San Diego State,
THE LITTLE BOAT,1,,,Utah,
The Man I Love,1,List 5A,List 5A #71,Alabama,
(The) More I See You,1,List 5B,List 5B #61,William Paterson,
The Night Has A Thousand Eyes,1,List 1B,List 1B #49,Oregon,
The Shadow of Your Smile,3,List 1B,List 1B #50,Alabama; Cal State Long Beach; William Paterson,Shadow Of Your Smile | Shadow of Your Smile | The Shadow of Your Smile
The Sidewinder,3,List 2,List 2 #64,Iowa; Utah; William Paterson,Sidewinder | THE SIDEWINDER | The Sidewinder
THE TOUCH OF YOUR LIPS,1,List 5C,List 5C #60,Utah,
The Way You Look Tonight,4,List 5A,List 5A #73,Alabama; Cal State Long Beach; Utah; Western Michigan,"The Way You Look Tonight | WAY YOU LOOK TONIGHT, THE | Way You Look Tonight"
There Is No Grater Love,1,,,Texas State,
There is No Greater Love,8,List 1A,List 1A #58,Alabama; Cal State Long Beach; Marshall; Oregon; San Diego State; Utah; Utah Valley; William Paterson,THERE IS NO GREATER LOVE | There Is No Greater Love | There is No Greater Love
There Will Never be Another You,9,List 1A,List 1A #59,Alabama; Cal State Long Beach; Marshall; Oregon; San Diego State; Texas State; Utah; Utah Valley; William Paterson,THERE WILL NEVER BE ANOTHER YOU | There Will Never Be Another You | There Will Never be Another You
They Can’t Take That Away…,1,,,William Paterson,
THINGS AIN'T WHAT THEY USED TO BE,1,List 1A,List 1A #82,Utah,
Things We Did Last Summer,1,,,William Paterson,
Think On Me,1,,,William Paterson,
This I Dig of You,1,List 2,List 2 #76,Iowa,
Time Remembered,1,,,William Paterson,
Tone for Jones Bones,1,,,William Paterson,
Tones for Joan's Bones,2,List 3,List 3 #82,San Diego State; Utah,TONES FOR JOAN'S BONES | Tones for Joan's Bones
Too Young to Go Steady,1,,,William Paterson,
Tricotism,2,List 3,List 3 #83,Central Florida; Iowa,
Triste,4,List 1B,List 1B #52,Cal State Long Beach; Colorado Boulder; Marshall; William Paterson,
Tune Up (faster),7,List 1A,List 1A #60,Cal State Long Beach; Marshall; Oregon; San Diego State; Utah; Utah Valley; William Paterson,TUNE UP | Tune Up | Tune Up (faster)
Turn Out the Stars,1,,,William Paterson,
Unit 7,1,List 2,List 2 #80,William Paterson,
University Jazz Studies,1,,,William Paterson,
Unless it's You (a.k.a. Orbit),1,,,San Diego State,
Up Jumped Spring,6,List 2,List 2 #82,Colorado Boulder; Marshall; Oregon; Sonoma State; Utah; Western Michigan,UP JUMPED SPRING | Up Jumped Spring
Valse Hot,1,List 3,List 3 #87,Marshall,
Very Early,3,List 3,List 3 #88,Cal State Long Beach; Western Michigan; William Paterson,
Vierd Blues,2,List 3,List 3 #116,Central Florida; William Paterson,
Voyage,2,List 3,List 3 #89,Oregon; Utah,VOYAGE | Voyage
Walkin',3,List 1A,List 1A #83,Oregon; Utah; William Paterson,WALKIN' | Walkin' | Walkin’
Waltz for Debby,1,List 2,List 2 #83,William Paterson,
Watch What Happens,2,List 5B,List 5B #66,Utah; William Paterson,WATCH WHAT HAPPENS | Watch What Happens
Watermelon Man,5,List 1A,List 1A #61,Iowa; Marshall; Oregon; Utah; Utah Valley,WATERMELON MAN | Watermelon Man
Wave,8,List 1A,List 1A #62,Alabama; Cal State Long Beach; Colorado Boulder; Marshall; Texas State; Utah; Utah Valley; William Paterson,WAVE | Wave
Webb City,1,,,William Paterson,
Well You Needn't,4,List 1A,List 1A #63,Cal State Long Beach; Iowa; Utah; William Paterson,"WELL, YOU NEEDN'T | Well You Needn't | Well You Needn’t"
West Coast Blues,3,List 2,List 2 #84,Cal State Long Beach; Marshall; Utah,WEST COAST BLUES | West Coast Blues
What A Difference A Day..,1,,,William Paterson,
What Are You Doing the Rest of Your Life?,1,,,William Paterson,
What is this Thing Called Love,10,List 1A,List 1A #64,Alabama; Cal State Long Beach; Marshall; Oregon; San Diego State; Sonoma State; Texas State; Utah; Utah Valley; William Paterson,WHAT IS THIS THING CALLED LOVE | What Is This Thing Called Love | What Is This Thing Called Love? | What is This Thing Called Love | What is This Thing Called Love? | What is this Thing Called Love
What's New?,4,List 5A,List 5A #78,Alabama; Colorado Boulder; Oregon; William Paterson,What's New | What's New? | What’s New?
When I Fall In Love,4,List 5B,List 5B #69,Alabama; Marshall; Oregon; William Paterson,
When Lights are Low,1,List 2,List 2 #85,San Diego State,
When Sunny Gets Blue,1,List 5B,List 5B #70,William Paterson,
Whisper Not,4,List 2,List 2 #86,San Diego State; Utah; Utah Valley; William Paterson,WHISPER NOT | Whisper Not
Willow Weep for Me,1,List 5A,List 5A #79,William Paterson,
Windows,2,List 2,List 2 #87,Utah; William Paterson,WINDOWS | Windows
Witchhunt,3,List 2,List 2 #88,Oregon; Utah; William Paterson,WITCH HUNT | Witch Hunt | Witchhunt
Without A Song,2,List 2,List 2 #89,Utah; William Paterson,WITHOUT A SONG | Without A Song
Woody n' You,4,List 2,List 2 #90,Central Florida; Marshall; Utah; William Paterson,WOODY 'N YOU | Woody 'N' You | Woody n' You | Woody ‘N’ You
Work Song,2,List 1A,List 1A #65,Oregon; Utah Valley,
Yardbird Suite,6,List 1B,List 1B #53,Cal State Long Beach; Central Florida; Iowa; Oregon; Utah; William Paterson,YARDBIRD SUITE | Yardbird Suite
Yes And No,1,,,Cal State Long Beach,
Yes or No,3,List 2,List 2 #91,Iowa; Utah; Western Michigan,YES OR NO | Yes or No
Yesterdays,7,List 1A,List 1A #66,Alabama; Cal State Long Beach; Marshall; Sonoma State; Texas State; Utah; William Paterson,YESTERDAYS | Yesterdays
You and the Night and the Music,3,List 2,List 2 #92,Oregon; Sonoma State; Utah,YOU & THE NIGHT & THE MUSIC | You and the Night and the Music
You Are Too Beautiful,1,List 5C,List 5C #68,William Paterson,
You Don't Know What Love Is,4,List 1A,List 1A #67,Alabama; Utah; Utah Valley; William Paterson,YOU DON'T KNOW WHAT LOVE IS | You Don't Know What Love Is | You Don’t Know What Love Is
You Go to My Head,1,List 5A,List 5A #80,William Paterson,
You Stepped Out A Dream,1,,,Cal State Long Beach,
You Stepped Out of a Dream,3,List 1A,List 1A #68,Utah; Utah Valley; William Paterson,YOU STEPPED OUT OF A DREAM | You Stepped Out of a Dream
You'd Be So Nice to Come Home To,2,List 2,List 2 #93,Alabama; William Paterson,You'd Be So Nice to Come Home To | You’d Be So Nice To Come HomeTo
You're My Everything,2,,,Iowa; William Paterson,You're My Everything | You’re My Everything
