block_id,publisher,work,volume,title_as_entered,match_key,alias_merged,occurrence,status,seat,entry_no
B01,Sher,The Real Easy Book,vol 1 (printing not stated),Bags' Groove,bags' groove,,1,seated,List 1A,71
B01,Sher,The Real Easy Book,vol 1 (printing not stated),Big Bertha,big bertha,,1,outside,,
B01,Sher,The Real Easy Book,vol 1 (printing not stated),Blue Seven,blue seven,,1,seated,List 2,98
B01,Sher,The Real Easy Book,vol 1 (printing not stated),Blues by Five,blues by five,,1,declined,,
B01,Sher,The Real Easy Book,vol 1 (printing not stated),Blues in the Closet,blues in the closet,,1,seated,List 3,93
B01,Sher,The Real Easy Book,vol 1 (printing not stated),Cold Duck Time,cold duck time,,1,outside,,
B01,Sher,The Real Easy Book,vol 1 (printing not stated),Contemplation,contemplation,,1,seated,List 3,21
B01,Sher,The Real Easy Book,vol 1 (printing not stated),Doxy,doxy,,1,seated,List 1A,16
B01,Sher,The Real Easy Book,vol 1 (printing not stated),Edward Lee,edward lee,,1,outside,,
B01,Sher,The Real Easy Book,vol 1 (printing not stated),Equinox,equinox,,1,seated,List 1A,85
B01,Sher,The Real Easy Book,vol 1 (printing not stated),Freedom Jazz Dance,freedom jazz dance,,1,seated,List 1B,16
B01,Sher,The Real Easy Book,vol 1 (printing not stated),Gingerbread Boy,gingerbread boy,,1,seated,List 2,104
B01,Sher,The Real Easy Book,vol 1 (printing not stated),Groove Merchant,groove merchant,,1,outside,,
B01,Sher,The Real Easy Book,vol 1 (printing not stated),Jive Samba,jive samba,,1,outside,,
B01,Sher,The Real Easy Book,vol 1 (printing not stated),Jo Jo Calypso,jo jo calypso,,1,outside,,
B01,Sher,The Real Easy Book,vol 1 (printing not stated),The Jody Grind,jody grind,,1,declined,,
B01,Sher,The Real Easy Book,vol 1 (printing not stated),Killer Joe,killer joe,,1,seated,List 1B,29
B01,Sher,The Real Easy Book,vol 1 (printing not stated),Listen Here,listen here,,1,outside,,
B01,Sher,The Real Easy Book,vol 1 (printing not stated),Little Sunflower,little sunflower,,1,seated,List 1A,29
B01,Sher,The Real Easy Book,vol 1 (printing not stated),"Mercy, Mercy, Mercy",mercy mercy mercy,,1,seated,List 1A,32
B01,Sher,The Real Easy Book,vol 1 (printing not stated),Midnight Waltz,midnight waltz,,1,outside,,
B01,Sher,The Real Easy Book,vol 1 (printing not stated),Mr. P. C.,mr p c,,1,seated,List 1A,87
B01,Sher,The Real Easy Book,vol 1 (printing not stated),One for Daddy-O,one for daddy o,,1,outside,,
B01,Sher,The Real Easy Book,vol 1 (printing not stated),Red's Good Groove,red's good groove,,1,outside,,
B01,Sher,The Real Easy Book,vol 1 (printing not stated),Revelation,revelation,,1,outside,,
B01,Sher,The Real Easy Book,vol 1 (printing not stated),Road Song,road song,,1,outside,,
B01,Sher,The Real Easy Book,vol 1 (printing not stated),Short Stuff,short stuff,,1,outside,,
B01,Sher,The Real Easy Book,vol 1 (printing not stated),Shoshana,shoshana,,1,outside,,
B01,Sher,The Real Easy Book,vol 1 (printing not stated),Sir John,sir john,,1,outside,,
B01,Sher,The Real Easy Book,vol 1 (printing not stated),Sister Sadie,sister sadie,,1,seated,List 2,65
B01,Sher,The Real Easy Book,vol 1 (printing not stated),So Danço Samba,so danco samba,,1,outside,,
B01,Sher,The Real Easy Book,vol 1 (printing not stated),Song for My Father,song for my father,,1,seated,List 1A,52
B01,Sher,The Real Easy Book,vol 1 (printing not stated),Sonnymoon for Two,sonnymoon for two,,1,seated,List 1A,78
B01,Sher,The Real Easy Book,vol 1 (printing not stated),St. James Infirmary,st james infirmary,,1,seated,List 4,10
B01,Sher,The Real Easy Book,vol 1 (printing not stated),St. Thomas,st thomas,,1,seated,List 1A,53
B01,Sher,The Real Easy Book,vol 1 (printing not stated),Straight Life,straight life,,1,outside,,
B01,Sher,The Real Easy Book,vol 1 (printing not stated),Tenor Madness,tenor madness,,1,seated,List 1A,80
B01,Sher,The Real Easy Book,vol 1 (printing not stated),Trail Dust,trail dust,,1,outside,,
B01,Sher,The Real Easy Book,vol 1 (printing not stated),When the Saints Go Marching In,when the saints go marching in,,1,seated,List 4,14
B01,Sher,The Real Easy Book,vol 1 (printing not stated),Work Song,work song,,1,seated,List 1A,65
B01,Sher,The Real Easy Book,vol 1 (printing not stated),Yardbird Suite,yardbird suite,,1,seated,List 1B,53
B01,Sher,The Real Easy Book,vol 1 (printing not stated),Z's Blues,z's blues,,1,outside,,
B02,Sher,The Real Easy Book,vol 2,Afro Blue,afro blue,,1,seated,List 1A,1
B02,Sher,The Real Easy Book,vol 2,Alice In Wonderland,alice in wonderland,,1,seated,List 2,4
B02,Sher,The Real Easy Book,vol 2,Are You Real?,are you real,,1,seated,List 3,6
B02,Sher,The Real Easy Book,vol 2,Azure-Te (Paris Blues),azure te,,1,outside,,
B02,Sher,The Real Easy Book,vol 2,Barbara,barbara,,1,declined,,
B02,Sher,The Real Easy Book,vol 2,Black Orchid,black orchid,,1,outside,,
B02,Sher,The Real Easy Book,vol 2,Blues March,blues march,,1,seated,List 2,11
B02,Sher,The Real Easy Book,vol 2,Byrd Like,byrd like,,1,outside,,
B02,Sher,The Real Easy Book,vol 2,Cedar's Blues,cedar's blues,,1,outside,,
B02,Sher,The Real Easy Book,vol 2,A Child Is Born,child is born,,1,seated,List 2,1
B02,Sher,The Real Easy Book,vol 2,Chitlins Con Carne,chitlins con carne,,1,outside,,
B02,Sher,The Real Easy Book,vol 2,Come On Home,come on home,,1,outside,,
B02,Sher,The Real Easy Book,vol 2,Confirmation,confirmation,,1,seated,List 1A,12
B02,Sher,The Real Easy Book,vol 2,Cousin Mary,cousin mary,,1,seated,List 2,102
B02,Sher,The Real Easy Book,vol 2,Cutie,cutie,,1,outside,,
B02,Sher,The Real Easy Book,vol 2,Dat Dere,dat dere,,1,seated,List 2,16
B02,Sher,The Real Easy Book,vol 2,Day By Day,day by day,,1,seated,List 5C,14
B02,Sher,The Real Easy Book,vol 2,Dear Old Stockholm,dear old stockholm,,1,seated,List 3,26
B02,Sher,The Real Easy Book,vol 2,Diane,diane,,1,declined,,
B02,Sher,The Real Easy Book,vol 2,Do You Know What It Means To Miss New Orleans?,do you know what it means to miss new orleans,,1,declined,,
B02,Sher,The Real Easy Book,vol 2,Doin' My Thing,doin' my thing,,1,outside,,
B02,Sher,The Real Easy Book,vol 2,Don't Ask,don't ask,,1,outside,,
B02,Sher,The Real Easy Book,vol 2,Don't Get Scared,don't get scared,,1,outside,,
B02,Sher,The Real Easy Book,vol 2,Don't Shoot The Messenger,don't shoot the messenger,,1,outside,,
B02,Sher,The Real Easy Book,vol 2,Early Autumn,early autumn,,1,seated,List 5C,18
B02,Sher,The Real Easy Book,vol 2,Enchantment,enchantment,,1,outside,,
B02,Sher,The Real Easy Book,vol 2,Europa,europa,,1,outside,,
B02,Sher,The Real Easy Book,vol 2,A Face Like Yours,face like yours,,1,outside,,
B02,Sher,The Real Easy Book,vol 2,Fantasy In D,fantasy in d,,1,outside,,
B02,Sher,The Real Easy Book,vol 2,Feeling Good,feeling good,,1,outside,,
B02,Sher,The Real Easy Book,vol 2,Feels So Good,feels so good,,1,outside,,
B02,Sher,The Real Easy Book,vol 2,Four,four,,1,seated,List 1A,17
B02,Sher,The Real Easy Book,vol 2,Four On Six,four on six,,1,seated,List 2,23
B02,Sher,The Real Easy Book,vol 2,Full House,full house,,1,outside,,
B02,Sher,The Real Easy Book,vol 2,Fuscia Swing Song,fuscia swing song,,1,outside,,
B02,Sher,The Real Easy Book,vol 2,Gee Baby Ain't I Good To You?,gee baby ain't i good to you,,1,seated,List 5A,20
B02,Sher,The Real Easy Book,vol 2,Getting Some Fun Out Of Life,getting some fun out of life,,1,outside,,
B02,Sher,The Real Easy Book,vol 2,Ginza Samba,ginza samba,,1,outside,,
B02,Sher,The Real Easy Book,vol 2,Gnid,gnid,,1,declined,,
B02,Sher,The Real Easy Book,vol 2,Groovin' High,groovin' high,,1,seated,List 1B,19
B02,Sher,The Real Easy Book,vol 2,Hi Fly,hi fly,,1,seated,List 2,29
B02,Sher,The Real Easy Book,vol 2,I Should Care,i should care,,1,seated,List 5A,32
B02,Sher,The Real Easy Book,vol 2,Icarus,icarus,,1,outside,,
B02,Sher,The Real Easy Book,vol 2,Jeannine,jeannine,,1,seated,List 3,41
B02,Sher,The Real Easy Book,vol 2,Jubilation,jubilation,,1,outside,,
B02,Sher,The Real Easy Book,vol 2,Leyte,leyte,,1,outside,,
B02,Sher,The Real Easy Book,vol 2,Look To The Sky,look to the sky,,1,outside,,
B02,Sher,The Real Easy Book,vol 2,Lyresto,lyresto,,1,outside,,
B02,Sher,The Real Easy Book,vol 2,Mating Call,mating call,,1,declined,,
B02,Sher,The Real Easy Book,vol 2,Mimosa,mimosa,,1,outside,,
B02,Sher,The Real Easy Book,vol 2,Moonlight In Vermont,moonlight in vermont,,1,seated,List 5A,48
B02,Sher,The Real Easy Book,vol 2,Moose The Mooche,moose the mooche,,1,seated,List 1A,91
B02,Sher,The Real Easy Book,vol 2,Mr. Day,mr day,,1,seated,List 3,106
B02,Sher,The Real Easy Book,vol 2,No Me Esqueca,recorda me,Y,1,seated,List 1A,45
B02,Sher,The Real Easy Book,vol 2,No Moe,no moe,,1,outside,,
B02,Sher,The Real Easy Book,vol 2,On A Misty Night,on a misty night,,1,seated,List 3,55
B02,Sher,The Real Easy Book,vol 2,On The Marc,on the marc,,1,outside,,
B02,Sher,The Real Easy Book,vol 2,Once I Loved,once i loved,,1,seated,List 5A,55
B02,Sher,The Real Easy Book,vol 2,OP,op,,1,outside,,
B02,Sher,The Real Easy Book,vol 2,Orange Colored Sky,orange colored sky,,1,outside,,
B02,Sher,The Real Easy Book,vol 2,Ornithology,ornithology,,1,seated,List 1A,43
B02,Sher,The Real Easy Book,vol 2,Passion Dance,passion dance,,1,seated,List 2,55
B02,Sher,The Real Easy Book,vol 2,Paul's Pal,paul's pal,,1,declined,,
B02,Sher,The Real Easy Book,vol 2,Peace,peace,,1,seated,List 2,56
B02,Sher,The Real Easy Book,vol 2,Primal Urge,primal urge,,1,outside,,
B02,Sher,The Real Easy Book,vol 2,Rakin' And Scrapin',rakin' and scrapin',,1,outside,,
B02,Sher,The Real Easy Book,vol 2,Room 608,room 608,,1,seated,List 3,137
B02,Sher,The Real Easy Book,vol 2,Sack Of Woe,sack of woe,,1,outside,,
B02,Sher,The Real Easy Book,vol 2,Saucer Eyes,saucer eyes,,1,outside,,
B02,Sher,The Real Easy Book,vol 2,Sco's Bossa,sco's bossa,,1,outside,,
B02,Sher,The Real Easy Book,vol 2,Scotch And Water,scotch and water,,1,outside,,
B02,Sher,The Real Easy Book,vol 2,Scrapple From The Apple,scrapple from the apple,,1,seated,List 1B,43
B02,Sher,The Real Easy Book,vol 2,Shiny Stockings,shiny stockings,,1,seated,List 4,72
B02,Sher,The Real Easy Book,vol 2,Silver's Serenade,silver's serenade,,1,declined,,
B02,Sher,The Real Easy Book,vol 2,Sky Dive,sky dive,,1,declined,,
B02,Sher,The Real Easy Book,vol 2,The Snapper,snapper,,1,outside,,
B02,Sher,The Real Easy Book,vol 2,Solar,solar,,1,seated,List 1A,50
B02,Sher,The Real Easy Book,vol 2,Some Other Blues,some other blues,,1,seated,List 3,113
B02,Sher,The Real Easy Book,vol 2,Split Kick,split kick,,1,outside,,
B02,Sher,The Real Easy Book,vol 2,Sposin',sposin',,1,declined,,
B02,Sher,The Real Easy Book,vol 2,Starrburst,starrburst,,1,outside,,
B02,Sher,The Real Easy Book,vol 2,Stuff You Gotta Watch,stuff you gotta watch,,1,outside,,
B02,Sher,The Real Easy Book,vol 2,Sugar,sugar,,1,seated,List 2,71
B02,Sher,The Real Easy Book,vol 2,Super Jet,super jet,,1,declined,,
B02,Sher,The Real Easy Book,vol 2,Sweet Pumpkin,sweet pumpkin,,1,outside,,
B02,Sher,The Real Easy Book,vol 2,Swinging At The Haven,swinging at the haven,,1,outside,,
B02,Sher,The Real Easy Book,vol 2,Tee Pee Time,tee pee time,,1,outside,,
B02,Sher,The Real Easy Book,vol 2,Trane Connections,trane connections,,1,outside,,
B02,Sher,The Real Easy Book,vol 2,Triste,triste,,1,seated,List 1B,52
B02,Sher,The Real Easy Book,vol 2,Tune Up,tune up,,1,seated,List 1A,60
B02,Sher,The Real Easy Book,vol 2,Two Bass Hit,two bass hit,,1,seated,List 2,108
B02,Sher,The Real Easy Book,vol 2,Unit 7,unit 7,,1,seated,List 2,80
B02,Sher,The Real Easy Book,vol 2,Uptown After Dark,uptown after dark,,1,outside,,
B02,Sher,The Real Easy Book,vol 2,Walk Between The Raindrops,walk between the raindrops,,1,outside,,
B02,Sher,The Real Easy Book,vol 2,Walkin',walkin',,1,seated,List 1A,83
B02,Sher,The Real Easy Book,vol 2,Walkin' Shoes,walkin' shoes,,1,outside,,
B02,Sher,The Real Easy Book,vol 2,Wave,wave,,1,seated,List 1A,62
B02,Sher,The Real Easy Book,vol 2,Wendy,wendy,,1,outside,,
B02,Sher,The Real Easy Book,vol 2,West Coast Blues,west coast blues,,1,seated,List 2,84
B02,Sher,The Real Easy Book,vol 2,What Might Have Been,what might have been,,1,outside,,
B02,Sher,The Real Easy Book,vol 2,Whisper Not,whisper not,,1,seated,List 2,86
B03,Sher,The Real Easy Book,"vol 3, 9 period sections",Alexander's Ragtime Band,alexander's ragtime band,,1,declined,,
B03,Sher,The Real Easy Book,"vol 3, 9 period sections","Bill Bailey, Won't You Please Come Home?",bill bailey won't you please come home,,1,declined,,
B03,Sher,The Real Easy Book,"vol 3, 9 period sections",The Birth Of The Blues,birth of the blues,,1,declined,,
B03,Sher,The Real Easy Book,"vol 3, 9 period sections",St. Louis Blues,st louis blues,,1,seated,List 4,46
B03,Sher,The Real Easy Book,"vol 3, 9 period sections",When It's Sleepy Time Down South,when it's sleepy time down south,,1,seated,List 4,25
B03,Sher,The Real Easy Book,"vol 3, 9 period sections",Flying Home,flying home,,1,seated,List 4,64
B03,Sher,The Real Easy Book,"vol 3, 9 period sections",Night Train,night train,,1,declined,,
B03,Sher,The Real Easy Book,"vol 3, 9 period sections",Opus One,opus one,,1,declined,,
B03,Sher,The Real Easy Book,"vol 3, 9 period sections",Perdido,perdido,,1,seated,List 4,56
B03,Sher,The Real Easy Book,"vol 3, 9 period sections",Poinciana,poinciana,,1,seated,List 2,58
B03,Sher,The Real Easy Book,"vol 3, 9 period sections",Robbin's Nest,robbin's nest,,1,seated,List 4,57
B03,Sher,The Real Easy Book,"vol 3, 9 period sections",So Rare,so rare,,1,declined,,
B03,Sher,The Real Easy Book,"vol 3, 9 period sections",Things Ain't What They Used To Be,things ain't what they used to be,,1,seated,List 1A,82
B03,Sher,The Real Easy Book,"vol 3, 9 period sections",When Lights Are Low,when lights are low,,1,seated,List 2,85
B03,Sher,The Real Easy Book,"vol 3, 9 period sections",Au Privave,au privave,,1,seated,List 1A,70
B03,Sher,The Real Easy Book,"vol 3, 9 period sections",My Little Suede Shoes,my little suede shoes,,1,seated,List 2,46
B03,Sher,The Real Easy Book,"vol 3, 9 period sections",Now's The Time,now's the time,,1,seated,List 1A,76
B03,Sher,The Real Easy Book,"vol 3, 9 period sections",Red Cross,red cross,,1,seated,List 3,136
B03,Sher,The Real Easy Book,"vol 3, 9 period sections",Rifftide,rifftide,,1,outside,,
B03,Sher,The Real Easy Book,"vol 3, 9 period sections",Social Call,social call,,1,declined,,
B03,Sher,The Real Easy Book,"vol 3, 9 period sections",Things Are Getting Better,things are getting better,,1,outside,,
B03,Sher,The Real Easy Book,"vol 3, 9 period sections",Bernie's Tune,bernie's tune,,1,seated,List 2,8
B03,Sher,The Real Easy Book,"vol 3, 9 period sections",Line For Lyons,line for lyons,,1,outside,,
B03,Sher,The Real Easy Book,"vol 3, 9 period sections",Look For The Silver Lining,look for the silver lining,,1,declined,,
B03,Sher,The Real Easy Book,"vol 3, 9 period sections",Nights At The Turntable,nights at the turntable,,1,outside,,
B03,Sher,The Real Easy Book,"vol 3, 9 period sections",Take Five,take five,,1,seated,List 1B,48
B03,Sher,The Real Easy Book,"vol 3, 9 period sections",Blue Train,blue train,,1,seated,List 1A,84
B03,Sher,The Real Easy Book,"vol 3, 9 period sections",The Cape Verdean Blues,cape verdean blues,,1,outside,,
B03,Sher,The Real Easy Book,"vol 3, 9 period sections",Foot Pattin' Time,foot pattin' time,,1,outside,,
B03,Sher,The Real Easy Book,"vol 3, 9 period sections",Idle Moments,idle moments,,1,outside,,
B03,Sher,The Real Easy Book,"vol 3, 9 period sections",Impressions,impressions,,1,seated,List 1A,22
B03,Sher,The Real Easy Book,"vol 3, 9 period sections",Lazy Bird,lazy bird,,1,seated,List 2,41
B03,Sher,The Real Easy Book,"vol 3, 9 period sections",Sayonara Blues,sayonara blues,,1,outside,,
B03,Sher,The Real Easy Book,"vol 3, 9 period sections",Speedball,speedball,,1,outside,,
B03,Sher,The Real Easy Book,"vol 3, 9 period sections",Streamlined Stanley,streamlined stanley,,1,outside,,
B03,Sher,The Real Easy Book,"vol 3, 9 period sections",Highway 14,highway 14,,1,outside,,
B03,Sher,The Real Easy Book,"vol 3, 9 period sections",In Your Own Sweet Way,in your own sweet way,,1,seated,List 1B,27
B03,Sher,The Real Easy Book,"vol 3, 9 period sections",Little O In The Sky,little o in the sky,,1,outside,,
B03,Sher,The Real Easy Book,"vol 3, 9 period sections",Simone,simone,,1,outside,,
B03,Sher,The Real Easy Book,"vol 3, 9 period sections",Stand For Jazz,stand for jazz,,1,outside,,
B03,Sher,The Real Easy Book,"vol 3, 9 period sections",Sweet Georgia Bright,sweet georgia bright,,1,outside,,
B03,Sher,The Real Easy Book,"vol 3, 9 period sections",Three And One,three and one,,1,outside,,
B03,Sher,The Real Easy Book,"vol 3, 9 period sections",Up Jumped Spring,up jumped spring,,1,seated,List 2,82
B03,Sher,The Real Easy Book,"vol 3, 9 period sections",Eighty One,eighty one,,1,seated,List 2,103
B03,Sher,The Real Easy Book,"vol 3, 9 period sections",I'll Take Les,i'll take les,,1,outside,,
B03,Sher,The Real Easy Book,"vol 3, 9 period sections",Sister Cheryl,sister cheryl,,1,outside,,
B03,Sher,The Real Easy Book,"vol 3, 9 period sections",Spring Song,spring song,,1,outside,,
B03,Sher,The Real Easy Book,"vol 3, 9 period sections",These Times,these times,,1,outside,,
B03,Sher,The Real Easy Book,"vol 3, 9 period sections",This Masquerade,this masquerade,,1,outside,,
B03,Sher,The Real Easy Book,"vol 3, 9 period sections",Unchain My Heart,unchain my heart,,1,outside,,
B03,Sher,The Real Easy Book,"vol 3, 9 period sections","Yeah, Yeah, Yeah",yeah yeah yeah,,1,outside,,
B03,Sher,The Real Easy Book,"vol 3, 9 period sections",Favela,favela,,1,outside,,
B03,Sher,The Real Easy Book,"vol 3, 9 period sections",Fotografia,fotografia,,1,outside,,
B03,Sher,The Real Easy Book,"vol 3, 9 period sections",Minha Saudade,minha saudade,,1,outside,,
B03,Sher,The Real Easy Book,"vol 3, 9 period sections",Não Me Diga Adeus,nao me diga adeus,,1,outside,,
B03,Sher,The Real Easy Book,"vol 3, 9 period sections",Saudade,saudade,,1,outside,,
B03,Sher,The Real Easy Book,"vol 3, 9 period sections",Si Señora,si senora,,1,outside,,
B03,Sher,The Real Easy Book,"vol 3, 9 period sections",Brisa,brisa,,1,outside,,
B03,Sher,The Real Easy Book,"vol 3, 9 period sections",Chile Con Soul,chile con soul,,1,outside,,
B03,Sher,The Real Easy Book,"vol 3, 9 period sections",Linda Chicana,linda chicana,,1,outside,,
B03,Sher,The Real Easy Book,"vol 3, 9 period sections",Nadie,nadie,,1,outside,,
B03,Sher,The Real Easy Book,"vol 3, 9 period sections",Quindembo,quindembo,,1,outside,,
B03,Sher,The Real Easy Book,"vol 3, 9 period sections",Yellow Days,yellow days,,1,outside,,
B04,Sher,The Latin Real Easy Book,Part 1,A Day In The Life Of A Fool,manha de carnaval,Y,1,seated,List 1A,31
B04,Sher,The Latin Real Easy Book,Part 1,Agua de Beber,agua de beber,,1,outside,,
B04,Sher,The Latin Real Easy Book,Part 1,Around The Corner,around the corner,,1,outside,,
B04,Sher,The Latin Real Easy Book,Part 1,Berimbau,berimbau,,1,outside,,
B04,Sher,The Latin Real Easy Book,Part 1,Bolero Para Paquito,bolero para paquito,,1,outside,,
B04,Sher,The Latin Real Easy Book,Part 1,Caballo Viejo,caballo viejo,,1,outside,,
B04,Sher,The Latin Real Easy Book,Part 1,Cafe Rio,cafe rio,,1,outside,,
B04,Sher,The Latin Real Easy Book,Part 1,Camaleão,camaleao,,1,outside,,
B04,Sher,The Latin Real Easy Book,Part 1,Chucho,chucho,,1,outside,,
B04,Sher,The Latin Real Easy Book,Part 1,De Repente,de repente,,1,outside,,
B04,Sher,The Latin Real Easy Book,Part 1,Estamos Ai,estamos ai,,1,outside,,
B04,Sher,The Latin Real Easy Book,Part 1,Inolvidable,inolvidable,,1,outside,,
B04,Sher,The Latin Real Easy Book,Part 1,La Cuna,la cuna,,1,outside,,
B04,Sher,The Latin Real Easy Book,Part 1,La Malanga,la malanga,,1,outside,,
B04,Sher,The Latin Real Easy Book,Part 1,La Mujer de Antonio,la mujer de antonio,,1,outside,,
B04,Sher,The Latin Real Easy Book,Part 1,Lágrimas Negras,lagrimas negras,,1,outside,,
B04,Sher,The Latin Real Easy Book,Part 1,Lamento,lamento,,1,outside,,
B04,Sher,The Latin Real Easy Book,Part 1,Let's Go Dancing,let's go dancing,,1,outside,,
B04,Sher,The Latin Real Easy Book,Part 1,Liberated Brother,liberated brother,,1,outside,,
B04,Sher,The Latin Real Easy Book,Part 1,Little Sunflower,little sunflower,,2,seated,List 1A,29
B04,Sher,The Latin Real Easy Book,Part 1,Lugar Comum,lugar comum,,1,outside,,
B04,Sher,The Latin Real Easy Book,Part 1,My Latin Brother,my latin brother,,1,outside,,
B04,Sher,The Latin Real Easy Book,Part 1,Nana,nana,,1,outside,,
B04,Sher,The Latin Real Easy Book,Part 1,Pa' Gozar,pa' gozar,,1,outside,,
B04,Sher,The Latin Real Easy Book,Part 1,Pare Cochero,pare cochero,,1,outside,,
B04,Sher,The Latin Real Easy Book,Part 1,Real Life,real life,,1,outside,,
B04,Sher,The Latin Real Easy Book,Part 1,Rico Cha-Cha-Chá,rico cha cha cha,,1,outside,,
B04,Sher,The Latin Real Easy Book,Part 1,Rico Vacilón,rico vacilon,,1,outside,,
B04,Sher,The Latin Real Easy Book,Part 1,Ritmo Remo,ritmo remo,,1,outside,,
B04,Sher,The Latin Real Easy Book,Part 1,Rua Bougainville,rua bougainville,,1,outside,,
B04,Sher,The Latin Real Easy Book,Part 1,Samba do Avião,samba do aviao,,1,outside,,
B04,Sher,The Latin Real Easy Book,Part 1,Señor Blues,senor blues,,1,seated,List 2,110
B04,Sher,The Latin Real Easy Book,Part 1,She Walks This Earth,she walks this earth,,1,outside,,
B04,Sher,The Latin Real Easy Book,Part 1,Si Te Contara,si te contara,,1,outside,,
B04,Sher,The Latin Real Easy Book,Part 1,Suavecito,suavecito,,1,outside,,
B04,Sher,The Latin Real Easy Book,Part 1,The Long Way Back,long way back,,1,outside,,
B04,Sher,The Latin Real Easy Book,Part 1,This Happy Madness,this happy madness,,1,outside,,
B04,Sher,The Latin Real Easy Book,Part 1,Tin Tin Deo,tin tin deo,,1,seated,List 2,78
B04,Sher,The Latin Real Easy Book,Part 1,Tres Lindas Cubanas,tres lindas cubanas,,1,outside,,
B04,Sher,The Latin Real Easy Book,Part 1,Tumbao,tumbao,,1,outside,,
B04,Sher,The Latin Real Easy Book,Part 1,Viva Cepeda,viva cepeda,,1,outside,,
B04,Sher,The Latin Real Easy Book,Part 1,Yuca Con Mojo,yuca con mojo,,1,outside,,
B04,Sher,The Latin Real Easy Book,Part 1,Zina's Zamba,zina's zamba,,1,outside,,
B05,Sher,The Latin Real Easy Book,Part 2,A Song For Horace,song for horace,,1,outside,,
B05,Sher,The Latin Real Easy Book,Part 2,Acrobata,acrobata,,1,outside,,
B05,Sher,The Latin Real Easy Book,Part 2,Ao Vento (The Wind),ao vento,,1,outside,,
B05,Sher,The Latin Real Easy Book,Part 2,Asa,asa,,1,outside,,
B05,Sher,The Latin Real Easy Book,Part 2,"Así Nó, Papa",asi no papa,,1,outside,,
B05,Sher,The Latin Real Easy Book,Part 2,Azulito,azulito,,1,outside,,
B05,Sher,The Latin Real Easy Book,Part 2,Bananeira,bananeira,,1,outside,,
B05,Sher,The Latin Real Easy Book,Part 2,Celeuma,celeuma,,1,outside,,
B05,Sher,The Latin Real Easy Book,Part 2,Chakalaka,chakalaka,,1,outside,,
B05,Sher,The Latin Real Easy Book,Part 2,Congo Yambumba,congo yambumba,,1,outside,,
B05,Sher,The Latin Real Easy Book,Part 2,Dia Azul,dia azul,,1,outside,,
B05,Sher,The Latin Real Easy Book,Part 2,El Marelito,el marelito,,1,outside,,
B05,Sher,The Latin Real Easy Book,Part 2,Fuji,fuji,,1,outside,,
B05,Sher,The Latin Real Easy Book,Part 2,Guararé,guarare,,1,outside,,
B05,Sher,The Latin Real Easy Book,Part 2,Havana,havana,,1,outside,,
B05,Sher,The Latin Real Easy Book,Part 2,Heart Of Darkness,heart of darkness,,1,outside,,
B05,Sher,The Latin Real Easy Book,Part 2,"Hey, Bud",hey bud,,1,outside,,
B05,Sher,The Latin Real Easy Book,Part 2,Jobiniando,jobiniando,,1,outside,,
B05,Sher,The Latin Real Easy Book,Part 2,Ladies In Mercedes,ladies in mercedes,,1,outside,,
B05,Sher,The Latin Real Easy Book,Part 2,Mambo Rincón,mambo rincon,,1,outside,,
B05,Sher,The Latin Real Easy Book,Part 2,Montuno Blue,montuno blue,,1,outside,,
B05,Sher,The Latin Real Easy Book,Part 2,Muñeca,muneca,,1,outside,,
B05,Sher,The Latin Real Easy Book,Part 2,No Borders,no borders,,1,outside,,
B05,Sher,The Latin Real Easy Book,Part 2,Nunca Contigo,nunca contigo,,1,outside,,
B05,Sher,The Latin Real Easy Book,Part 2,On A Sunday Afternoon,on a sunday afternoon,,1,outside,,
B05,Sher,The Latin Real Easy Book,Part 2,Opita's Opus,opita's opus,,1,outside,,
B05,Sher,The Latin Real Easy Book,Part 2,Partido Alto,partido alto,,1,outside,,
B05,Sher,The Latin Real Easy Book,Part 2,Passarim,passarim,,1,outside,,
B05,Sher,The Latin Real Easy Book,Part 2,Que Le Den Candela,que le den candela,,1,outside,,
B05,Sher,The Latin Real Easy Book,Part 2,Renata Maria,renata maria,,1,outside,,
B05,Sher,The Latin Real Easy Book,Part 2,Rojo Y Negro,rojo y negro,,1,outside,,
B05,Sher,The Latin Real Easy Book,Part 2,Rompe Saragüey,rompe saraguey,,1,outside,,
B05,Sher,The Latin Real Easy Book,Part 2,Sabroso Guaguancó,sabroso guaguanco,,1,outside,,
B05,Sher,The Latin Real Easy Book,Part 2,Sambroso,sambroso,,1,outside,,
B05,Sher,The Latin Real Easy Book,Part 2,Smooth Samba,smooth samba,,1,outside,,
B05,Sher,The Latin Real Easy Book,Part 2,Soul Sauce,soul sauce,,1,outside,,
B05,Sher,The Latin Real Easy Book,Part 2,Tassajara,tassajara,,1,outside,,
B05,Sher,The Latin Real Easy Book,Part 2,There's A Storm Inside,there's a storm inside,,1,outside,,
B05,Sher,The Latin Real Easy Book,Part 2,Triton,triton,,1,outside,,
B05,Sher,The Latin Real Easy Book,Part 2,We Kinda Music,we kinda music,,1,outside,,
B06,Hal Leonard,Easy Jazz Play-Along,vol 1,All of Me,all of me,,1,seated,List 1A,2
B06,Hal Leonard,Easy Jazz Play-Along,vol 1,All the Things You Are,all the things you are,,1,seated,List 1A,3
B06,Hal Leonard,Easy Jazz Play-Along,vol 1,Autumn Leaves,autumn leaves,,1,seated,List 1A,5
B06,Hal Leonard,Easy Jazz Play-Along,vol 1,C-Jam Blues,c jam blues,,1,seated,List 4,90
B06,Hal Leonard,Easy Jazz Play-Along,vol 1,Comin' Home Baby,comin' home baby,,1,outside,,
B06,Hal Leonard,Easy Jazz Play-Along,vol 1,Footprints,footprints,,1,seated,List 1A,86
B06,Hal Leonard,Easy Jazz Play-Along,vol 1,The Girl from Ipanema (Garôta de Ipanema),girl from ipanema,,1,seated,List 1A,57
B06,Hal Leonard,Easy Jazz Play-Along,vol 1,In a Mellow Tone,in a mellow tone,,1,seated,List 4,79
B06,Hal Leonard,Easy Jazz Play-Along,vol 1,Killer Joe,killer joe,,2,seated,List 1B,29
B06,Hal Leonard,Easy Jazz Play-Along,vol 1,Little Sunflower,little sunflower,,3,seated,List 1A,29
B06,Hal Leonard,Easy Jazz Play-Along,vol 1,Milestones,milestones,,1,seated,List 1A,33
B06,Hal Leonard,Easy Jazz Play-Along,vol 1,Mr. P.C.,mr p c,,2,seated,List 1A,87
B06,Hal Leonard,Easy Jazz Play-Along,vol 1,On Green Dolphin Street,on green dolphin street,,1,seated,List 1A,42
B06,Hal Leonard,Easy Jazz Play-Along,vol 1,One for Daddy-O,one for daddy o,,2,outside,,
B06,Hal Leonard,Easy Jazz Play-Along,vol 1,Reunion Blues,reunion blues,,1,outside,,
B06,Hal Leonard,Easy Jazz Play-Along,vol 1,Satin Doll,satin doll,,1,seated,List 1A,47
B06,Hal Leonard,Easy Jazz Play-Along,vol 1,There Will Never Be Another You,there will never be another you,,1,seated,List 1A,59
B06,Hal Leonard,Easy Jazz Play-Along,vol 1,Tune Up,tune up,,2,seated,List 1A,60
B07,Hal Leonard,Easy Jazz Play-Along,vol 2,Don't Get Around Much Anymore,don't get around much anymore,,1,seated,List 1B,14
B07,Hal Leonard,Easy Jazz Play-Along,vol 2,Exactly Like You,exactly like you,,1,seated,List 4,50
B07,Hal Leonard,Easy Jazz Play-Along,vol 2,Fly Me to the Moon (In Other Words),fly me to the moon,,1,seated,List 5A,19
B07,Hal Leonard,Easy Jazz Play-Along,vol 2,Have You Met Miss Jones?,have you met miss jones,,1,seated,List 1A,18
B07,Hal Leonard,Easy Jazz Play-Along,vol 2,Honeysuckle Rose,honeysuckle rose,,1,seated,List 1B,20
B07,Hal Leonard,Easy Jazz Play-Along,vol 2,I Remember You,i remember you,,1,seated,List 1B,25
B07,Hal Leonard,Easy Jazz Play-Along,vol 2,If I Should Lose You,if i should lose you,,1,seated,List 5A,36
B07,Hal Leonard,Easy Jazz Play-Along,vol 2,It Could Happen to You,it could happen to you,,1,seated,List 1A,25
B07,Hal Leonard,Easy Jazz Play-Along,vol 2,Moon River,moon river,,1,seated,List 5C,47
B07,Hal Leonard,Easy Jazz Play-Along,vol 2,My Favorite Things,my favorite things,,1,seated,List 1A,36
B07,Hal Leonard,Easy Jazz Play-Along,vol 2,On a Slow Boat to China,on a slow boat to china,,1,declined,,
B07,Hal Leonard,Easy Jazz Play-Along,vol 2,Out of Nowhere,out of nowhere,,1,seated,List 1A,44
B07,Hal Leonard,Easy Jazz Play-Along,vol 2,Softly as in a Morning Sunrise,softly as in a morning sunrise,,1,seated,List 1A,49
B07,Hal Leonard,Easy Jazz Play-Along,vol 2,Speak Low,speak low,,1,seated,List 1B,45
B07,Hal Leonard,Easy Jazz Play-Along,vol 2,The Very Thought of You,very thought of you,,1,seated,List 5A,74
B07,Hal Leonard,Easy Jazz Play-Along,vol 2,Watch What Happens,watch what happens,,1,seated,List 5B,66
B07,Hal Leonard,Easy Jazz Play-Along,vol 2,The Way You Look Tonight,way you look tonight,,1,seated,List 5A,73
B07,Hal Leonard,Easy Jazz Play-Along,vol 2,Yesterdays,yesterdays,,1,seated,List 1A,66
B08,Hal Leonard,Easy Jazz Play-Along,vol 3,Afternoon in Paris,afternoon in paris,,1,seated,List 2,3
B08,Hal Leonard,Easy Jazz Play-Along,vol 3,Doxy,doxy,,2,seated,List 1A,16
B08,Hal Leonard,Easy Jazz Play-Along,vol 3,500 Miles High,500 miles high,,1,seated,List 3,2
B08,Hal Leonard,Easy Jazz Play-Along,vol 3,Girl Talk,girl talk,,1,seated,List 5C,26
B08,Hal Leonard,Easy Jazz Play-Along,vol 3,Holy Land,holy land,,1,seated,List 3,79
B08,Hal Leonard,Easy Jazz Play-Along,vol 3,Impressions,impressions,,2,seated,List 1A,22
B08,Hal Leonard,Easy Jazz Play-Along,vol 3,In Walked Bud,in walked bud,,1,seated,List 2,34
B08,Hal Leonard,Easy Jazz Play-Along,vol 3,The Jive Samba,jive samba,,2,outside,,
B08,Hal Leonard,Easy Jazz Play-Along,vol 3,Lady Bird,lady bird,,1,seated,List 2,40
B08,Hal Leonard,Easy Jazz Play-Along,vol 3,"Mercy, Mercy, Mercy",mercy mercy mercy,,2,seated,List 1A,32
B08,Hal Leonard,Easy Jazz Play-Along,vol 3,My Little Suede Shoes,my little suede shoes,,2,seated,List 2,46
B08,Hal Leonard,Easy Jazz Play-Along,vol 3,Recorda-Me,recorda me,,2,seated,List 1A,45
B08,Hal Leonard,Easy Jazz Play-Along,vol 3,St. Thomas,st thomas,,2,seated,List 1A,53
B08,Hal Leonard,Easy Jazz Play-Along,vol 3,Sidewinder,sidewinder,,1,seated,List 2,64
B08,Hal Leonard,Easy Jazz Play-Along,vol 3,Solar,solar,,2,seated,List 1A,50
B08,Hal Leonard,Easy Jazz Play-Along,vol 3,Stolen Moments,stolen moments,,1,seated,List 1B,47
B08,Hal Leonard,Easy Jazz Play-Along,vol 3,Sunny,sunny,,1,declined,,
B08,Hal Leonard,Easy Jazz Play-Along,vol 3,Think On Me,think on me,,1,declined,,
B09,Hal Leonard,Easy Jazz Play-Along,"vol 4, Basic Blues",All Blues,all blues,,1,seated,List 1A,69
B09,Hal Leonard,Easy Jazz Play-Along,"vol 4, Basic Blues",Birk's Works,birk's works,,1,seated,List 2,109
B09,Hal Leonard,Easy Jazz Play-Along,"vol 4, Basic Blues",Bloomdido,bloomdido,,1,seated,List 3,92
B09,Hal Leonard,Easy Jazz Play-Along,"vol 4, Basic Blues",Blue Seven,blue seven,,2,seated,List 2,98
B09,Hal Leonard,Easy Jazz Play-Along,"vol 4, Basic Blues",Blue Train (Blue Trane),blue train,,2,seated,List 1A,84
B09,Hal Leonard,Easy Jazz Play-Along,"vol 4, Basic Blues",Blues in the Closet,blues in the closet,,2,seated,List 3,93
B09,Hal Leonard,Easy Jazz Play-Along,"vol 4, Basic Blues",Cousin Mary,cousin mary,,2,seated,List 2,102
B09,Hal Leonard,Easy Jazz Play-Along,"vol 4, Basic Blues",Every Day I Have the Blues,every day i have the blues,,1,declined,,
B09,Hal Leonard,Easy Jazz Play-Along,"vol 4, Basic Blues",Freddie Freeloader,freddie freeloader,,1,seated,List 1A,75
B09,Hal Leonard,Easy Jazz Play-Along,"vol 4, Basic Blues",Nostalgia in Times Square,nostalgia in times square,,1,seated,List 3,53
B09,Hal Leonard,Easy Jazz Play-Along,"vol 4, Basic Blues",Now See How You Are,now see how you are,,1,outside,,
B09,Hal Leonard,Easy Jazz Play-Along,"vol 4, Basic Blues",Now's the Time,now's the time,,2,seated,List 1A,76
B09,Hal Leonard,Easy Jazz Play-Along,"vol 4, Basic Blues",The Sermon,sermon,,1,outside,,
B09,Hal Leonard,Easy Jazz Play-Along,"vol 4, Basic Blues",Sonnymoon for Two,sonnymoon for two,,2,seated,List 1A,78
B09,Hal Leonard,Easy Jazz Play-Along,"vol 4, Basic Blues",Tenor Madness,tenor madness,,2,seated,List 1A,80
B09,Hal Leonard,Easy Jazz Play-Along,"vol 4, Basic Blues",Things Ain't What They Used to Be,things ain't what they used to be,,2,seated,List 1A,82
B09,Hal Leonard,Easy Jazz Play-Along,"vol 4, Basic Blues",Turnaround,turnaround,,1,outside,,
B09,Hal Leonard,Easy Jazz Play-Along,"vol 4, Basic Blues","Two Degrees East, Three Degrees West",two degrees east three degrees west,,1,outside,,
B10,Hal Leonard,Easy Jazz Play-Along,"vol 5, Easy Latin Classics",Baia (Bahía),baia,,1,declined,,
B10,Hal Leonard,Easy Jazz Play-Along,"vol 5, Easy Latin Classics",Begin the Beguine,begin the beguine,,1,seated,List 5C,5
B10,Hal Leonard,Easy Jazz Play-Along,"vol 5, Easy Latin Classics",Black Orpheus,manha de carnaval,Y,2,seated,List 1A,31
B10,Hal Leonard,Easy Jazz Play-Along,"vol 5, Easy Latin Classics",Flamingo,flamingo,,1,seated,List 2,22
B10,Hal Leonard,Easy Jazz Play-Along,"vol 5, Easy Latin Classics",Gentle Rain,gentle rain,,1,seated,List 3,78
B10,Hal Leonard,Easy Jazz Play-Along,"vol 5, Easy Latin Classics",The Gift! (Recado Bossa Nova),gift,,1,outside,,
B10,Hal Leonard,Easy Jazz Play-Along,"vol 5, Easy Latin Classics",How Insensitive (Insensatez),how insensitive,,1,seated,List 1B,22
B10,Hal Leonard,Easy Jazz Play-Along,"vol 5, Easy Latin Classics",Once I Loved (Amor Em Paz),once i loved,,2,seated,List 5A,55
B10,Hal Leonard,Easy Jazz Play-Along,"vol 5, Easy Latin Classics",Oye Como Va,oye como va,,1,outside,,
B10,Hal Leonard,Easy Jazz Play-Along,"vol 5, Easy Latin Classics",Petite Fleur,petite fleur,,1,outside,,
B10,Hal Leonard,Easy Jazz Play-Along,"vol 5, Easy Latin Classics",Samba de Orfeu,samba de orfeu,,1,seated,List 2,61
B10,Hal Leonard,Easy Jazz Play-Along,"vol 5, Easy Latin Classics",Slow Hot Wind (Lujon),slow hot wind,,1,outside,,
B10,Hal Leonard,Easy Jazz Play-Along,"vol 5, Easy Latin Classics",Só Danço Samba (Jazz 'n' Samba),so danco samba,,2,outside,,
B10,Hal Leonard,Easy Jazz Play-Along,"vol 5, Easy Latin Classics",So Nice (Summer Samba),so nice,,1,outside,,
B10,Hal Leonard,Easy Jazz Play-Along,"vol 5, Easy Latin Classics",Song for My Father,song for my father,,2,seated,List 1A,52
B10,Hal Leonard,Easy Jazz Play-Along,"vol 5, Easy Latin Classics",Sway (Quién Será),sway,,1,outside,,
B10,Hal Leonard,Easy Jazz Play-Along,"vol 5, Easy Latin Classics",Tico Tico (Tico Tico no Fubá),tico tico,,1,seated,List 2,77
B10,Hal Leonard,Easy Jazz Play-Along,"vol 5, Easy Latin Classics",Whatever Lola Wants,whatever lola wants,,1,outside,,
B11,Aebersold,Jazz Play-A-Long,"vol 54, Maiden Voyage",Autumn Leaves,autumn leaves,,2,seated,List 1A,5
B11,Aebersold,Jazz Play-A-Long,"vol 54, Maiden Voyage",Cantaloupe Island,cantaloupe island,,1,seated,List 1A,9
B11,Aebersold,Jazz Play-A-Long,"vol 54, Maiden Voyage",Doxy,doxy,,3,seated,List 1A,16
B11,Aebersold,Jazz Play-A-Long,"vol 54, Maiden Voyage",Footprints,footprints,,2,seated,List 1A,86
B11,Aebersold,Jazz Play-A-Long,"vol 54, Maiden Voyage",Impressions,impressions,,3,seated,List 1A,22
B11,Aebersold,Jazz Play-A-Long,"vol 54, Maiden Voyage",Maiden Voyage,maiden voyage,,1,seated,List 1A,30
B11,Aebersold,Jazz Play-A-Long,"vol 54, Maiden Voyage",Satin Doll,satin doll,,2,seated,List 1A,47
B11,Aebersold,Jazz Play-A-Long,"vol 54, Maiden Voyage",Solar Flair,solar flair,,1,outside,,
B11,Aebersold,Jazz Play-A-Long,"vol 54, Maiden Voyage",Song for My Father,song for my father,,3,seated,List 1A,52
B11,Aebersold,Jazz Play-A-Long,"vol 54, Maiden Voyage",Summertime,summertime,,1,seated,List 1A,55
B11,Aebersold,Jazz Play-A-Long,"vol 54, Maiden Voyage",Watermelon Man,watermelon man,,1,seated,List 1A,61
B11,Aebersold,Jazz Play-A-Long,"vol 54, Maiden Voyage",Tootsie (Blues in F),tootsie,,1,outside,,
B11,Aebersold,Jazz Play-A-Long,"vol 54, Maiden Voyage",Shuffle Time (Bb Shuffle Blues),shuffle time,,1,outside,,
B11,Aebersold,Jazz Play-A-Long,"vol 54, Maiden Voyage",III-VI7-II-V7 (workout),iii vi7 ii v7,,1,outside,,
B12,Aebersold,Jazz Play-A-Long,"vol 70, Killer Joe",Afternoon in Paris,afternoon in paris,,2,seated,List 2,3
B12,Aebersold,Jazz Play-A-Long,"vol 70, Killer Joe",Blue Moon,blue moon,,1,seated,List 5A,4
B12,Aebersold,Jazz Play-A-Long,"vol 70, Killer Joe",The Girl from Ipanema,girl from ipanema,,2,seated,List 1A,57
B12,Aebersold,Jazz Play-A-Long,"vol 70, Killer Joe",Killer Joe,killer joe,,3,seated,List 1B,29
B12,Aebersold,Jazz Play-A-Long,"vol 70, Killer Joe",Lady Bird,lady bird,,2,seated,List 2,40
B12,Aebersold,Jazz Play-A-Long,"vol 70, Killer Joe",Misty,misty,,1,seated,List 1A,34
B12,Aebersold,Jazz Play-A-Long,"vol 70, Killer Joe",Mr. P.C.,mr p c,,3,seated,List 1A,87
B12,Aebersold,Jazz Play-A-Long,"vol 70, Killer Joe",Sugar,sugar,,2,seated,List 2,71
B12,Aebersold,Jazz Play-A-Long,"vol 70, Killer Joe",Sweet Georgia Brown,sweet georgia brown,,1,seated,List 4,59
B12,Aebersold,Jazz Play-A-Long,"vol 70, Killer Joe",You Stepped Out of a Dream,you stepped out of a dream,,1,seated,List 1A,68
B12,Aebersold,Jazz Play-A-Long,"vol 70, Killer Joe",Birthplace Blues,birthplace blues,,1,outside,,
B12,Aebersold,Jazz Play-A-Long,"vol 70, Killer Joe",Elvinish,elvinish,,1,outside,,
B12,Aebersold,Jazz Play-A-Long,"vol 70, Killer Joe",Stop-Time Blues,stop time blues,,1,outside,,
B13,Alfred,Jazz Easy Play-Along,"vol 1, Easy Standards",Ain't Misbehavin',ain't misbehavin',,1,seated,List 4,16
B13,Alfred,Jazz Easy Play-Along,"vol 1, Easy Standards",Blue Train,blue train,,3,seated,List 1A,84
B13,Alfred,Jazz Easy Play-Along,"vol 1, Easy Standards",Impressions,impressions,,4,seated,List 1A,22
B13,Alfred,Jazz Easy Play-Along,"vol 1, Easy Standards",The Jive Samba,jive samba,,3,outside,,
B13,Alfred,Jazz Easy Play-Along,"vol 1, Easy Standards",Killer Joe,killer joe,,4,seated,List 1B,29
B13,Alfred,Jazz Easy Play-Along,"vol 1, Easy Standards",Little Sunflower,little sunflower,,4,seated,List 1A,29
B13,Alfred,Jazz Easy Play-Along,"vol 1, Easy Standards",My Little Suede Shoes,my little suede shoes,,3,seated,List 2,46
B13,Alfred,Jazz Easy Play-Along,"vol 1, Easy Standards",Perdido,perdido,,2,seated,List 4,56
B13,Alfred,Jazz Easy Play-Along,"vol 1, Easy Standards",Work Song,work song,,2,seated,List 1A,65
B14,Alfred,Jazz Easy Play-Along,"vol 2, Easy Standards",After You've Gone,after you've gone,,1,seated,List 4,30
B14,Alfred,Jazz Easy Play-Along,"vol 2, Easy Standards",Blues March,blues march,,2,seated,List 2,11
B14,Alfred,Jazz Easy Play-Along,"vol 2, Easy Standards",Lazy Bird,lazy bird,,2,seated,List 2,41
B14,Alfred,Jazz Easy Play-Along,"vol 2, Easy Standards",Lester Leaps In,lester leaps in,,1,seated,List 4,98
B14,Alfred,Jazz Easy Play-Along,"vol 2, Easy Standards",Mr. P.C.,mr p c,,4,seated,List 1A,87
B14,Alfred,Jazz Easy Play-Along,"vol 2, Easy Standards",Road Song,road song,,2,outside,,
B14,Alfred,Jazz Easy Play-Along,"vol 2, Easy Standards",Scrapple from the Apple,scrapple from the apple,,2,seated,List 1B,43
B14,Alfred,Jazz Easy Play-Along,"vol 2, Easy Standards",St. James Infirmary,st james infirmary,,2,seated,List 4,10
B14,Alfred,Jazz Easy Play-Along,"vol 2, Easy Standards",Summertime,summertime,,2,seated,List 1A,55
B15,Alfred,Jazz Easy Play-Along,"vol 3, Easy Latin Standards",Gentle Rain,gentle rain,,2,seated,List 3,78
B15,Alfred,Jazz Easy Play-Along,"vol 3, Easy Latin Standards",Listen Here,listen here,,2,outside,,
B15,Alfred,Jazz Easy Play-Along,"vol 3, Easy Latin Standards",Manhã de Carnaval,manha de carnaval,,3,seated,List 1A,31
B15,Alfred,Jazz Easy Play-Along,"vol 3, Easy Latin Standards",Night and Day,night and day,,1,seated,List 1A,40
B15,Alfred,Jazz Easy Play-Along,"vol 3, Easy Latin Standards",Poinciana,poinciana,,2,seated,List 2,58
B15,Alfred,Jazz Easy Play-Along,"vol 3, Easy Latin Standards",Recorda Me,recorda me,,3,seated,List 1A,45
B15,Alfred,Jazz Easy Play-Along,"vol 3, Easy Latin Standards",The Shadow of Your Smile,shadow of your smile,,1,seated,List 1B,50
B15,Alfred,Jazz Easy Play-Along,"vol 3, Easy Latin Standards","Softly, as in a Morning Sunrise",softly as in a morning sunrise,,2,seated,List 1A,49
B15,Alfred,Jazz Easy Play-Along,"vol 3, Easy Latin Standards",Star Eyes,star eyes,,1,seated,List 1B,46
B16,Alfred / Hill,Approaching the Standards,vol 1,Billie's Bounce,billie's bounce,,1,seated,List 1A,72
B16,Alfred / Hill,Approaching the Standards,vol 1,On the Trail,on the trail,,1,declined,,
B16,Alfred / Hill,Approaching the Standards,vol 1,Cantaloupe Island,cantaloupe island,,2,seated,List 1A,9
B16,Alfred / Hill,Approaching the Standards,vol 1,The Preacher,preacher,,1,seated,List 2,75
B16,Alfred / Hill,Approaching the Standards,vol 1,Summertime,summertime,,3,seated,List 1A,55
B16,Alfred / Hill,Approaching the Standards,vol 1,Satin Doll,satin doll,,3,seated,List 1A,47
B16,Alfred / Hill,Approaching the Standards,vol 1,C Jam Blues,c jam blues,,2,seated,List 4,90
B16,Alfred / Hill,Approaching the Standards,vol 1,I Got Rhythm,i got rhythm,,1,seated,List 1A,90
B17,Hal Leonard,Essential Elements for Jazz Ensemble,Book 1,A-Tisket A-Tasket,tisket a tasket,,1,declined,,
B17,Hal Leonard,Essential Elements for Jazz Ensemble,Book 1,Ballin' the Jack,ballin' the jack,,1,declined,,
B17,Hal Leonard,Essential Elements for Jazz Ensemble,Book 1,Boppin' Around,boppin' around,,1,outside,,
B17,Hal Leonard,Essential Elements for Jazz Ensemble,Book 1,Ja-Da,ja da,,1,declined,,
B17,Hal Leonard,Essential Elements for Jazz Ensemble,Book 1,Jingle Bells,jingle bells,,1,declined,,
B17,Hal Leonard,Essential Elements for Jazz Ensemble,Book 1,London Bridge,london bridge,,1,outside,,
B17,Hal Leonard,Essential Elements for Jazz Ensemble,Book 1,Riffin' Around,riffin' around,,1,outside,,
B17,Hal Leonard,Essential Elements for Jazz Ensemble,Book 1,Salsa Caliente,salsa caliente,,1,outside,,
B17,Hal Leonard,Essential Elements for Jazz Ensemble,Book 1,St. Louis Blues,st louis blues,,2,seated,List 4,46
B17,Hal Leonard,Essential Elements for Jazz Ensemble,Book 1,When the Saints Go Marching In,when the saints go marching in,,2,seated,List 4,14
B18,Hal Leonard,Essential Elements for Jazz Ensemble,Book 2,All of Me,all of me,,2,seated,List 1A,2
B18,Hal Leonard,Essential Elements for Jazz Ensemble,Book 2,Ballad for a Blue Horn,ballad for a blue horn,,1,outside,,
B18,Hal Leonard,Essential Elements for Jazz Ensemble,Book 2,Basin Street Blues,basin street blues,,1,seated,List 4,2
B18,Hal Leonard,Essential Elements for Jazz Ensemble,Book 2,Blues for a New Day,blues for a new day,,1,outside,,
B18,Hal Leonard,Essential Elements for Jazz Ensemble,Book 2,Bubbert Goes Retro,bubbert goes retro,,1,outside,,
B18,Hal Leonard,Essential Elements for Jazz Ensemble,Book 2,Bubbert's Groove,bubbert's groove,,1,outside,,
B18,Hal Leonard,Essential Elements for Jazz Ensemble,Book 2,Ja-Da,ja da,,2,declined,,
B18,Hal Leonard,Essential Elements for Jazz Ensemble,Book 2,Mister Cool,mister cool,,1,outside,,
B18,Hal Leonard,Essential Elements for Jazz Ensemble,Book 2,On Broadway,on broadway,,1,outside,,
B18,Hal Leonard,Essential Elements for Jazz Ensemble,Book 2,Perfidia,perfidia,,1,declined,,
B18,Hal Leonard,Essential Elements for Jazz Ensemble,Book 2,Satin Doll,satin doll,,4,seated,List 1A,47
B18,Hal Leonard,Essential Elements for Jazz Ensemble,Book 2,So What,so what,,1,seated,List 1A,48
B18,Hal Leonard,Essential Elements for Jazz Ensemble,Book 2,Song for San Miguel,song for san miguel,,1,outside,,
B18,Hal Leonard,Essential Elements for Jazz Ensemble,Book 2,Sunday Afternoon,sunday afternoon,,1,outside,,
B18,Hal Leonard,Essential Elements for Jazz Ensemble,Book 2,"Take the ""A"" Train",take the a train,,1,seated,List 1A,56
B19,Alfred / Aaronson,Jazz Standards for Students,"Book 1, late elementary",Blues in the Night,blues in the night,,1,seated,List 5B,10
B19,Alfred / Aaronson,Jazz Standards for Students,"Book 1, late elementary",Dill Pickles Rag,dill pickles rag,,1,outside,,
B19,Alfred / Aaronson,Jazz Standards for Students,"Book 1, late elementary",Duke's Place,c jam blues,Y,3,seated,List 4,90
B19,Alfred / Aaronson,Jazz Standards for Students,"Book 1, late elementary",Falling in Love with Love,falling in love with love,,1,seated,List 5A,18
B19,Alfred / Aaronson,Jazz Standards for Students,"Book 1, late elementary",It Ain't Necessarily So,it ain't necessarily so,,1,seated,List 5C,39
B19,Alfred / Aaronson,Jazz Standards for Students,"Book 1, late elementary",My Little Suede Shoes,my little suede shoes,,4,seated,List 2,46
B19,Alfred / Aaronson,Jazz Standards for Students,"Book 1, late elementary",Satin Doll,satin doll,,5,seated,List 1A,47
B19,Alfred / Aaronson,Jazz Standards for Students,"Book 1, late elementary",St. James Infirmary,st james infirmary,,3,seated,List 4,10
B20,Alfred / Aaronson,Jazz Standards for Students,"Book 2, early intermediate",Blues in the Night,blues in the night,,2,seated,List 5B,10
B20,Alfred / Aaronson,Jazz Standards for Students,"Book 2, early intermediate",Caravan,caravan,,1,seated,List 1A,10
B20,Alfred / Aaronson,Jazz Standards for Students,"Book 2, early intermediate",Duke's Place,c jam blues,Y,4,seated,List 4,90
B20,Alfred / Aaronson,Jazz Standards for Students,"Book 2, early intermediate",Falling in Love with Love,falling in love with love,,2,seated,List 5A,18
B20,Alfred / Aaronson,Jazz Standards for Students,"Book 2, early intermediate",Satin Doll,satin doll,,6,seated,List 1A,47
B20,Alfred / Aaronson,Jazz Standards for Students,"Book 2, early intermediate",St. Louis Blues,st louis blues,,3,seated,List 4,46
B20,Alfred / Aaronson,Jazz Standards for Students,"Book 2, early intermediate",A Summer Breeze (March and Two-Step),summer breeze,,1,outside,,
B21,Alfred / Aaronson,Jazz Standards for Students,"Book 3, intermediate",Ain't Misbehavin',ain't misbehavin',,2,seated,List 4,16
B21,Alfred / Aaronson,Jazz Standards for Students,"Book 3, intermediate",Blue Rondo à la Turk,blue rondo a la turk,,1,outside,,
B21,Alfred / Aaronson,Jazz Standards for Students,"Book 3, intermediate",Blues in the Night,blues in the night,,3,seated,List 5B,10
B21,Alfred / Aaronson,Jazz Standards for Students,"Book 3, intermediate",Duke's Place,c jam blues,Y,5,seated,List 4,90
B21,Alfred / Aaronson,Jazz Standards for Students,"Book 3, intermediate",Fly Me to the Moon,fly me to the moon,,2,seated,List 5A,19
B21,Alfred / Aaronson,Jazz Standards for Students,"Book 3, intermediate",Medic Rag (Ragtime Two-Step),medic rag,,1,outside,,
B21,Alfred / Aaronson,Jazz Standards for Students,"Book 3, intermediate",My Funny Valentine,my funny valentine,,1,seated,List 1A,37
B21,Alfred / Aaronson,Jazz Standards for Students,"Book 3, intermediate",Poinciana,poinciana,,3,seated,List 2,58
B21,Alfred / Aaronson,Jazz Standards for Students,"Book 3, intermediate",Satin Doll,satin doll,,7,seated,List 1A,47
B21,Alfred / Aaronson,Jazz Standards for Students,"Book 3, intermediate",Take Five,take five,,2,seated,List 1B,48
B22,GIA / Miles,Teaching Music through Performance in Jazz,Grade 1,The Chicken,chicken,,1,outside,,
B22,GIA / Miles,Teaching Music through Performance in Jazz,Grade 1,Gospel,gospel,,1,outside,,
B22,GIA / Miles,Teaching Music through Performance in Jazz,Grade 1,Gospel Blues,gospel blues,,1,outside,,
B22,GIA / Miles,Teaching Music through Performance in Jazz,Grade 1,Milestones,milestones,,2,seated,List 1A,33
B22,GIA / Miles,Teaching Music through Performance in Jazz,Grade 1,Poco Loco,poco loco,,1,outside,,
B22,GIA / Miles,Teaching Music through Performance in Jazz,Grade 1,Summertime,summertime,,4,seated,List 1A,55
B22,GIA / Miles,Teaching Music through Performance in Jazz,Grade 1,Watermelon Man,watermelon man,,2,seated,List 1A,61
B23,GIA / Miles,Teaching Music through Performance in Jazz,Grade 1.5,Afro Blue,afro blue,,2,seated,List 1A,1
B23,GIA / Miles,Teaching Music through Performance in Jazz,Grade 1.5,"Dance, Big'un, Dance",dance big'un dance,,1,outside,,
B23,GIA / Miles,Teaching Music through Performance in Jazz,Grade 1.5,Done Deal,done deal,,1,outside,,
B23,GIA / Miles,Teaching Music through Performance in Jazz,Grade 1.5,El Ritmo de Vida,el ritmo de vida,,1,outside,,
B23,GIA / Miles,Teaching Music through Performance in Jazz,Grade 1.5,Embraceable You,embraceable you,,1,seated,List 1B,15
B23,GIA / Miles,Teaching Music through Performance in Jazz,Grade 1.5,Front Burner,front burner,,1,outside,,
B23,GIA / Miles,Teaching Music through Performance in Jazz,Grade 1.5,Moanin',moanin',,1,seated,List 1B,36
B23,GIA / Miles,Teaching Music through Performance in Jazz,Grade 1.5,"Sing, Sing, Sing",sing sing sing,,1,declined,,
B23,GIA / Miles,Teaching Music through Performance in Jazz,Grade 1.5,"Take the ""A"" Train",take the a train,,2,seated,List 1A,56
B23,GIA / Miles,Teaching Music through Performance in Jazz,Grade 1.5,The Creeper,creeper,,1,outside,,
B23,GIA / Miles,Teaching Music through Performance in Jazz,Grade 1.5,Work Song,work song,,3,seated,List 1A,65
B24,GIA / Miles,Teaching Music through Performance in Jazz,Grade 2,A Child Is Born,child is born,,2,seated,List 2,1
B24,GIA / Miles,Teaching Music through Performance in Jazz,Grade 2,A Night in Tunisia,night in tunisia,,1,seated,List 1A,41
B24,GIA / Miles,Teaching Music through Performance in Jazz,Grade 2,Aftershock,aftershock,,1,outside,,
B24,GIA / Miles,Teaching Music through Performance in Jazz,Grade 2,Água de Beber,agua de beber,,2,outside,,
B24,GIA / Miles,Teaching Music through Performance in Jazz,Grade 2,April in Paris,april in paris,,1,seated,List 5A,2
B24,GIA / Miles,Teaching Music through Performance in Jazz,Grade 2,Blue Bossa,blue bossa,,1,seated,List 1A,6
B24,GIA / Miles,Teaching Music through Performance in Jazz,Grade 2,Blue Monk,blue monk,,1,seated,List 1A,74
B24,GIA / Miles,Teaching Music through Performance in Jazz,Grade 2,Blues in Hoss Flat,blues in hoss flat,,1,outside,,
B24,GIA / Miles,Teaching Music through Performance in Jazz,Grade 2,Bottom Line Blues,bottom line blues,,1,outside,,
B24,GIA / Miles,Teaching Music through Performance in Jazz,Grade 2,Chameleon,chameleon,,1,outside,,
B24,GIA / Miles,Teaching Music through Performance in Jazz,Grade 2,Flight of the Foo Birds,flight of the foo birds,,1,outside,,
B24,GIA / Miles,Teaching Music through Performance in Jazz,Grade 2,Katy-Do,katy do,,1,outside,,
B24,GIA / Miles,Teaching Music through Performance in Jazz,Grade 2,Libertango,libertango,,1,outside,,
B24,GIA / Miles,Teaching Music through Performance in Jazz,Grade 2,Li'l Darlin',li'l darlin',,1,seated,List 4,70
B24,GIA / Miles,Teaching Music through Performance in Jazz,Grade 2,"Mercy, Mercy, Mercy",mercy mercy mercy,,3,seated,List 1A,32
B24,GIA / Miles,Teaching Music through Performance in Jazz,Grade 2,Opus in Chartreuse,opus in chartreuse,,1,outside,,
B24,GIA / Miles,Teaching Music through Performance in Jazz,Grade 2,'Round Midnight,'round midnight,,1,seated,List 1A,46
B24,GIA / Miles,Teaching Music through Performance in Jazz,Grade 2,St. James Infirmary,st james infirmary,,4,seated,List 4,10
B24,GIA / Miles,Teaching Music through Performance in Jazz,Grade 2,The Blues Walk,blues walk,,1,seated,List 1A,81
B25,GIA / Miles,Teaching Music through Performance in Jazz,Grade 2.5,Bags' Groove,bags' groove,,2,seated,List 1A,71
B25,GIA / Miles,Teaching Music through Performance in Jazz,Grade 2.5,Blue Note Special,blue note special,,1,outside,,
B25,GIA / Miles,Teaching Music through Performance in Jazz,Grade 2.5,Cantaloupe Island,cantaloupe island,,3,seated,List 1A,9
B25,GIA / Miles,Teaching Music through Performance in Jazz,Grade 2.5,For Lena and Lennie,for lena and lennie,,1,outside,,
B25,GIA / Miles,Teaching Music through Performance in Jazz,Grade 2.5,Georgia on My Mind,georgia on my mind,,1,seated,List 1B,17
B25,GIA / Miles,Teaching Music through Performance in Jazz,Grade 2.5,Isfahan,isfahan,,1,seated,List 2,37
B25,GIA / Miles,Teaching Music through Performance in Jazz,Grade 2.5,Meetin' Time,meetin' time,,1,outside,,
B25,GIA / Miles,Teaching Music through Performance in Jazz,Grade 2.5,Miss Missouri,miss missouri,,1,outside,,
B25,GIA / Miles,Teaching Music through Performance in Jazz,Grade 2.5,Oclupaca,oclupaca,,1,outside,,
B25,GIA / Miles,Teaching Music through Performance in Jazz,Grade 2.5,Running of the Bulls,running of the bulls,,1,outside,,
B25,GIA / Miles,Teaching Music through Performance in Jazz,Grade 2.5,The Woogie,woogie,,1,outside,,
B25,GIA / Miles,Teaching Music through Performance in Jazz,Grade 2.5,Tiger of San Pedro,tiger of san pedro,,1,outside,,
B26,GIA / Miles,Teaching Music through Performance in Jazz,Grade 3,Creole Love Call,creole love call,,1,declined,,
B26,GIA / Miles,Teaching Music through Performance in Jazz,Grade 3,Cute,cute,,1,outside,,
B26,GIA / Miles,Teaching Music through Performance in Jazz,Grade 3,In a Mellow Tone,in a mellow tone,,2,seated,List 4,79
B26,GIA / Miles,Teaching Music through Performance in Jazz,Grade 3,Indiana,indiana,,1,seated,List 4,39
B26,GIA / Miles,Teaching Music through Performance in Jazz,Grade 3,It Only Happens Every Time,it only happens every time,,1,outside,,
B26,GIA / Miles,Teaching Music through Performance in Jazz,Grade 3,Jeep's Blues,jeep's blues,,1,outside,,
B26,GIA / Miles,Teaching Music through Performance in Jazz,Grade 3,One O'Clock Jump,one o'clock jump,,1,seated,List 4,92
B26,GIA / Miles,Teaching Music through Performance in Jazz,Grade 3,Sugar,sugar,,3,seated,List 2,71
B26,GIA / Miles,Teaching Music through Performance in Jazz,Grade 3,Topsy,topsy,,1,declined,,
B27,GIA / Miles,Teaching Music through Performance in Jazz,Grade 3.5,Blue Five Jive,blue five jive,,1,outside,,
B27,GIA / Miles,Teaching Music through Performance in Jazz,Grade 3.5,Blues March,blues march,,3,seated,List 2,11
B27,GIA / Miles,Teaching Music through Performance in Jazz,Grade 3.5,Tow Away Zone,tow away zone,,1,outside,,
