search_form,seated_as,tier,entry_no,match_key
"52nd Street Theme (AKA, The Theme)",52nd Street Theme,List 3,126,52ndstreettheme
Afternoon In Paris,Afternoon in Paris,List 2,3,afternooninparis
and West of the Moon,East of the Sun,List 5A,12,eastofthesun
Autumn Leaves (Les Feuilles Mortes),Autumn Leaves,List 1A,5,autumnleaves
Back Home Again In Indiana,Indiana,List 4,39,indiana
Bean And The Boys (AKA Burt Covers Bud),Bean and the Boys,List 3,8,beanandtheboys
Bessie's Blues,Bessie's Blues,List 2,94,bessiesblues
Black Orpheus,Manha De Carnaval,List 1A,31,manhadecarnaval
Blue Bolivar Blues,Bolivar Blues,List 3,94,bolivarblues
Blue Train,Blue Trane,List 1A,84,bluetrane
"Blues Walk, The",The Blues Walk,List 1A,81,blueswalk
Body & Soul,Body and Soul,List 1A,8,bodyandsoul
Burt Covers Bud,Bean and the Boys,List 3,8,beanandtheboys
But Don't Tease Me,Just Squeeze Me,List 4,83,justsqueezeme
Can't Help Lovin That Man,Can’t Help Lovin’ Dat Man,List 5C,9,canthelplovindatman
Can't Take That Away From Me,They Can't Take That Away from Me,List 5A,76,theycanttakethatawayfromme
Chega De Saudade,No More Blues,List 2,50,nomoreblues
Cherokee (Indian Love Song),Cherokee,List 1A,11,cherokee
Corcovado (Quiet Nights of Quiet Stars),Corcovado,List 1A,13,corcovado
Darn That Dream,Darn That Dream,List 5A,9,darnthatdream
A Day In The Life Of A Fool,Manha De Carnaval,List 1A,31,manhadecarnaval
Dippermouth Blues,Sugar Foot Stomp,List 4,47,sugarfootstomp
Do Nothing Till You Hear From Me,Do Nothin' Till You Hear from Me,List 5A,10,donothintillyouhearfromme
Drinkin' And Drivin',502 Blues,List 3,3,502blues
Duke's Place,C Jam Blues,List 4,90,cjamblues
East Of The Sun And West Of The Moon,East of the Sun,List 5A,12,eastofthesun
E.S.P.,E.S.P.,List 2,19,esp
Eternal Triangle,The Eternal Triangle,List 2,115,eternaltriangle
Fee Fi Fo Fum,Fee-Fi-Fo-Fum,List 2,21,feefifofum
Fly Me to the Moon (In Other Words),Fly Me to the Moon,List 5A,19,flymetothemoon
Foggy Day,A Foggy Day,List 1B,1,foggyday
"Foggy Day, A",A Foggy Day,List 1B,1,foggyday
Fools Rush in (Where Angels Fear to Tread),Fools Rush in,List 5B,19,foolsrushin
Freddie the Freeloader,Freddie Freeloader,List 1A,75,freddiefreeloader
Georgia,Georgia on My Mind,List 1B,17,georgiaonmymind
Girl From Ipanema,The Girl From Ipanema,List 1A,57,girlfromipanema
Hey Little Girl,Wives and Lovers,List 5B,75,wivesandlovers
I Can't Get Started (with You),I Can't Get Started,List 1B,23,icantgetstarted
I Could Write A Book,I Could Write a Book,List 5B,23,icouldwriteabook
I Don't Stand A,Ghost of a Chance,List 5A,21,ghostofachance
(I Don't Stand A) Ghost of a Chance,Ghost of a Chance,List 5A,21,ghostofachance
If I Could Be with You (One Hour Tonight),If I Could Be with You,List 4,38,ificouldbewithyou
If I Were A Bell,If I Were a Bell,List 2,33,ifiwereabell
I'll Be Glad When You're Dead,You Rascal You,List 4,29,yourascalyou
(I'll Be Glad When You're Dead) You Rascal You,You Rascal You,List 4,29,yourascalyou
In a Mellotone,In a Mellotone,List 4,79,inamellotone
In A Mellow Tone,In a Mellotone,List 4,79,inamellotone
In Other Words,Fly Me to the Moon,List 5A,19,flymetothemoon
Indian Love Song,Cherokee,List 1A,11,cherokee
Indiana,Indiana,List 4,39,indiana
Indiana (Back Home Again in Indiana),Indiana,List 4,39,indiana
It Don't Mean A Thing,It Don't Mean a Thing,List 4,80,itdontmeanathing
It Had To Be You,It Had to Be You,List 5A,38,ithadtobeyou
It Might As Well Be Spring,It Might As Well Be Spring,List 5A,39,itmightaswellbespring
Jumpon' At The Woodside,Jumpin' at the Woodside,List 4,69,jumpinatthewoodside
Just Squeeze Me (But Don't Tease Me),Just Squeeze Me,List 4,83,justsqueezeme
Keeps Rainin' All the Time,Stormy Weather,List 5A,67,stormyweather
Les Feuilles Mortes,Autumn Leaves,List 1A,5,autumnleaves
Lover Man,Lover Man,List 5A,43,loverman
"Lover Man (Oh, Where Can You Be)",Lover Man,List 5A,43,loverman
"Milestones (1958, modal)",Milestones,List 1A,33,milestones
Milestones (new),Milestones,List 1A,33,milestones
Milestones (old),Milestones,List 1A,33,milestones
Milestones (old) (1947 line),Milestones,List 1A,33,milestones
Moonlight In Vermont,Moonlight in Vermont,List 5A,48,moonlightinvermont
Morning Of The Carnival,Manha De Carnaval,List 1A,31,manhadecarnaval
My Favourite Things,My Favorite Things,List 1A,36,myfavoritethings
My Secret Love,Secret Love,List 5A,59,secretlove
"Nearness of You, The",The Nearness of You,List 5A,72,nearnessofyou
The Nearness Of You,The Nearness of You,List 5A,72,nearnessofyou
"Night Has a Thousand Eyes, The",The Night Has a Thousand Eyes,List 1B,49,nighthasathousandeyes
"Night in Tunisia, A",Night in Tunisia,List 1A,41,nightintunisia
No Blues,Pfrancing,List 2,106,pfrancing
No Blues (AKA Pfrancing),Pfrancing,List 2,106,pfrancing
No Me Esqueca,Recordame,List 1A,45,recordame
No More Blues,No More Blues,List 2,50,nomoreblues
No More Blues (Chega de Saudade),No More Blues,List 2,50,nomoreblues
On The Sunny Side Of The Street,On the Sunny Side of the Street,List 4,55,onthesunnysideofthestreet
One Hour Tonight,If I Could Be with You,List 4,38,ificouldbewithyou
Ooh,What a Little Moonlight Can Do,List 5C,65,whatalittlemoonlightcando
(Ooh) What a Little Moonlight Can Do,What a Little Moonlight Can Do,List 5C,65,whatalittlemoonlightcando
Our Love Is Here To Stay,Love Is Here to Stay,List 1B,32,loveisheretostay
Prelude To A Kiss,Prelude to a Kiss,List 5A,57,preludetoakiss
Quiet Nights of Quiet Stars,Corcovado,List 1A,13,corcovado
Samba De Orpheus,Samba De Orfeu,List 2,61,sambadeorfeu
Senor Blues,Señor Blues,List 2,110,senorblues
"Serpent's Tooth, The",The Serpent's Tooth,List 3,140,serpentstooth
Seven Steps To Heaven,Seven Steps To Heaven,List 2,62,sevenstepstoheaven
Shadow Of The Smile,The Shadow of Your Smile,List 1B,50,shadowofyoursmile
Shadow of Your Smile,The Shadow of Your Smile,List 1B,50,shadowofyoursmile
"Shadow of Your Smile, The",The Shadow of Your Smile,List 1B,50,shadowofyoursmile
Someone To Watch Over Me,Someone to Watch Over Me,List 5A,64,someonetowatchoverme
"Song is You, The",The Song Is You,List 1B,51,songisyou
Star Dust,Star Dust,List 4,22,stardust
Stompin At The Savoy,Stompin' at the Savoy,List 4,58,stompinatthesavoy
Stormy Weather (Keeps Rainin' All the Time),Stormy Weather,List 5A,67,stormyweather
Sugar,Sugar,List 2,71,sugar
Sugar (That Sugar Baby O' Mine),Sugar,List 2,71,sugar
Take 5,Take Five,List 1B,48,takefive
That Sugar Baby O' Mine,Sugar,List 2,71,sugar
The Theme,52nd Street Theme,List 3,126,52ndstreettheme
The Theme From Black Orpheus,Manha De Carnaval,List 1A,31,manhadecarnaval
Tico No Fuba,Tico Tico,List 2,77,ticotico
Tico Tico (Tico No Fuba),Tico Tico,List 2,77,ticotico
UMMG,Upper Manhattan Medical Group,List 2,81,uppermanhattanmedicalgroup
Unit 7,Unit Seven,List 2,80,unitseven
Upper Manhattan Medical Group (UMMG),Upper Manhattan Medical Group,List 2,81,uppermanhattanmedicalgroup
Waltz for Debbie,Waltz for Debby,List 2,83,waltzfordebby
The Way You Look Tonight,The Way You Look Tonight,List 5A,73,wayyoulooktonight
"Way You Look Tonight, The",The Way You Look Tonight,List 5A,73,wayyoulooktonight
Wee,Allen's Alley,List 3,128,allensalley
Wee (Allen's Alley),Allen's Alley,List 3,128,allensalley
wellyouneedent,Well You Needn't,List 1A,63,wellyouneednt
What A Difference A Day Makes,What a Difference a Day Made,List 5B,68,whatadifferenceadaymade
What Did I Do?,You're Driving Me Crazy,List 5C,69,youredrivingmecrazy
What's New,What's New?,List 5A,78,whatsnew
When I Fall In Love,When I Fall in Love,List 5B,69,whenifallinlove
Where Angels Fear to Tread,Fools Rush in,List 5B,19,foolsrushin
Where Can You Be,Lover Man,List 5A,43,loverman
Willow Weep For Me,Willow Weep For Me,List 5A,79,willowweepforme
with You,I Can't Get Started,List 1B,23,icantgetstarted
Wives and Lovers (Hey Little Girl),Wives and Lovers,List 5B,75,wivesandlovers
Yes Or No,Yes Or No,List 2,91,yesorno
You'd Be So Nice to Come Home To,You'd Be So Nice to Come Home To,List 2,93,youdbesonicetocomehometo
