anomaly_class,match_key,title_as_printed,appears_in,resolved_by,disposition,note
variant form,502blues,502 Blues (AKA Drinkin' And Drivin'),chapter,normalization,fold to match_key,one composition printed 2 ways across the sources
variant form,502blues,502 Blues (Drinkin' And Drivin'),Index,normalization,fold to match_key,one composition printed 2 ways across the sources
variant form,52ndstreettheme,52nd Street Theme,ranking; survey cat,normalization,fold to match_key,one composition printed 2 ways across the sources
variant form,52ndstreettheme,"52nd Street Theme (AKA, The Theme)",Index,normalization,fold to match_key,one composition printed 2 ways across the sources
variant form,afternooninparis,Afternoon In Paris,log; log 201; survey L2; survey graded,normalization,fold to match_key,one composition printed 2 ways across the sources
variant form,afternooninparis,Afternoon in Paris,Index; ranking,normalization,fold to match_key,one composition printed 2 ways across the sources
variant form,aintmisbehavin,Ain't Misbehavin',Index; ranking,normalization,fold to match_key,one composition printed 2 ways across the sources
variant form,aintmisbehavin,Aint Misbehavin',log,normalization,fold to match_key,one composition printed 2 ways across the sources
variant form,allensalley,Allen's Alley,ranking,normalization,fold to match_key,one composition printed 3 ways across the sources
variant form,allensalley,Allen's Alley (wee),Index,normalization,fold to match_key,one composition printed 3 ways across the sources
variant form,allensalley,Wee (Allen's Alley),survey cat,declared fold,fold to match_key,one composition printed 3 ways across the sources
variant form,allofme,All Of Me,log; log 201,normalization,fold to match_key,one composition printed 2 ways across the sources
variant form,allofme,All of Me,Index; ranking; survey L1; survey graded,normalization,fold to match_key,one composition printed 2 ways across the sources
variant form,allofyou,All Of You,log 201,normalization,fold to match_key,one composition printed 2 ways across the sources
variant form,allofyou,All of You,Index; ranking; survey L2; survey graded,normalization,fold to match_key,one composition printed 2 ways across the sources
variant form,allthethingsyouare,All The Things You Are,Index; log; log 201,normalization,fold to match_key,one composition printed 2 ways across the sources
variant form,allthethingsyouare,All the Things You Are,ranking; survey L1; survey graded,normalization,fold to match_key,one composition printed 2 ways across the sources
variant form,aprilinparis,April In Paris,log,normalization,fold to match_key,one composition printed 2 ways across the sources
variant form,aprilinparis,April in Paris,Index; ranking,normalization,fold to match_key,one composition printed 2 ways across the sources
variant form,autumninnewyork,Autumn In New York,log,normalization,fold to match_key,one composition printed 2 ways across the sources
variant form,autumninnewyork,Autumn in New York,Index; ranking,normalization,fold to match_key,one composition printed 2 ways across the sources
variant form,autumnleaves,Autumn Leaves,Index; log; log 201; survey L1; survey graded,normalization,fold to match_key,one composition printed 2 ways across the sources
variant form,autumnleaves,Autumn Leaves (Les Feuilles Mortes),ranking,normalization,fold to match_key,one composition printed 2 ways across the sources
variant form,bagsgroove,Bag's Groove,survey L2; survey cat; survey graded,normalization,fold to match_key,one composition printed 3 ways across the sources
variant form,bagsgroove,Bags Groove,log; log 201,normalization,fold to match_key,one composition printed 3 ways across the sources
variant form,bagsgroove,Bags' Groove,Index; ranking,normalization,fold to match_key,one composition printed 3 ways across the sources
variant form,beanandtheboys,Bean And The Boys (AKA Burt Covers Bud),chapter,normalization,fold to match_key,one composition printed 2 ways across the sources
variant form,beanandtheboys,Bean and the Boys,Index,normalization,fold to match_key,one composition printed 2 ways across the sources
variant form,bessiesblues,Bessie's Blues,Index; chapter; log 201; survey L2; survey cat; survey graded,normalization,fold to match_key,one composition printed 2 ways across the sources
variant form,bessiesblues,Bessies Blues,log,normalization,fold to match_key,one composition printed 2 ways across the sources
variant form,billiesbounce,Billie's Bounce,log; log 201; ranking; survey L1; survey cat; survey graded,normalization,fold to match_key,one composition printed 2 ways across the sources
variant form,billiesbounce,Billie’s Bounce,Index,normalization,fold to match_key,one composition printed 2 ways across the sources
variant form,birksworks,Birk's Works,Index; log; ranking; survey cat,normalization,fold to match_key,one composition printed 2 ways across the sources
variant form,birksworks,Birks Works,log 201,normalization,fold to match_key,one composition printed 2 ways across the sources
variant form,blueingreen,Blue In Green,log; log 201,normalization,fold to match_key,one composition printed 2 ways across the sources
variant form,blueingreen,Blue in Green,Index; ranking,normalization,fold to match_key,one composition printed 2 ways across the sources
variant form,bluenboogie,Blue 'N' Boogie,Index; ranking,normalization,fold to match_key,one composition printed 2 ways across the sources
variant form,bluenboogie,Blue 'n' Boogie,survey cat,normalization,fold to match_key,one composition printed 2 ways across the sources
variant form,bluesbyfive,Blues By Five,chapter; log; log 201; residue B,normalization,fold to match_key,one composition printed 2 ways across the sources
variant form,bluesbyfive,Blues by Five,survey cat,normalization,fold to match_key,one composition printed 2 ways across the sources
variant form,bluesforalice,Blues For Alice,Index; chapter; log; log 201,normalization,fold to match_key,one composition printed 2 ways across the sources
variant form,bluesforalice,Blues for Alice,survey L1; survey cat; survey graded,normalization,fold to match_key,one composition printed 2 ways across the sources
variant form,bluesinthecloset,Blues In The Closet,log; log 201,normalization,fold to match_key,one composition printed 2 ways across the sources
variant form,bluesinthecloset,Blues in the Closet,Index; ranking; survey cat,normalization,fold to match_key,one composition printed 2 ways across the sources
variant form,bluesonthecorner,Blues On The Corner,Index; chapter,normalization,fold to match_key,one composition printed 2 ways across the sources
variant form,bluesonthecorner,Blues on the Corner,survey cat,normalization,fold to match_key,one composition printed 2 ways across the sources
variant form,blueswalk,"Blues Walk, The",survey cat,normalization,fold to match_key,one composition printed 2 ways across the sources
variant form,blueswalk,The Blues Walk,Index; chapter,normalization,fold to match_key,one composition printed 2 ways across the sources
variant form,bluetrane,Blue Train,log; log 201,declared fold,fold to match_key,one composition printed 2 ways across the sources
variant form,bluetrane,Blue Trane,Index; chapter; survey cat,normalization,fold to match_key,one composition printed 2 ways across the sources
variant form,bodyandsoul,Body & Soul,survey L1; survey graded,normalization,fold to match_key,one composition printed 3 ways across the sources
variant form,bodyandsoul,Body And Soul,log; log 201,normalization,fold to match_key,one composition printed 3 ways across the sources
variant form,bodyandsoul,Body and Soul,Index; ranking,normalization,fold to match_key,one composition printed 3 ways across the sources
variant form,bolivarblues,Blue Bolivar Blues,log; survey cat,declared fold,fold to match_key,one composition printed 2 ways across the sources
variant form,bolivarblues,Bolivar Blues,Index,normalization,fold to match_key,one composition printed 2 ways across the sources
variant form,butnotforme,But Not For Me,log; log 201,normalization,fold to match_key,one composition printed 2 ways across the sources
variant form,butnotforme,But Not for Me,Index; ranking; survey L1; survey graded,normalization,fold to match_key,one composition printed 2 ways across the sources
variant form,canthelplovindatman,Can't Help Lovin That Man,log,declared fold,fold to match_key,one composition printed 3 ways across the sources
variant form,canthelplovindatman,Can't Help Lovin' Dat Man,ranking,normalization,fold to match_key,one composition printed 3 ways across the sources
variant form,canthelplovindatman,Can’t Help Lovin’ Dat Man,Index,normalization,fold to match_key,one composition printed 3 ways across the sources
variant form,cheektocheek,Cheek To Cheek,log,normalization,fold to match_key,one composition printed 2 ways across the sources
variant form,cheektocheek,Cheek to Cheek,Index; ranking,normalization,fold to match_key,one composition printed 2 ways across the sources
variant form,cherokee,Cherokee,Index; log; log 201; survey L1; survey graded,normalization,fold to match_key,one composition printed 2 ways across the sources
variant form,cherokee,Cherokee (Indian Love Song),ranking,normalization,fold to match_key,one composition printed 2 ways across the sources
variant form,chicken,"Chicken, The",survey cat,normalization,fold to match_key,one composition printed 2 ways across the sources
variant form,chicken,The Chicken,log,normalization,fold to match_key,one composition printed 2 ways across the sources
variant form,cjamblues,C Jam Blues,log; ranking; survey cat,normalization,fold to match_key,one composition printed 2 ways across the sources
variant form,cjamblues,C Jam Blues (Duke's Place),Index,normalization,fold to match_key,one composition printed 2 ways across the sources
variant form,comerainorcomeshine,Come Rain Or Come Shine,log; log 201,normalization,fold to match_key,one composition printed 2 ways across the sources
variant form,comerainorcomeshine,Come Rain or Come Shine,Index; ranking; survey L2; survey graded,normalization,fold to match_key,one composition printed 2 ways across the sources
variant form,corcovado,Corcovado,Index; log; log 201; survey L1; survey graded,normalization,fold to match_key,one composition printed 2 ways across the sources
variant form,corcovado,Corcovado (Quiet Nights of Quiet Stars),ranking,normalization,fold to match_key,one composition printed 2 ways across the sources
variant form,crymeariver,Cry Me A River,log,normalization,fold to match_key,one composition printed 2 ways across the sources
variant form,crymeariver,Cry Me a River,Index; ranking,normalization,fold to match_key,one composition printed 2 ways across the sources
variant form,danceoftheinfidels,Dance Of The Infidels,Index; chapter,normalization,fold to match_key,one composition printed 2 ways across the sources
variant form,danceoftheinfidels,Dance of the Infidels,survey cat,normalization,fold to match_key,one composition printed 2 ways across the sources
variant form,darnthatdream,Darn That Dream,Index; log; log 201; ranking,normalization,fold to match_key,one composition printed 2 ways across the sources
variant form,darnthatdream,Darn that Dream,survey L2; survey graded,normalization,fold to match_key,one composition printed 2 ways across the sources
variant form,daysofwineandroses,Days Of Wine And Roses,log; log 201,normalization,fold to match_key,one composition printed 2 ways across the sources
variant form,daysofwineandroses,Days of Wine and Roses,Index; ranking; survey L1; survey graded,normalization,fold to match_key,one composition printed 2 ways across the sources
variant form,donothintillyouhearfromme,Do Nothin' Till You Hear from Me,Index; ranking,normalization,fold to match_key,one composition printed 2 ways across the sources
variant form,donothintillyouhearfromme,Do Nothing Till You Hear From Me,log,declared fold,fold to match_key,one composition printed 2 ways across the sources
variant form,dontexplain,Don't Explain,ranking,normalization,fold to match_key,one composition printed 2 ways across the sources
variant form,dontexplain,Don’t Explain,Index,normalization,fold to match_key,one composition printed 2 ways across the sources
variant form,dontgetaroundmuchanymore,Don't Get Around Much Anymore,Index; log 201; ranking; survey L2; survey graded,normalization,fold to match_key,one composition printed 2 ways across the sources
variant form,dontgetaroundmuchanymore,Dont' Get Around Much Any More,log,normalization,fold to match_key,one composition printed 2 ways across the sources
variant form,dontyouknowicare,Don't You Know I Care,Index,normalization,fold to match_key,one composition printed 2 ways across the sources
variant form,dontyouknowicare,Don't You Know I Care?,ranking,normalization,fold to match_key,one composition printed 2 ways across the sources
variant form,eastofthesun,East Of The Sun And West Of The Moon,log,declared fold,fold to match_key,one composition printed 3 ways across the sources
variant form,eastofthesun,East of the Sun,Index,normalization,fold to match_key,one composition printed 3 ways across the sources
variant form,eastofthesun,East of the Sun (and West of the Moon),ranking,normalization,fold to match_key,one composition printed 3 ways across the sources
variant form,easytolove,Easy To Love,log,normalization,fold to match_key,one composition printed 2 ways across the sources
variant form,easytolove,Easy to Love,Index; ranking,normalization,fold to match_key,one composition printed 2 ways across the sources
variant form,endofaloveaffair,The End Of A Love Affair,Index; log,normalization,fold to match_key,one composition printed 2 ways across the sources
variant form,endofaloveaffair,The End of a Love Affair,ranking,normalization,fold to match_key,one composition printed 2 ways across the sources
variant form,esp,E.S.P.,Index; chapter; log 201; survey L2; survey graded,normalization,fold to match_key,one composition printed 2 ways across the sources
variant form,esp,ESP,log,normalization,fold to match_key,one composition printed 2 ways across the sources
variant form,eternaltriangle,Eternal Triangle,survey cat,normalization,fold to match_key,one composition printed 2 ways across the sources
variant form,eternaltriangle,The Eternal Triangle,Index; chapter,normalization,fold to match_key,one composition printed 2 ways across the sources
variant form,everythinghappenstome,Everything Happens To Me,log,normalization,fold to match_key,one composition printed 2 ways across the sources
variant form,everythinghappenstome,Everything Happens to Me,Index; ranking,normalization,fold to match_key,one composition printed 2 ways across the sources
variant form,evrytimewesaygoodbye,Ev'ry Time We Say Goodbye,ranking,normalization,fold to match_key,one composition printed 2 ways across the sources
variant form,evrytimewesaygoodbye,Ev’ry Time We Say Goodbye,Index,normalization,fold to match_key,one composition printed 2 ways across the sources
variant form,feefifofum,Fee Fi Fo Fum,log; log 201; survey L2; survey graded,normalization,fold to match_key,one composition printed 2 ways across the sources
variant form,feefifofum,Fee-Fi-Fo-Fum,Index; chapter,normalization,fold to match_key,one composition printed 2 ways across the sources
variant form,flintstones,(Meet) The Flintstones,chapter; residue B,normalization,fold to match_key,one composition printed 2 ways across the sources
variant form,flintstones,"Flintstones, The",survey cat,normalization,fold to match_key,one composition printed 2 ways across the sources
variant form,flymetothemoon,Fly Me To The Moon,log 201,normalization,fold to match_key,one composition printed 4 ways across the sources
variant form,flymetothemoon,Fly Me To the Moon,log,normalization,fold to match_key,one composition printed 4 ways across the sources
variant form,flymetothemoon,Fly Me to the Moon,Index,normalization,fold to match_key,one composition printed 4 ways across the sources
variant form,flymetothemoon,Fly Me to the Moon (In Other Words),ranking,normalization,fold to match_key,one composition printed 4 ways across the sources
variant form,foggyday,A Foggy Day,Index; log 201; ranking,normalization,fold to match_key,one composition printed 3 ways across the sources
variant form,foggyday,Foggy Day,log,normalization,fold to match_key,one composition printed 3 ways across the sources
variant form,foggyday,"Foggy Day, A",survey L2; survey graded,normalization,fold to match_key,one composition printed 3 ways across the sources
variant form,foolsrushin,Fools Rush in,Index,normalization,fold to match_key,one composition printed 2 ways across the sources
variant form,foolsrushin,Fools Rush in (Where Angels Fear to Tread),ranking,normalization,fold to match_key,one composition printed 2 ways across the sources
variant form,forheavenssake,For Heaven's Sake,log; log 201; ranking,normalization,fold to match_key,one composition printed 2 ways across the sources
variant form,forheavenssake,For Heaven’s Sake,Index,normalization,fold to match_key,one composition printed 2 ways across the sources
variant form,fourinone,Four In One,Index; chapter,normalization,fold to match_key,one composition printed 2 ways across the sources
variant form,fourinone,Four in One,survey L2; survey graded,normalization,fold to match_key,one composition printed 2 ways across the sources
variant form,fouronsix,Four On Six,Index; chapter,normalization,fold to match_key,one composition printed 2 ways across the sources
variant form,fouronsix,Four on Six,log,normalization,fold to match_key,one composition printed 2 ways across the sources
variant form,freddiefreeloader,Freddie Freeloader,Index; chapter; log; log 201; survey L2; survey graded,normalization,fold to match_key,one composition printed 2 ways across the sources
variant form,freddiefreeloader,Freddie the Freeloader,survey cat,declared fold,fold to match_key,one composition printed 2 ways across the sources
variant form,geebabyaintigoodtoyou,Gee Baby Ain't I Good To You,log,normalization,fold to match_key,one composition printed 2 ways across the sources
variant form,geebabyaintigoodtoyou,Gee Baby Ain't I Good to You,Index; ranking,normalization,fold to match_key,one composition printed 2 ways across the sources
variant form,georgiaonmymind,Georgia,log,declared fold,fold to match_key,one composition printed 3 ways across the sources
variant form,georgiaonmymind,Georgia On My Mind,log 201,normalization,fold to match_key,one composition printed 3 ways across the sources
variant form,georgiaonmymind,Georgia on My Mind,Index; ranking; survey L2; survey graded,normalization,fold to match_key,one composition printed 3 ways across the sources
variant form,ghostofachance,(I Don't Stand A) Ghost of a Chance,ranking,normalization,fold to match_key,one composition printed 2 ways across the sources
variant form,ghostofachance,Ghost of a Chance (I Don't Stand A),Index,normalization,fold to match_key,one composition printed 2 ways across the sources
variant form,girlfromipanema,Girl From Ipanema,log,normalization,fold to match_key,one composition printed 4 ways across the sources
variant form,girlfromipanema,Girl from Ipanema,survey L1; survey graded,normalization,fold to match_key,one composition printed 4 ways across the sources
variant form,girlfromipanema,The Girl From Ipanema,Index; log 201,normalization,fold to match_key,one composition printed 4 ways across the sources
variant form,girlfromipanema,The Girl from Ipanema,ranking,normalization,fold to match_key,one composition printed 4 ways across the sources
variant form,gloriasstep,Gloria's Step,chapter,normalization,fold to match_key,one composition printed 2 ways across the sources
variant form,gloriasstep,Gloria’s Step,Index,normalization,fold to match_key,one composition printed 2 ways across the sources
variant form,gonewiththewind,Gone With The Wind,log,normalization,fold to match_key,one composition printed 2 ways across the sources
variant form,gonewiththewind,Gone with the Wind,Index; ranking,normalization,fold to match_key,one composition printed 2 ways across the sources
variant form,groovinhigh,Groovin High,log 201,normalization,fold to match_key,one composition printed 2 ways across the sources
variant form,groovinhigh,Groovin' High,Index; log; ranking; survey L2; survey graded,normalization,fold to match_key,one composition printed 2 ways across the sources
variant form,hackensack,Hackensack,log,normalization,fold to match_key,one composition printed 2 ways across the sources
variant form,hackensack,Hackensack (AKA Rifftide),Index; chapter,normalization,fold to match_key,one composition printed 2 ways across the sources
variant form,haveyoumetmissjones,Have You Met Miss Jones,Index; log; log 201; ranking,normalization,fold to match_key,one composition printed 2 ways across the sources
variant form,haveyoumetmissjones,Have You Met Miss Jones?,survey L1; survey graded,normalization,fold to match_key,one composition printed 2 ways across the sources
variant form,heresthatrainyday,Here's That Rainy Day,Index; log; log 201; ranking,normalization,fold to match_key,one composition printed 2 ways across the sources
variant form,heresthatrainyday,Here's that Rainy Day,survey L1; survey graded,normalization,fold to match_key,one composition printed 2 ways across the sources
variant form,howdeepistheocean,How Deep Is The Ocean,log; log 201,normalization,fold to match_key,one composition printed 3 ways across the sources
variant form,howdeepistheocean,How Deep Is the Ocean?,Index; ranking,normalization,fold to match_key,one composition printed 3 ways across the sources
variant form,howdeepistheocean,How Deep is the Ocean?,survey L2; survey graded,normalization,fold to match_key,one composition printed 3 ways across the sources
variant form,howhighthemoon,How High The Moon,log; log 201,normalization,fold to match_key,one composition printed 2 ways across the sources
variant form,howhighthemoon,How High the Moon,Index; ranking; survey L1; survey graded,normalization,fold to match_key,one composition printed 2 ways across the sources
variant form,icantgetstarted,I Can't Get Started,Index; log; log 201; survey L1; survey graded,normalization,fold to match_key,one composition printed 2 ways across the sources
variant form,icantgetstarted,I Can't Get Started (with You),ranking,normalization,fold to match_key,one composition printed 2 ways across the sources
variant form,icouldwriteabook,I Could Write A Book,log 201,normalization,fold to match_key,one composition printed 2 ways across the sources
variant form,icouldwriteabook,I Could Write a Book,Index; ranking; survey L2; survey graded,normalization,fold to match_key,one composition printed 2 ways across the sources
variant form,ificouldbewithyou,If I Could Be with You,Index,normalization,fold to match_key,one composition printed 2 ways across the sources
variant form,ificouldbewithyou,If I Could Be with You (One Hour Tonight),ranking,normalization,fold to match_key,one composition printed 2 ways across the sources
variant form,ifiwereabell,If I Were A Bell,log; log 201,normalization,fold to match_key,one composition printed 3 ways across the sources
variant form,ifiwereabell,If I Were a Bell,Index; ranking; survey L2,normalization,fold to match_key,one composition printed 3 ways across the sources
variant form,ifiwereabell,If I were a Bell,survey graded,normalization,fold to match_key,one composition printed 3 ways across the sources
variant form,iheararhapsody,I Hear A Rhapsody,log; log 201,normalization,fold to match_key,one composition printed 2 ways across the sources
variant form,iheararhapsody,I Hear a Rhapsody,Index; ranking; survey L1; survey graded,normalization,fold to match_key,one composition printed 2 ways across the sources
variant form,imbeginningtoseethelight,I'm Beginning To See The Light,log,normalization,fold to match_key,one composition printed 2 ways across the sources
variant form,imbeginningtoseethelight,I'm Beginning to See the Light,Index; ranking,normalization,fold to match_key,one composition printed 2 ways across the sources
variant form,inamellotone,In A Mellow Tone,log; log 201,declared fold,fold to match_key,one composition printed 3 ways across the sources
variant form,inamellotone,In a Mellotone,Index; ranking,normalization,fold to match_key,one composition printed 3 ways across the sources
variant form,inamellotone,In a Mellow Tone,survey L1; survey graded,declared fold,fold to match_key,one composition printed 3 ways across the sources
variant form,inasentimentalmood,In A Sentimental Mood,log; log 201,normalization,fold to match_key,one composition printed 2 ways across the sources
variant form,inasentimentalmood,In a Sentimental Mood,Index; ranking; survey L1; survey graded,normalization,fold to match_key,one composition printed 2 ways across the sources
variant form,indiana,Back Home Again In Indiana,log 201,declared fold,fold to match_key,one composition printed 4 ways across the sources
variant form,indiana,Back Home Again in Indiana,survey L2; survey graded,declared fold,fold to match_key,one composition printed 4 ways across the sources
variant form,indiana,Indiana,Index,normalization,fold to match_key,one composition printed 4 ways across the sources
variant form,indiana,Indiana (Back Home Again in Indiana),ranking,normalization,fold to match_key,one composition printed 4 ways across the sources
variant form,itcouldhappentoyou,It Could Happen To You,log; log 201,normalization,fold to match_key,one composition printed 2 ways across the sources
variant form,itcouldhappentoyou,It Could Happen to You,Index; ranking; survey L1; survey graded,normalization,fold to match_key,one composition printed 2 ways across the sources
variant form,itdontmeanathing,It Don't Mean A Thing,log; log 201,normalization,fold to match_key,one composition printed 2 ways across the sources
variant form,itdontmeanathing,It Don't Mean a Thing,Index; ranking; survey L2; survey graded,normalization,fold to match_key,one composition printed 2 ways across the sources
variant form,ithadtobeyou,It Had To Be You,log 201,normalization,fold to match_key,one composition printed 2 ways across the sources
variant form,ithadtobeyou,It Had to Be You,Index; ranking; survey L2; survey graded,normalization,fold to match_key,one composition printed 2 ways across the sources
variant form,itmightaswellbespring,It Might As Well Be Spring,Index; log 201; ranking,normalization,fold to match_key,one composition printed 2 ways across the sources
variant form,itmightaswellbespring,It Might as Well Be Spring,survey L2; survey graded,normalization,fold to match_key,one composition printed 2 ways across the sources
variant form,itsyouornoone,It's You Or No One,log 201,normalization,fold to match_key,one composition printed 2 ways across the sources
variant form,itsyouornoone,It's You or No One,Index; ranking; survey L2; survey graded,normalization,fold to match_key,one composition printed 2 ways across the sources
variant form,jodygrind,"Jodie Grind, The",survey cat,declared fold,fold to match_key,one composition printed 2 ways across the sources
variant form,jodygrind,The Jody Grind,chapter; residue B,normalization,fold to match_key,one composition printed 2 ways across the sources
variant form,jumpinatthewoodside,Jumpin' At the Woodside,ranking,normalization,fold to match_key,one composition printed 3 ways across the sources
variant form,jumpinatthewoodside,Jumpin' at the Woodside,Index; survey cat,normalization,fold to match_key,one composition printed 3 ways across the sources
variant form,jumpinatthewoodside,Jumpon' At The Woodside,log,declared fold,fold to match_key,one composition printed 3 ways across the sources
variant form,jumpinwithsymphonysid,Jumpin' With Symphony Sid,log,normalization,fold to match_key,one composition printed 2 ways across the sources
variant form,jumpinwithsymphonysid,Jumpin' with Symphony Sid,ranking; residue C; survey cat,normalization,fold to match_key,one composition printed 2 ways across the sources
variant form,justsqueezeme,Just Squeeze Me,Index,normalization,fold to match_key,one composition printed 2 ways across the sources
variant form,justsqueezeme,Just Squeeze Me (But Don't Tease Me),ranking,normalization,fold to match_key,one composition printed 2 ways across the sources
variant form,ladyisatramp,The Lady Is A Tramp,log,normalization,fold to match_key,one composition printed 2 ways across the sources
variant form,ladyisatramp,The Lady Is a Tramp,Index; ranking,normalization,fold to match_key,one composition printed 2 ways across the sources
variant form,letsfallinlove,Let's Fall In Love,log,normalization,fold to match_key,one composition printed 2 ways across the sources
variant form,letsfallinlove,Let's Fall in Love,ranking; residue C,normalization,fold to match_key,one composition printed 2 ways across the sources
variant form,likesomeoneinlove,Like Someone In Love,log; log 201,normalization,fold to match_key,one composition printed 2 ways across the sources
variant form,likesomeoneinlove,Like Someone in Love,Index; ranking; survey L1; survey graded,normalization,fold to match_key,one composition printed 2 ways across the sources
variant form,lonelywoman,Lonely Woman,chapter; survey cat,normalization,fold to match_key,one composition printed 2 ways across the sources
variant form,lonelywoman,Lonely Woman (Silver),residue B,normalization,fold to match_key,one composition printed 2 ways across the sources
variant form,loveforsale,Love For Sale,log; log 201,normalization,fold to match_key,one composition printed 2 ways across the sources
variant form,loveforsale,Love for Sale,Index; ranking; survey L2; survey graded,normalization,fold to match_key,one composition printed 2 ways across the sources
variant form,loveisheretostay,Love Is Here to Stay,Index; ranking,normalization,fold to match_key,one composition printed 3 ways across the sources
variant form,loveisheretostay,Our Love Is Here To Stay,log; log 201,declared fold,fold to match_key,one composition printed 3 ways across the sources
variant form,loveisheretostay,Our Love is Here to Stay,survey L2; survey graded,declared fold,fold to match_key,one composition printed 3 ways across the sources
variant form,loverman,Lover Man,Index; log; log 201; survey L1; survey graded,normalization,fold to match_key,one composition printed 2 ways across the sources
variant form,loverman,"Lover Man (Oh, Where Can You Be)",ranking,normalization,fold to match_key,one composition printed 2 ways across the sources
variant form,lullabyofbirdland,Lullaby Of Birdland,log; log 201,normalization,fold to match_key,one composition printed 2 ways across the sources
variant form,lullabyofbirdland,Lullaby of Birdland,Index; ranking; survey L2; survey graded,normalization,fold to match_key,one composition printed 2 ways across the sources
variant form,macktheknife,Mack The Knife,log 201,normalization,fold to match_key,one composition printed 2 ways across the sources
variant form,macktheknife,Mack the Knife,Index; ranking,normalization,fold to match_key,one composition printed 2 ways across the sources
variant form,manhadecarnaval,Black Orpheus,log; log 201; survey L1; survey graded,declared fold,fold to match_key,one composition printed 2 ways across the sources
variant form,manhadecarnaval,"Manha De Carnaval (AKA Morning Of The Carnival, The Theme From Black Orpheus, and A Day In The Life Of A Fool)",Index; chapter,normalization,fold to match_key,one composition printed 2 ways across the sources
variant form,meantome,Mean To Me,log,normalization,fold to match_key,one composition printed 2 ways across the sources
variant form,meantome,Mean to Me,Index; ranking,normalization,fold to match_key,one composition printed 2 ways across the sources
variant form,mercymercymercy,Mercy Mercy Mercy,log; log 201,normalization,fold to match_key,one composition printed 2 ways across the sources
variant form,mercymercymercy,"Mercy, Mercy, Mercy",Index; chapter,normalization,fold to match_key,one composition printed 2 ways across the sources
variant form,milestones,Milestones,log; log 201; ranking,normalization,fold to match_key,one composition printed 4 ways across the sources
variant form,milestones,Milestones (modal -,Index,normalization,fold to match_key,one composition printed 4 ways across the sources
variant form,milestones,Milestones (new),survey L2; survey graded,normalization,fold to match_key,one composition printed 4 ways across the sources
variant form,milestones,Milestones (old),chapter; residue B,normalization,fold to match_key,one composition printed 4 ways across the sources
variant form,misterpc,Mr P.C.,log; log 201,normalization,fold to match_key,one composition printed 2 ways across the sources
variant form,misterpc,Mr. P.C.,Index; chapter; survey L1; survey cat; survey graded,normalization,fold to match_key,one composition printed 2 ways across the sources
variant form,moanin,Moanin,log 201,normalization,fold to match_key,one composition printed 2 ways across the sources
variant form,moanin,Moanin',Index; log; ranking,normalization,fold to match_key,one composition printed 2 ways across the sources
variant form,moonlightinvermont,Moonlight In Vermont,log; log 201,normalization,fold to match_key,one composition printed 2 ways across the sources
variant form,moonlightinvermont,Moonlight in Vermont,Index; ranking; survey L2; survey graded,normalization,fold to match_key,one composition printed 2 ways across the sources
variant form,myfavoritethings,My Favorite Things,Index; ranking; survey L2; survey graded,normalization,fold to match_key,one composition printed 2 ways across the sources
variant form,myfavoritethings,My Favourite Things,log; log 201,declared fold,fold to match_key,one composition printed 2 ways across the sources
variant form,myoneandonlylove,My One And Only Love,log; log 201,normalization,fold to match_key,one composition printed 2 ways across the sources
variant form,myoneandonlylove,My One and Only Love,Index; ranking; survey L2; survey graded,normalization,fold to match_key,one composition printed 2 ways across the sources
variant form,nearnessofyou,"Nearness of You, The",survey L2; survey graded,normalization,fold to match_key,one composition printed 3 ways across the sources
variant form,nearnessofyou,The Nearness Of You,log; log 201,normalization,fold to match_key,one composition printed 3 ways across the sources
variant form,nearnessofyou,The Nearness of You,Index; ranking,normalization,fold to match_key,one composition printed 3 ways across the sources
variant form,nightandday,Night And Day,log 201,normalization,fold to match_key,one composition printed 2 ways across the sources
variant form,nightandday,Night and Day,Index; log; ranking; survey L1; survey graded,normalization,fold to match_key,one composition printed 2 ways across the sources
variant form,nighthasathousandeyes,"Night Has a Thousand Eyes, The",survey L2; survey graded,normalization,fold to match_key,one composition printed 3 ways across the sources
variant form,nighthasathousandeyes,The Night Has A Thousand Eyes,log 201,normalization,fold to match_key,one composition printed 3 ways across the sources
variant form,nighthasathousandeyes,The Night Has a Thousand Eyes,Index; ranking,normalization,fold to match_key,one composition printed 3 ways across the sources
variant form,nightintunisia,Night In Tunisia,log; log 201,normalization,fold to match_key,one composition printed 3 ways across the sources
variant form,nightintunisia,Night in Tunisia,Index; ranking; survey L1,normalization,fold to match_key,one composition printed 3 ways across the sources
variant form,nightintunisia,"Night in Tunisia, A",survey graded,normalization,fold to match_key,one composition printed 3 ways across the sources
variant form,nomoreblues,Chega De Saudade,log,declared fold,fold to match_key,one composition printed 2 ways across the sources
variant form,nomoreblues,No More Blues (Chega de Saudade),Index,normalization,fold to match_key,one composition printed 2 ways across the sources
variant form,nowsthetime,Now's The Time,log; log 201,normalization,fold to match_key,one composition printed 2 ways across the sources
variant form,nowsthetime,Now's the Time,Index; ranking; survey L1; survey cat; survey graded,normalization,fold to match_key,one composition printed 2 ways across the sources
variant form,onaslowboattochina,On A Slow Boat To China,log,normalization,fold to match_key,one composition printed 2 ways across the sources
variant form,onaslowboattochina,On a Slow Boat to China,ranking; residue C,normalization,fold to match_key,one composition printed 2 ways across the sources
variant form,onefordaddyo,One For Daddy-O,log,normalization,fold to match_key,one composition printed 2 ways across the sources
variant form,onefordaddyo,One for Daddy-O,survey cat,normalization,fold to match_key,one composition printed 2 ways across the sources
variant form,oneoclockjump,One O'Clock Jump,Index,normalization,fold to match_key,one composition printed 2 ways across the sources
variant form,oneoclockjump,One O'clock Jump,ranking,normalization,fold to match_key,one composition printed 2 ways across the sources
variant form,onthesunnysideofthestreet,On The Sunny Side Of The Street,log; log 201,normalization,fold to match_key,one composition printed 2 ways across the sources
variant form,onthesunnysideofthestreet,On the Sunny Side of the Street,Index; ranking,normalization,fold to match_key,one composition printed 2 ways across the sources
variant form,outofnowhere,Out Of Nowhere,log; log 201,normalization,fold to match_key,one composition printed 2 ways across the sources
variant form,outofnowhere,Out of Nowhere,Index; ranking; survey L1; survey graded,normalization,fold to match_key,one composition printed 2 ways across the sources
variant form,penniesfromheaven,Pennies From Heaven,log,normalization,fold to match_key,one composition printed 2 ways across the sources
variant form,penniesfromheaven,Pennies from Heaven,Index; ranking,normalization,fold to match_key,one composition printed 2 ways across the sources
variant form,pentuphouse,Pent Up House,log,normalization,fold to match_key,one composition printed 2 ways across the sources
variant form,pentuphouse,Pent-Up House,Index; chapter,normalization,fold to match_key,one composition printed 2 ways across the sources
variant form,pfrancing,No Blues (AKA Pfrancing),chapter,AKA parsing,fold to match_key,one composition printed 3 ways across the sources
variant form,pfrancing,No Blues (Pfrancing),survey cat,declared fold,fold to match_key,one composition printed 3 ways across the sources
variant form,pfrancing,Pfrancing (No Blues),Index,normalization,fold to match_key,one composition printed 3 ways across the sources
variant form,polkadotsandmoonbeams,Polka Dots And Moonbeams,log 201,normalization,fold to match_key,one composition printed 2 ways across the sources
variant form,polkadotsandmoonbeams,Polka Dots and Moonbeams,Index; ranking; survey L2; survey graded,normalization,fold to match_key,one composition printed 2 ways across the sources
variant form,preludetoakiss,Prelude To A Kiss,log 201,normalization,fold to match_key,one composition printed 2 ways across the sources
variant form,preludetoakiss,Prelude to a Kiss,Index; ranking; survey L2; survey graded,normalization,fold to match_key,one composition printed 2 ways across the sources
variant form,recordame,Recorda me,survey L1; survey graded,normalization,fold to match_key,one composition printed 3 ways across the sources
variant form,recordame,Recordame,log; log 201,normalization,fold to match_key,one composition printed 3 ways across the sources
variant form,recordame,Recordame (AKA No Me Esqueca),Index; chapter,normalization,fold to match_key,one composition printed 3 ways across the sources
variant form,relaxinatcamarillo,Relaxin' At Camarillo,Index; ranking,normalization,fold to match_key,one composition printed 2 ways across the sources
variant form,relaxinatcamarillo,Relaxin' at Camarillo,survey cat,normalization,fold to match_key,one composition printed 2 ways across the sources
variant form,rhythmaning,Rhythm A Ning,log,normalization,fold to match_key,one composition printed 3 ways across the sources
variant form,rhythmaning,Rhythm-A-Ning,Index; ranking,normalization,fold to match_key,one composition printed 3 ways across the sources
variant form,rhythmaning,Rhythm-a-ning,survey cat,normalization,fold to match_key,one composition printed 3 ways across the sources
variant form,roundmidnight,'Round Midnight,Index; ranking; survey L1; survey graded,normalization,fold to match_key,one composition printed 2 ways across the sources
variant form,roundmidnight,Round Midnight,log; log 201; survey graded,normalization,fold to match_key,one composition printed 2 ways across the sources
variant form,saintlouisblues,St Louis Blues,ranking,normalization,fold to match_key,one composition printed 2 ways across the sources
variant form,saintlouisblues,St. Louis Blues,Index; survey cat; survey graded,normalization,fold to match_key,one composition printed 2 ways across the sources
variant form,saintthomas,St Thomas,log,normalization,fold to match_key,one composition printed 2 ways across the sources
variant form,saintthomas,St. Thomas,Index; log 201; ranking; survey L1; survey graded,normalization,fold to match_key,one composition printed 2 ways across the sources
variant form,sambadeorfeu,Samba De Orfeu,Index; log,normalization,fold to match_key,one composition printed 2 ways across the sources
variant form,sambadeorfeu,Samba De Orpheus,chapter,declared fold,fold to match_key,one composition printed 2 ways across the sources
variant form,scrapplefromtheapple,Scrapple From The Apple,log; log 201,normalization,fold to match_key,one composition printed 2 ways across the sources
variant form,scrapplefromtheapple,Scrapple from the Apple,Index; ranking; survey L2; survey graded,normalization,fold to match_key,one composition printed 2 ways across the sources
variant form,secretlove,My Secret Love,log,declared fold,fold to match_key,one composition printed 2 ways across the sources
variant form,secretlove,Secret Love,Index; ranking,normalization,fold to match_key,one composition printed 2 ways across the sources
variant form,senorblues,Senor Blues,survey cat,normalization,fold to match_key,one composition printed 2 ways across the sources
variant form,senorblues,Señor Blues,Index; chapter,normalization,fold to match_key,one composition printed 2 ways across the sources
variant form,serpentstooth,"Serpent's Tooth, The",survey cat,normalization,fold to match_key,one composition printed 2 ways across the sources
variant form,serpentstooth,The Serpent's Tooth,Index; chapter,normalization,fold to match_key,one composition printed 2 ways across the sources
variant form,sevenstepstoheaven,Seven Steps To Heaven,Index; chapter; log 201,normalization,fold to match_key,one composition printed 2 ways across the sources
variant form,sevenstepstoheaven,Seven Steps to Heaven,survey L2; survey graded,normalization,fold to match_key,one composition printed 2 ways across the sources
variant form,shadowofyoursmile,Shadow Of The Smile,log 201,declared fold,fold to match_key,one composition printed 4 ways across the sources
variant form,shadowofyoursmile,Shadow of Your Smile,survey L1,normalization,fold to match_key,one composition printed 4 ways across the sources
variant form,shadowofyoursmile,"Shadow of Your Smile, The",survey graded,normalization,fold to match_key,one composition printed 4 ways across the sources
variant form,shadowofyoursmile,The Shadow of Your Smile,Index; ranking,normalization,fold to match_key,one composition printed 4 ways across the sources
variant form,shawnuff,Shaw 'Nuff,survey cat,normalization,fold to match_key,one composition printed 2 ways across the sources
variant form,shawnuff,Shaw Nuff,Index; ranking,normalization,fold to match_key,one composition printed 2 ways across the sources
variant form,sippinatbells,Sippin' At Bell's,Index; ranking,normalization,fold to match_key,one composition printed 2 ways across the sources
variant form,sippinatbells,Sippin' at Bells,survey cat,normalization,fold to match_key,one composition printed 2 ways across the sources
variant form,softlyasinamorningsunrise,Softly As In A Morning Sunrise,log; log 201,normalization,fold to match_key,one composition printed 3 ways across the sources
variant form,softlyasinamorningsunrise,Softly As in a Morning Sunrise,Index; ranking,normalization,fold to match_key,one composition printed 3 ways across the sources
variant form,softlyasinamorningsunrise,Softly as in a Morning Sunrise,survey L1; survey graded,normalization,fold to match_key,one composition printed 3 ways across the sources
variant form,solid,Solid,chapter; log,normalization,fold to match_key,one composition printed 2 ways across the sources
variant form,solid,Solid (Shaw),Index,normalization,fold to match_key,one composition printed 2 ways across the sources
variant form,somedaymyprincewillcome,Some Day My Prince Will Come,log; survey L1; survey graded,normalization,fold to match_key,one composition printed 2 ways across the sources
variant form,somedaymyprincewillcome,Someday My Prince Will Come,Index; log 201; ranking,normalization,fold to match_key,one composition printed 2 ways across the sources
variant form,someonetowatchoverme,Someone To Watch Over Me,log 201; survey L2; survey graded,normalization,fold to match_key,one composition printed 2 ways across the sources
variant form,someonetowatchoverme,Someone to Watch Over Me,Index; ranking,normalization,fold to match_key,one composition printed 2 ways across the sources
variant form,songformyfather,Song For My Father,Index; chapter; log; log 201,normalization,fold to match_key,one composition printed 2 ways across the sources
variant form,songformyfather,Song for My Father,survey L1; survey graded,normalization,fold to match_key,one composition printed 2 ways across the sources
variant form,songisyou,"Song is You, The",survey L2; survey graded,normalization,fold to match_key,one composition printed 2 ways across the sources
variant form,songisyou,The Song Is You,Index; log 201; ranking,normalization,fold to match_key,one composition printed 2 ways across the sources
variant form,sonnymoonfortwo,Sonnymoon For Two,Index; chapter,normalization,fold to match_key,one composition printed 2 ways across the sources
variant form,sonnymoonfortwo,Sonnymoon for Two,survey L2; survey cat; survey graded,normalization,fold to match_key,one composition printed 2 ways across the sources
variant form,stardust,Star Dust,Index; ranking,normalization,fold to match_key,one composition printed 2 ways across the sources
variant form,stardust,Stardust,log 201; survey L2; survey graded,normalization,fold to match_key,one composition printed 2 ways across the sources
variant form,starsfellonalabama,Stars Fell On Alabama,log,normalization,fold to match_key,one composition printed 2 ways across the sources
variant form,starsfellonalabama,Stars Fell on Alabama,ranking; residue C,normalization,fold to match_key,one composition printed 2 ways across the sources
variant form,stellabystarlight,Stella By Starlight,Index; log; log 201; ranking,normalization,fold to match_key,one composition printed 2 ways across the sources
variant form,stellabystarlight,Stella by Starlight,survey L1; survey graded,normalization,fold to match_key,one composition printed 2 ways across the sources
variant form,stompinatthesavoy,Stompin At The Savoy,log 201,normalization,fold to match_key,one composition printed 4 ways across the sources
variant form,stompinatthesavoy,Stompin' At The Savoy,log,normalization,fold to match_key,one composition printed 4 ways across the sources
variant form,stompinatthesavoy,Stompin' At the Savoy,ranking,normalization,fold to match_key,one composition printed 4 ways across the sources
variant form,stompinatthesavoy,Stompin' at the Savoy,Index; survey L2; survey graded,normalization,fold to match_key,one composition printed 4 ways across the sources
variant form,stormyweather,Stormy Weather,Index; log,normalization,fold to match_key,one composition printed 2 ways across the sources
variant form,stormyweather,Stormy Weather (Keeps Rainin' All the Time),ranking,normalization,fold to match_key,one composition printed 2 ways across the sources
variant form,sugar,Sugar,Index; survey L2; survey graded,normalization,fold to match_key,one composition printed 2 ways across the sources
variant form,sugar,Sugar (That Sugar Baby O' Mine),ranking,normalization,fold to match_key,one composition printed 2 ways across the sources
variant form,sugarfootstomp,Sugar Foot Stomp,ranking,normalization,fold to match_key,one composition printed 2 ways across the sources
variant form,sugarfootstomp,Sugar Foot Stomp (Dippermouth Blues),Index,normalization,fold to match_key,one composition printed 2 ways across the sources
variant form,surreywiththefringeontop,The Surrey with the Fringe On Top,Index,normalization,fold to match_key,one composition printed 2 ways across the sources
variant form,surreywiththefringeontop,The Surrey with the Fringe on Top,ranking,normalization,fold to match_key,one composition printed 2 ways across the sources
variant form,swonderful,'S Wonderful!,ranking,normalization,fold to match_key,one composition printed 2 ways across the sources
variant form,swonderful,S Wonderful!,Index,normalization,fold to match_key,one composition printed 2 ways across the sources
variant form,takefive,Take 5,survey L2; survey graded,declared fold,fold to match_key,one composition printed 2 ways across the sources
variant form,takefive,Take Five,Index; log; log 201; ranking,normalization,fold to match_key,one composition printed 2 ways across the sources
variant form,taketheatrain,Take The A Train,log; log 201,normalization,fold to match_key,one composition printed 3 ways across the sources
variant form,taketheatrain,"Take the ""A"" Train",Index; ranking,normalization,fold to match_key,one composition printed 3 ways across the sources
variant form,taketheatrain,Take the 'A' Train,survey L1; survey graded,normalization,fold to match_key,one composition printed 3 ways across the sources
variant form,takingachanceonlove,Taking A Chance On Love,log,normalization,fold to match_key,one composition printed 2 ways across the sources
variant form,takingachanceonlove,Taking a Chance on Love,Index; ranking,normalization,fold to match_key,one composition printed 2 ways across the sources
variant form,teachmetonight,Teach Me Tonight,Index,normalization,fold to match_key,one composition printed 2 ways across the sources
variant form,teachmetonight,Teach me Tonight,ranking,normalization,fold to match_key,one composition printed 2 ways across the sources
variant form,theme,The Theme,chapter; residue B,normalization,fold to match_key,one composition printed 2 ways across the sources
variant form,theme,"Theme, The",survey cat,normalization,fold to match_key,one composition printed 2 ways across the sources
variant form,therewillneverbeanotheryou,There Will Never Be Another You,Index; log; log 201; ranking,normalization,fold to match_key,one composition printed 2 ways across the sources
variant form,therewillneverbeanotheryou,There Will Never be Another You,survey L1; survey graded,normalization,fold to match_key,one composition printed 2 ways across the sources
variant form,theycanttakethatawayfromme,Can't Take That Away From Me,log,declared fold,fold to match_key,one composition printed 2 ways across the sources
variant form,theycanttakethatawayfromme,They Can't Take That Away from Me,Index; ranking,normalization,fold to match_key,one composition printed 2 ways across the sources
variant form,thingsaintwhattheyusedtobe,Things Ain't What They Used To Be,log 201,normalization,fold to match_key,one composition printed 2 ways across the sources
variant form,thingsaintwhattheyusedtobe,Things Ain't What They Used to Be,Index; ranking; survey L2; survey cat; survey graded,normalization,fold to match_key,one composition printed 2 ways across the sources
variant form,thinkofone,Think Of One,chapter,normalization,fold to match_key,one composition printed 2 ways across the sources
variant form,thinkofone,Think of One,residue B,normalization,fold to match_key,one composition printed 2 ways across the sources
variant form,ticotico,Tico Tico,Index,normalization,fold to match_key,one composition printed 2 ways across the sources
variant form,ticotico,Tico Tico (Tico No Fuba),ranking,normalization,fold to match_key,one composition printed 2 ways across the sources
variant form,tonesforjoansbones,Tones For Joan's Bones,chapter,normalization,fold to match_key,one composition printed 2 ways across the sources
variant form,tonesforjoansbones,Tones for Joan's Bones,Index,normalization,fold to match_key,one composition printed 2 ways across the sources
variant form,tuneup,Tune Up,Index; log 201; ranking; survey L1; survey graded,normalization,fold to match_key,one composition printed 2 ways across the sources
variant form,tuneup,Tune up,log,normalization,fold to match_key,one composition printed 2 ways across the sources
variant form,unitseven,Unit 7,survey cat,declared fold,fold to match_key,one composition printed 2 ways across the sources
variant form,unitseven,Unit Seven,Index; chapter,normalization,fold to match_key,one composition printed 2 ways across the sources
variant form,uppermanhattanmedicalgroup,Upper Manhattan Medical Group,Index,normalization,fold to match_key,one composition printed 2 ways across the sources
variant form,uppermanhattanmedicalgroup,Upper Manhattan Medical Group (UMMG),ranking,normalization,fold to match_key,one composition printed 2 ways across the sources
variant form,waltzfordebby,Waltz for Debbie,survey graded,declared fold,fold to match_key,one composition printed 2 ways across the sources
variant form,waltzfordebby,Waltz for Debby,Index; ranking,normalization,fold to match_key,one composition printed 2 ways across the sources
variant form,wayyoulooktonight,The Way You Look Tonight,Index; ranking,normalization,fold to match_key,one composition printed 2 ways across the sources
variant form,wayyoulooktonight,"Way You Look Tonight, The",log 201; survey L2; survey graded,normalization,fold to match_key,one composition printed 2 ways across the sources
variant form,weaverofdreams,(You're A) Weaver Of Dreams,residue B,normalization,fold to match_key,one composition printed 3 ways across the sources
variant form,weaverofdreams,(You’re a) Weaver Of Dreams,chapter,normalization,fold to match_key,one composition printed 3 ways across the sources
variant form,weaverofdreams,Weaver Of Dreams,log,normalization,fold to match_key,one composition printed 3 ways across the sources
variant form,whatadifferenceadaymade,What A Difference A Day Makes,log,declared fold,fold to match_key,one composition printed 2 ways across the sources
variant form,whatadifferenceadaymade,What a Difference a Day Made,Index; ranking,normalization,fold to match_key,one composition printed 2 ways across the sources
variant form,whatalittlemoonlightcando,(Ooh) What a Little Moonlight Can Do,ranking,normalization,fold to match_key,one composition printed 3 ways across the sources
variant form,whatalittlemoonlightcando,What A Little Moonlight Can Do,log,normalization,fold to match_key,one composition printed 3 ways across the sources
variant form,whatalittlemoonlightcando,What a Little Moonlight Can Do,Index,normalization,fold to match_key,one composition printed 3 ways across the sources
variant form,whatawonderfulworld,What A Wonderful World,log,normalization,fold to match_key,one composition printed 2 ways across the sources
variant form,whatawonderfulworld,What a Wonderful World,ranking; residue C,normalization,fold to match_key,one composition printed 2 ways across the sources
variant form,whatisthisthingcalledlove,What Is This Thing Called Love,log,normalization,fold to match_key,one composition printed 3 ways across the sources
variant form,whatisthisthingcalledlove,What Is This Thing Called Love?,Index; log 201; ranking,normalization,fold to match_key,one composition printed 3 ways across the sources
variant form,whatisthisthingcalledlove,What is This Thing Called Love?,survey L1; survey graded,normalization,fold to match_key,one composition printed 3 ways across the sources
variant form,whatsnew,What's New,log; log 201,normalization,fold to match_key,one composition printed 2 ways across the sources
variant form,whatsnew,What's New?,Index; ranking; survey L1; survey graded,normalization,fold to match_key,one composition printed 2 ways across the sources
variant form,whenifallinlove,When I Fall In Love,log; log 201,normalization,fold to match_key,one composition printed 2 ways across the sources
variant form,whenifallinlove,When I Fall in Love,Index; ranking; survey L2; survey graded,normalization,fold to match_key,one composition printed 2 ways across the sources
variant form,whenthesaintsgomarchingin,When The Saints Go Marching In,log,normalization,fold to match_key,one composition printed 2 ways across the sources
variant form,whenthesaintsgomarchingin,When the Saints Go Marching In,Index; ranking,normalization,fold to match_key,one composition printed 2 ways across the sources
variant form,whenwillthebluesleave,When Will The Blues Leave?,Index; chapter,normalization,fold to match_key,one composition printed 2 ways across the sources
variant form,whenwillthebluesleave,When Will the Blues Leave,survey cat,normalization,fold to match_key,one composition printed 2 ways across the sources
variant form,whocaniturnto,Who Can I Turn To,log,normalization,fold to match_key,one composition printed 2 ways across the sources
variant form,whocaniturnto,Who Can I Turn To?,Index; chapter,normalization,fold to match_key,one composition printed 2 ways across the sources
variant form,willowweepforme,Willow Weep For Me,Index; log 201,normalization,fold to match_key,one composition printed 2 ways across the sources
variant form,willowweepforme,Willow Weep for Me,ranking; survey L2; survey graded,normalization,fold to match_key,one composition printed 2 ways across the sources
variant form,withasonginmyheart,With A Song In My Heart,log,normalization,fold to match_key,one composition printed 2 ways across the sources
variant form,withasonginmyheart,With a Song in My Heart,ranking; residue C,normalization,fold to match_key,one composition printed 2 ways across the sources
variant form,wivesandlovers,Wives and Lovers,Index,normalization,fold to match_key,one composition printed 2 ways across the sources
variant form,wivesandlovers,Wives and Lovers (Hey Little Girl),ranking,normalization,fold to match_key,one composition printed 2 ways across the sources
variant form,yesorno,Yes Or No,Index; chapter,normalization,fold to match_key,one composition printed 2 ways across the sources
variant form,yesorno,Yes or No,survey L2; survey graded,normalization,fold to match_key,one composition printed 2 ways across the sources
variant form,youdbesonicetocomehometo,You'd Be So Nice to Come Home To,Index; ranking,normalization,fold to match_key,one composition printed 2 ways across the sources
variant form,youdbesonicetocomehometo,You'd be so Nice to Come Home To,survey L2; survey graded,normalization,fold to match_key,one composition printed 2 ways across the sources
variant form,yourascalyou,(I'll Be Glad When You're Dead) You Rascal You,ranking,normalization,fold to match_key,one composition printed 2 ways across the sources
variant form,yourascalyou,You Rascal You (I'll Be Glad When You're Dead),Index,normalization,fold to match_key,one composition printed 2 ways across the sources
variant form,youredrivingmecrazy,You're Driving Me Crazy (What Did I Do?,Index,normalization,fold to match_key,one composition printed 2 ways across the sources
variant form,youredrivingmecrazy,You're Driving Me Crazy (What Did I Do?),ranking,normalization,fold to match_key,one composition printed 2 ways across the sources
variant form,yousteppedoutofadream,You Stepped Out Of A Dream,log; log 201,normalization,fold to match_key,one composition printed 2 ways across the sources
variant form,yousteppedoutofadream,You Stepped Out of a Dream,Index; ranking; survey L1; survey graded,normalization,fold to match_key,one composition printed 2 ways across the sources
declared fold,indiana,backhomeagaininindiana,alias map,declared fold,fold to match_key,not derivable by normalization; must be declared
declared fold,manhadecarnaval,blackorpheus,alias map,declared fold,fold to match_key,not derivable by normalization; must be declared
declared fold,bolivarblues,bluebolivarblues,alias map,declared fold,fold to match_key,not derivable by normalization; must be declared
declared fold,bluetrane,bluetrain,alias map,declared fold,fold to match_key,not derivable by normalization; must be declared
declared fold,canthelplovindatman,canthelplovinthatman,alias map,declared fold,fold to match_key,not derivable by normalization; must be declared
declared fold,theycanttakethatawayfromme,canttakethatawayfromme,alias map,declared fold,fold to match_key,not derivable by normalization; must be declared
declared fold,nomoreblues,chegadesaudade,alias map,declared fold,fold to match_key,not derivable by normalization; must be declared
declared fold,donothintillyouhearfromme,donothingtillyouhearfromme,alias map,declared fold,fold to match_key,not derivable by normalization; must be declared
declared fold,eastofthesun,eastofthesunandwestofthemoon,alias map,declared fold,fold to match_key,not derivable by normalization; must be declared
declared fold,freddiefreeloader,freddiethefreeloader,alias map,declared fold,fold to match_key,not derivable by normalization; must be declared
declared fold,georgiaonmymind,georgia,alias map,declared fold,fold to match_key,not derivable by normalization; must be declared
declared fold,inamellotone,inamellowtone,alias map,declared fold,fold to match_key,not derivable by normalization; must be declared
declared fold,jodygrind,jodiegrind,alias map,declared fold,fold to match_key,not derivable by normalization; must be declared
declared fold,jumpinatthewoodside,jumponatthewoodside,alias map,declared fold,fold to match_key,not derivable by normalization; must be declared
declared fold,myfavoritethings,myfavouritethings,alias map,declared fold,fold to match_key,not derivable by normalization; must be declared
declared fold,secretlove,mysecretlove,alias map,declared fold,fold to match_key,not derivable by normalization; must be declared
declared fold,pfrancing,noblues,alias map,declared fold,fold to match_key,not derivable by normalization; must be declared
declared fold,loveisheretostay,ourloveisheretostay,alias map,declared fold,fold to match_key,not derivable by normalization; must be declared
declared fold,sambadeorfeu,sambadeorpheus,alias map,declared fold,fold to match_key,not derivable by normalization; must be declared
declared fold,shadowofyoursmile,shadowofthesmile,alias map,declared fold,fold to match_key,not derivable by normalization; must be declared
declared fold,takefive,take5,alias map,declared fold,fold to match_key,not derivable by normalization; must be declared
declared fold,unitseven,unit7,alias map,declared fold,fold to match_key,not derivable by normalization; must be declared
declared fold,waltzfordebby,waltzfordebbie,alias map,declared fold,fold to match_key,not derivable by normalization; must be declared
declared fold,allensalley,wee,alias map,declared fold,fold to match_key,not derivable by normalization; must be declared
declared fold,wellyouneednt,wellyouneedent,alias map,declared fold,fold to match_key,not derivable by normalization; must be declared
declared fold,whatadifferenceadaymade,whatadifferenceadaymakes,alias map,declared fold,fold to match_key,not derivable by normalization; must be declared
refused join,iloveyou | psiloveyou,I Love You | P.S. I Love You,multiple,manual,DO NOT FOLD,distinct compositions; a fuzzy matcher takes this pair
refused join,yesterday | yesterdays,Yesterday | Yesterdays,multiple,manual,DO NOT FOLD,Lennon-McCartney against Kern
refused join,smile | smiles,Smile | Smiles,multiple,manual,DO NOT FOLD,Chaplin 1936 against the 1917 song
refused join,margie | marie,Margie | Marie,multiple,manual,DO NOT FOLD,unrelated
refused join,itswonderful | swonderful,It's Wonderful | 'S Wonderful!,multiple,manual,DO NOT FOLD,unrelated Gershwin and non-Gershwin
refused join,onceiloved | oneilove,Once I Loved | The One I Love (Belongs to Somebody Else),multiple,manual,DO NOT FOLD,unrelated
refused join,reflections | reflectionsind,Reflections | Reflections In D,multiple,manual,DO NOT FOLD,Monk against Ellington
refused join,prancing | pfrancing,Prancing | Pfrancing,multiple,manual,DO NOT FOLD,"close enough to notice, not close enough to merge; panel folding rule"
"one name, two works",milestones,"Milestones (1958, modal)",Index; ranking,manual,seat separately,"the ranking carries the modal composition, which is seated at List 1A"
"one name, two works",milestones,Milestones (old) (1947 line),chapter; residue B,manual,seat separately,declined at Appendix B #125; the survey prints its own entry as Milestones (new)
"one name, two works",theme,The Theme,residue B,manual,UNRESOLVED,printed as a decline at Appendix B #204 and also as the AKA of 52nd Street Theme at List 3 #126
source defect,take5,Take 5,survey L2,manual,key as printed,the survey prints 03 in a list whose stated floor is five; exclude explicitly at any five-threshold
source defect,fourinone,Four in One,survey L2,manual,key as printed,the survey prints 01 in a list whose stated floor is five
source defect,bettergethitinyoursoul,Better Get Hit In Your Soul,log,manual,key as printed,the log's spelling; Mingus prints Better Git It in Your Soul
extraction hazard,baluebolivarbaluesare,Ba-lue Bolivar Ba-lues-are (AKA Bolivar Blues),chapter; Index,manual,read the full entry,"long AKA wraps; truncates to ""(AKA"" if continuation lines are dropped"
extraction hazard,recordame,Recordame (AKA No Me Esqueca),chapter; Index,manual,read the full entry,long AKA wraps
extraction hazard,nostalgiaintimessquare,Nostalgia In Times Square,chapter; Index,manual,read the full entry,"wraps after ""Times"""
extraction hazard,manhadecarnaval,"Manha De Carnaval (AKA Morning Of The Carnival, The Theme From Black Orpheus, and A Day In The Life Of A Fool)",chapter; Index,manual,read the full entry,the longest entry in the Index; wraps three ways
