title	warrant_1_rank	warrant_2_chapter	watkins_list1	watkins_list2	watkins_categorical	miller_calls	scan_mark_by_rule	graded_volumes	graded_floor	panel_reaches	verdict	division	tier	ground_if_declined
9:20 Special	597							0						
12th Street Rag	351							0						
26-2		yes						0		yes				
52nd Street Theme	433				2			0						
502 Blues (AKA Drinkin' And Drivin')		yes						0						
Adam's Apple		yes						0						
An Affair to Remember	966							0						
Afro Blue	772					14	M	2	Foundational	yes				
Afro-Centric		yes						0						
After Hours	828							0						
After I Say I'm Sorry	560							0						
After The Rain		yes						0						
After You've Gone	34							1	Foundational	yes				
Afternoon in Paris	532			7		2	WM	2	Foundational	yes				
Ah-Leu-Cha		yes						0						
Ain't Misbehavin'	32					1		2	Foundational	yes				
Ain't She Sweet	650							0						
Air Mail Special	448							0						
Airegin	293			9		1	WM	0		yes				
Aisha		yes						0						
Alexander's Ragtime Band	578							1	Intermediate					
Alfie	545							0						
Alice In Wonderland		yes				1		1	Intermediate	yes				
All Alone	918							0						
All Blues	248		12		18	18	WM	1	Foundational	yes				
All By Myself	986							0						
All God's Chillun Got Rhythm	296							0						
All My Life	950							0						
All of Me	71		11			25	WM	2	Foundational	yes				
All of You	356			6			W	0		yes				
All or Nothing At All	387							0						
All the Things You Are	2		29			14	WM	1	Foundational	yes				
All the Way	570							0						
All Through the Night	509							0						
All Too Soon	459							0						
Allen's Alley	700				3			0						
Almost Like Being in Love	265							0		yes				
Alone Together	89		23			1	WM	0		yes				
Along Came Betty		yes		7			W	0		yes				
Always	302							0						
Am I Blue	486							0						
Amazing Grace	731							0						
Ambrosia		yes						0						
Ana Maria		yes						0		yes				
And the Angels Sing	786							0						
Angel Eyes	67			9		2	WM	0		yes				
Angola		yes						0						
Anthropology	483		11		17	10	WM	0		yes				
Any Old Time	921							0						
Anything Goes	754							0						
Apex		yes						0						
April in Paris	130					1		1	Emerging Intermediate	yes				
Are You Real?		yes						1	Intermediate	yes				
Arietis		yes						0						
As Long As I Live	365							0						
As Time Goes By	266							0		yes				
Ask Me Now	475					5		0		yes				
At Last	869					3		0						
At Long Last Love	909							0						
At Sundown	812							0						
At the Jazz Band Ball	513							0						
A-Tisket, A-Tasket	575							1	Foundational					
Au Privave	523			7	12	5	WM	1	Intermediate	yes				
Auld Lang Syne	958							0						
Aunt Hagar's Blues	901							0						
Autumn in New York	121					1		0		yes				
Autumn Leaves (Les Feuilles Mortes)	11		28			22	WM	2	Foundational	yes				
Autumn Nocturne		yes						0						
Autumn Serenade		yes						0						
Avalon	109							0						
Away in a Manger	917							0						
Azure	629							0						
Baby, It's Cold Outside	898							0						
Baby Won't You Please Come Home	205							0						
Back in Your Own Backyard	451							0						
Back Water Blues	982							0						
Backstage Sally		yes						0						
Bad and the Beautiful (Theme from the)	872							0						
Bags' Groove	343			7	10	16	WM	2	Foundational	yes				
Baia	642							1	Foundational					
Ballin' the Jack	677							1	Foundational					
Ba-lue Bolivar Ba-lues-are (AKA Bolivar Blues)		yes						0						
Barbados	627				4			0						
Barbara		yes						1	Intermediate					
Barracudas		yes						0						
Basin Street Blues	182					1		1	Emerging Intermediate					
Bass Blues		yes						0						
Baubles, Bangles and Beads	422							0						
Be My Love	724							0						
Beale Street Blues	463							0						
Bean And The Boys (AKA Burt Covers Bud)		yes						0		yes				
Beatrice		yes		5		9	WM	0		yes				
A Beautiful Friendship		yes						0						
Beautiful Love	592			8		17	WM	0		yes				
Be-Bop	440							0		yes				
Begin the Beguine	247							1	Foundational					
Bei Mir Bist Du Schoen	967							0						
Bemsha Swing	321				3	5		0		yes				
Bernie's Tune	394					13	M	1	Intermediate	yes				
Besame Mucho	294					2		0						
Bess, You Is My Woman Now	539							0						
Bessie's Blues		yes		5	8	1	WM	0		yes				
The Best Is Yet to Come	878							0						
The Best Thing for You	789							0						
The Best Things in Life Are Free	818							0						
Between the Devil and the Deep Blue Sea	157							0						
Bewitched	335							0		yes				
Beyond All Limits		yes						0		yes				
Big Foot	733							0						
Big Nick		yes						0						
The Big Push		yes						0						
Bill		yes						0						
Bill Bailey Won't You Please Come Home	975							1	Intermediate					
Billie's Bounce	112		17		25	37	WM	1	Emerging Intermediate	yes				
Billy Boy		yes						0						
Birdlike		yes			3			0						
Birk's Works	603				7	8		1	Foundational	yes				
Birth of the Blues	501							1	Intermediate					
Bittersweet		yes						0						
Black and Blue	432							0						
Black and Tan Fantasy	837							0						
Black Coffee	892				2	4		0						
Black Narcissus		yes						0		yes				
Black Nile		yes				5		0						
Blame It on My Youth	857							0						
The Blessing		yes						0						
Blood Count	808							0		yes				
Bloomdido	810				3			1	Foundational					
Blue and Sentimental	327							0						
Blue Bossa	557		21			32	WM	1	Emerging Intermediate	yes				
Blue Daniel		yes						0		yes				
Blue in Green	426					4		0		yes				
Blue Lou	198							0						
Blue Monk	185		11		18	19	WM	1	Emerging Intermediate	yes				
Blue Moon	94					1		1	Emerging Intermediate	yes				
Blue 'N' Boogie	548				2			0						
Blue Room	429							0						
Blue Seven		yes			2			2	Foundational					
Blue Silver		yes						0						
Blue Skies	129					2		0		yes				
Blue Spirits		yes						0						
Blue Trane		yes			9	4		3	Foundational	yes				
Blue Turning Grey Over You	744							0						
Blueberry Hill	602							0						
Bluebird		yes						0						
Blues By Five		yes			3	1		1	Foundational					
Blues For Alice		yes	10		15	5	WM	0		yes				
Blues For Wood		yes						0		yes				
Blues in My Heart	594							0						
Blues in the Closet	543				5	9		2	Foundational	yes				
Blues in the Night	207							3	Foundational					
Blues March		yes			3			3	Foundational	yes				
Blues Minor		yes						0						
Blues On The Corner		yes			2			0						
The Blues Walk		yes			5			1	Emerging Intermediate	yes				
Bluesette		yes		8			W	0		yes				
Body and Soul	1		27			15	WM	0		yes				
Bohemia After Dark	875					16	M	0						
Bolivia		yes				1		0		yes				
Book's Bossa		yes						0						
Boplicity		yes						0						
Born to Be Blue	324							0						
Bouncin' with Bud	529							0						
The Boy Next Door		yes						0						
Brazil	911							0						
The Breeze and I	447							0						
Bright Mississippi		yes				1		0						
Brilliant Corners		yes				2		0						
Brite Piece		yes						0						
Broadway	366					11	M	0						
Brownskin Girl		yes						0						
Bugle Call Rag	224							0						
But Beautiful	133			5		2	WM	0		yes				
But Not for Me	54		10			2	WM	0		yes				
Buzzy		yes			3	1		0						
By Myself	827							0						
Bye Bye Blackbird	126		14			16	WM	0		yes				
Bye Bye Blues	499							0						
Bye-Ya		yes				10	M	0						
C Jam Blues	148				8	4		2	Foundational	yes				
C. R. M.		yes						0						
Cabin in the Sky	549							0						
Canadian Sunset	563							0						
Candy	716							0						
Can't Help Lovin' Dat Man	339					1		0						
Can't We Be Friends	632							0						
Cantaloupe Island		yes		7		3	WM	3	Foundational	yes				
Capetown Ambush		yes						0						
Caravan	17		10			45	WM	1	Emerging Intermediate	yes				
Careless Love	787							0						
Carioca	516							0						
Celia		yes				1		0						
Centerpiece	790				3			0						
Central Park West		yes				1		0		yes				
Ceora		yes	11				W	0		yes				
Change Partners	926							0						
Charleston	988							0						
Chasin' the Bird	799				2			0						
Chattanooga Choo Choo	914							0						
Cheek to Cheek	187					3		0						
Cheese Cake		yes				3		0						
Chelsea Bridge	221							0		yes				
Cherokee (Indian Love Song)	39		21			21	WM	0		yes				
Cherry	612							0						
Cheryl	895				6			0		yes				
Chi Chi		yes			3			0		yes				
Chicago (That Toddlin' Town)	541							0						
Chick's Tune		yes						0						
A Child Is Born	323					1		2	Emerging Intermediate	yes				
Children Of The Night		yes						0						
China Boy	288							0						
Chinatown My Chinatown	703							0						
Chloe	441							0						
Choose Now		yes						0						
The Christmas Song	305							0						
Christmas Time is Here	943							0						
Christopher Columbus	588							0						
Chronic Blues		yes						0						
Close Enough for Love	847							0						
Close Your Eyes	298							0						
Cocktails for Two	585							0						
Come Rain or Come Shine	51			6		3	WM	0		yes				
Come Sunday	151							0		yes				
Comes Love	802					8		0						
Con Alma	301							0		yes				
Conception	868							0						
Confirmation	218		16			1	WM	1	Intermediate	yes				
Constellation		yes						0						
Contemplation		yes						1	Foundational					
The Continental	906							0						
Cool Blues		yes			6	4		0		yes				
Coquette	407							0						
Corcovado (Quiet Nights of Quiet Stars)	382		15			18	WM	0		yes				
Cottage for Sale	840							0						
Cottontail	233				8	1		0		yes				
Count Every Star		yes						0						
Count Your Blessings		yes						0						
Countdown		yes		5		1	WM	0		yes				
Cousin Mary		yes			3	4		2	Foundational					
Crazeology		yes						0						
Crazy He Calls Me	388							0						
Crazy Rhythm	260							0						
The Creole Love Call	953							1	Intermediate					
Crepuscule With Nellie		yes						0						
Crescent		yes						0		yes				
Crisis		yes						0						
Criss Cross		yes						0						
Cry Me a River	423					1		0						
C.T.A.		yes						0						
Cyclic Episode		yes						0		yes				
Daahoud	765							0		yes				
Dance Cadaverous		yes						0		yes				
Dance Of The Infidels		yes			3			0						
Dancing in the Dark	257							0		yes				
Dancing on the Ceiling	671							0						
Danny Boy	649							0						
Dark Eyes	397							0						
Darktown Strutters Ball	547							0						
Darn That Dream	70			9		2	WM	0		yes				
Dat Dere		yes						1	Intermediate					
Davenport Blues	757							0						
Day By Day	695							1	Intermediate	yes				
Day Dream	237							0		yes				
Day In, Day Out	503							0		yes				
Days of Wine and Roses	135		17			11	WM	0		yes				
Dear Old Southland	589							0						
Dear Old Stockholm	430							1	Intermediate					
Dearly Beloved	595							0		yes				
Dedicated to You	573							0		yes				
Deed I Do	338							0		yes				
Deep in a Dream	740							0						
Deep Night	836							0						
Deep Purple	295							0						
Deep River	651							0						
Del Sasser		yes						0						
Delilah		yes						0						
Deluge		yes						0						
Desafinado	713		12			17	WM	0		yes				
Detour Ahead	572							0						
Dewey Square		yes						0						
Dexterity	859				4			0		yes				
Diane		yes						1	Intermediate					
Dig		yes				1		0		yes				
Dinah	134							0						
Dindi	694							0		yes				
Dizzy Atmosphere	881							0						
Django	211							0		yes				
Do Nothin' Till You Hear from Me	93					6		0						
Do You Know What It Means to Miss New Orleans	687							1	Intermediate					
Doggin' Around	998							0						
Dolphin Dance	742		12			2	WM	0		yes				
Donna Lee	194		14			6	WM	0		yes				
Don't Be That Way	183				2			0						
Don't Blame Me	38							0		yes				
Don't Explain	253							0						
Don't Get Around Much Anymore	104			8		5	WM	1	Foundational	yes				
Don't Go to Strangers	832							0						
Don't Take Your Love from Me	521							0						
Don't Worry 'Bout Me	177							0						
Don't You Know I Care?	452							0						
Doxy	691		13			17	WM	3	Foundational	yes				
Dr. Jekyll (AKA Dr. Jackle)		yes						0						
Dream	442							0						
Dream Dancing	910							0						
Dream of You	995							0						
Driftin'		yes						0						
Drop Me off in Harlem	566							0						
The Duke	833							0						
Early Autumn	389							1	Intermediate	yes				
East of the Sun (and West of the Moon)	125					1		0		yes				
Easter Parade	662							0						
Eastern Joy Dance		yes						0						
Easy Does It	949							0						
Easy Living	80							0		yes				
Easy to Love	122					1		0		yes				
Ecaroh		yes						0		yes				
Echoes of Harlem	969							0						
Effendi		yes						0						
Eighty One		yes						1	Intermediate	yes				
El Gaucho		yes						0						
Elm		yes						0						
Embraceable You	24			9		1	WM	1	Foundational	yes				
Emily	506			8			W	0		yes				
The End of a Love Affair	392					1		0						
Episode From A Village Dance		yes						0						
Epistrophy	346					35	M	0		yes				
Equinox	903			5	8	12	WM	1	Foundational	yes				
Eronel		yes						0						
Escapade		yes						0						
E.S.P.		yes		5		2	WM	0		yes				
Estate	720							0		yes				
The Eternal Triangle		yes			3			0		yes				
Every Day I Have the Blues	976							1	Foundational					
Every Tub	931							0						
Everybody Loves My Baby	507							0						
Everything but You	811							0						
Everything Happens to Me	102					2		0		yes				
Everything I Have Is Yours	579							0						
Everything Must Change	761							0						
Evidence	497							0		yes				
Ev'ry Time We Say Goodbye	220							0						
Ev'rything I Love	773							0						
Ev'rything I've Got (Belongs to You)	842							0						
Exact Change		yes						0						
Exactly Like You	113					1		1	Foundational	yes				
Exodus	822							0						
The Eye Of The Hurricane		yes						0						
Fall		yes						0		yes				
Falling in Love with Love	289							2	Foundational	yes				
Farewell Blues	413							0						
Fascinating Rhythm	329							0						
Fee-Fi-Fo-Fum		yes		5		6	WM	0		yes				
A Felicidade	708							0						
Fever	856					1		0						
Fidgety Feet	823							0						
Fifth House		yes						0						
Fine and Dandy	358							0		yes				
Fine and Mellow	941							0						
A Fine Romance	427							0		yes				
Firewater		yes						0						
Firm Roots		yes						0		yes				
First Trip		yes						0						
Five O'clock Whistle	803							0						
Five Spot After Dark		yes			2	4		0						
Flamingo	146							1	Foundational					
The Flat Foot Floogie	809							0						
A Flower Is a Lovesome Thing	398							0						
Fly Little Bird Fly		yes						0						
Fly Me to the Moon (In Other Words)	352					8		2	Foundational					
Flying Home	256							1	Intermediate					
A Foggy Day	88			9		6	WM	0		yes				
The Folks Who Live on the Hill	471							0						
Fools Rush in (Where Angels Fear to Tread)	460							0						
Footprints	618		15		21	16	WM	2	Foundational	yes				
For All We Know	111							0						
For Heaven's Sake	456					6		0						
For Sentimental Reasons	863							0						
For You	723							0						
Forest Flower		yes						0		yes				
Four	537		12			21	WM	1	Intermediate	yes				
Four Brothers	942							0						
Four By Five		yes						0						
Four In One		yes		1			W	0						
Four On Six		yes				1		1	Intermediate					
Four or Five Times	741							0						
Frankie and Johnny	514							0						
Freddie Freeloader		yes		8	7	13	WM	1	Foundational	yes				
Freedom Jazz Dance		yes		6	6		W	1	Foundational	yes				
Freeway		yes						0						
Frenesi	438							0						
Friday The Thirteenth		yes						0						
From This Moment On	390							0		yes				
The Fruit		yes						0						
Fuchsia Swing Song		yes						0						
Funji Mama		yes						0						
Gaslight		yes						0						
Gee Baby Ain't I Good to You	150					2		1	Intermediate					
The Gentle Rain		yes						2	Foundational	yes				
Georgia on My Mind	44			8		7	WM	1	Emerging Intermediate	yes				
Gertrude's Bounce		yes						0						
Get Happy	169					2		0						
Get Out of Town	410							0						
Getting To Know You		yes						0						
Giant Steps	254		17			1	WM	0		yes				
Gingerbread Boy		yes			2			1	Foundational	yes				
The Girl from Ipanema	479		17			16	WM	2	Foundational	yes				
Girl Talk	611							1	Foundational					
Glad to Be Unhappy	825							0						
Glass Enclosure		yes						0						
Gloomy Sunday	674							0						
Gloria's Step		yes						0		yes				
The Glory of Love	897							0						
Gnid		yes						1	Intermediate					
God Bless the Child	170							0		yes				
God Rest Ye Merry Gentlemen	729							0						
Goin' Out of My Head	883							0						
Goin' to Chicago Blues	535							0						
Gone Again		yes						0						
Gone with the Wind	143					1		0		yes				
Good Bait	277			7	9	1	WM	0		yes				
The Good Life	470							0						
Good Morning Heartache	316							0						
Goodbye	117							0						
Goodbye Pork Pie Hat	610					2		0		yes				
Goodnight My Love	743							0						
Grand Central		yes						0						
Granted		yes						0						
Green Eyes (Aquellos Ojos Verdes)	745							0						
Green St. Caper		yes						0						
Greensleeves	403					2		0						
Gregory Is Here		yes						0		yes				
Groovin' High	186			9		3	WM	1	Intermediate	yes				
Guilty	759							0						
The Gypsy In My Soul		yes						0						
Gypsy Without A Song		yes						0						
Hackensack (AKA Rifftide)		yes				4		0						
Half Nelson	894			5			W	0		yes				
Hallelujah	384							0						
Hallucinations (AKA Budo)		yes						0						
Happiness Is a Thing Called Joe	721							0						
Happy Times		yes						0						
Harlem Nocturne	807							0						
Harvard Blues	994							0						
Haunted Heart	880							0						
Have You Met Miss Jones	222		22			6	WM	1	Foundational	yes				
Have Yourself a Merry Little Christmas	457							0						
Heart and Soul	815							0						
Heat Wave	959							0						
Hello Dolly	758							0						
Hello Young Lovers	928							0		yes				
Here's That Rainy Day	100		13			1	WM	0		yes				
Hey There		yes						0						
Hi-Fly		yes						1	Intermediate	yes				
The Holy Land		yes						1	Foundational					
Homestretch (AKA Joe's Blues)		yes						0						
Honeysuckle Rose	15			9		9	WM	1	Foundational	yes				
Hot House	383			7		2	WM	0		yes				
The Hour of Parting	779							0						
House Of Jade		yes						0						
Household Of Saud		yes						0						
How About You	450							0						
How Am I to Know?	582							0						
How Are Things In Glocca Morra?		yes						0						
How Come You Do Me Like You Do	690							0						
How Could You Do A Thing Like That To Me		yes						0						
How Deep Is the Ocean?	49			5		1	WM	0		yes				
How High the Moon	21		14			10	WM	0		yes				
How Insensitive	552			7		3	WM	1	Foundational	yes				
How Long Has This Been Going On?	213							0						
How Long, How Long Blues	559							0						
Hub-Tones		yes						0						
Humoresque	668							0						
I Ain't Got Nobody (and Nobody Cares for Me)	415							0						
I Ain't Got Nothin' but the Blues	888							0						
I Believe in You	963							0						
I Can't Believe That You're in Love with Me	166							0						
I Can't Escape from You	726							0						
I Can't Get Started (with You)	5		12			1	WM	0		yes				
I Can't Give You Anything but Love	162							0						
I Can't Stop Loving You	920							0						
I Concentrate on You	290							0		yes				
I Could Have Danced All Night	841							0						
I Could Write a Book	455			5			W	0		yes				
I Cover the Waterfront	50							0		yes				
I Cried for You	245							0						
I Didn't Know About You	500							0						
I Didn't Know What Time It Was	82					1		0		yes				
I Don't Know Why (I Just Do)	464							0						
(I Don't Stand A) Ghost of a Chance	66							0		yes				
I Don't Wanna Be Kissed		yes						0						
I Fall in Love Too Easily	300							0		yes				
I Get a Kick Out of You	139							0						
I Get Along Without You Very Well	661							0						
I Got It Bad (and That Ain't Good)	61							0						
I Got Rhythm	73			6	10	3	WM	1	Emerging Intermediate	yes				
I Gotta Right to Sing the Blues	528							0						
I Guess I'll Hang My Tears Out To Dry		yes						0						
I Guess I'll Have to Change My Plan	753							0						
I Had The Craziest Dream		yes						0						
I Hadn't Anyone Till You	286							0						
I Hear a Rhapsody	227		11			7	WM	0		yes				
I Hear Music	414							0						
I Know That You Know	285							0						
I Left My Heart in San Francisco	971							0						
I Let a Song Go Out of My Heart	152							0						
I Love Lucy		yes						0						
I Love Paris	553							0						
I Love You	119		20				W	0		yes				
I Loves You Porgy	270							0						
I May Be Wrong	626							0						
I Mean You	625			5		1	WM	0		yes				
I Must Have That Man	564							0						
I Never Knew	303							0						
I Only Have Eyes for You	191							0						
I Remember Clifford	138							0		yes				
I Remember You	116			7			W	1	Foundational	yes				
I See Your Face Before Me	902							0						
I Should Care	47			5		1	WM	1	Intermediate	yes				
I Surrender Dear	95							0						
I Think You're Wonderful		yes						0						
I Thought About You	108			8		4	WM	0		yes				
I Thought I'd Let You Know		yes						0						
I Waited for You	866							0						
I Want a Little Girl	360							0						
I Want to Be Happy	215							0						
I Want to Talk About You	905							0						
I Wish I Knew	312							0						
I Wish You Love	984							0						
I Wished on the Moon	386							0						
I Won't Dance	999							0						
(I Would Do) Anything for You	750							0						
Idaho	955							0						
If		yes						0						
If Dreams Come True	491							0						
If Ever I Would Leave You		yes						0						
If I Could Be with You (One Hour Tonight)	155							0						
If I Had You	65							0						
If I Loved You	788							0						
If I Should Lose You	179					1		1	Foundational	yes				
If I Were a Bell	466			8		4	WM	0		yes				
If There Is Someone Lovelier Than You		yes						0						
If This Isn't Love		yes						0						
If You Could See Me Now	127							0		yes				
I'll Be Around	272							0		yes				
(I'll Be Glad When You're Dead) You Rascal You	568							0						
I'll Be Seeing You	453							0						
I'll Close My Eyes	865							0						
I'll Get By (As Long As I Have You)	531							0						
I'll Keep Loving You		yes						0						
I'll Never Be the Same	210							0						
I'll Never Smile Again	428							0						
I'll Remember April	29		16			1	WM	0		yes				
I'll See You in My Dreams	473							0						
I'll String Along with You	844							0						
I'll Take Romance	672							0						
I'll Wait And Pray		yes						0						
I'll Walk Alone	735							0						
Ill Wind	234							0						
I'm a Fool to Want You	319							0						
I'm an Old Cowhand (From the Rio Grande)	896							0						
I'm Beginning to See the Light	229					1		0						
I'm Coming Virginia	226							0						
I'm Confessin' That I Love You	258							0						
I'm Crazy 'Bout My Baby	686							0						
I'm Getting Sentimental Over You	176							0		yes				
I'm Glad There Is You	357							0						
I'm Gonna Sit Right Down and Write Myself a Letter	515							0						
I'm in the Mood for Love	195							0						
I'm Just a Lucky So and So	363							0						
I'm Just Wild About Harry	964							0						
I'm Old Fashioned	250					1		0		yes				
I'm Putting All My Eggs in One Basket	884							0						
I'm So Excited By You		yes						0						
I'm Thru with Love	636							0						
I'm Yours	794							0						
Imagination	178							0		yes				
Impressions	771		16			2	WM	4	Foundational	yes				
In A Capricornian Way		yes						0						
In a Little Spanish Town	667							0						
In a Mellotone	140		15			4	WM	2	Foundational	yes				
In A Mist		yes						0						
In a Sentimental Mood	19		22			4	WM	0		yes				
In Case You Haven't Heard		yes						0						
In the Mood	775							0						
In the Still of the Night	209							0						
In the Wee Small Hours of the Morning	340							0		yes				
In Walked Bud	495					10	M	1	Foundational	yes				
In Your Own Sweet Way	223		13			4	WM	1	Intermediate	yes				
Indian Summer	267							0						
Indiana (Back Home Again in Indiana)	41			9			W	1	Intermediate	yes				
Infant Eyes		yes				3		0		yes				
Inner Urge		yes		8			W	0		yes				
Intrepid Fox		yes						0		yes				
Introspection		yes						0						
Invitation	252		15			26	WM	0		yes				
Is That So		yes						0						
Is You Is or Is You Ain't My Baby?	805							0						
Isfahan	718					12	M	1	Emerging Intermediate	yes				
Isn't It Romantic	337							0		yes				
Isn't She Lovely	763							0						
Isotope		yes			5			0		yes				
Israel		yes						0		yes				
It Ain't Necessarily So	420							1	Foundational					
It All Depends on You	937							0						
It Came Upon a Midnight Clear	989							0						
It Could Happen to You	60		13			20	WM	1	Foundational	yes				
It Don't Mean a Thing	84			6		5	WM	0		yes				
It Had to Be You	361			6			W	0		yes				
It Might As Well Be Spring	114			5			W	0		yes				
It Never Entered My Mind	181					1		0		yes				
It's a Blue World	676							0						
It's a Wonderful World	778							0						
It's All Right with Me	279							0						
It's Been a Long, Long Time	962							0						
It's Easy to Remember	527							0						
It's Magic	689							0						
It's Only a Paper Moon	154							0						
It's the Talk of the Town	255							0						
It's Wonderful	852							0						
It's You or No One	372			5			W	0		yes				
I've Found a New Baby	78							0						
I've Got a Crush on You	487							0						
I've Got a Feeling I'm Falling	702							0						
I've Got My Love to Keep Me Warm	904							0						
I've Got the World on a String	184							0		yes				
I've Got You Under My Skin	160							0						
I've Grown Accustomed to Her Face	304							0						
I've Never Been in Love Before	465							0						
I've Told Ev'ry Little Star		yes						0						
Jackie-ing		yes						0						
Ja-Da	658							2	Foundational					
Jayne		yes						0						
Jazz Me Blues	380							0						
Jeannine		yes						1	Intermediate	yes				
Jeep Is Jumpin'	738							0						
Jeepers Creepers	308							0						
Jersey Bounce	801							0						
Jim	870							0						
Jingle Bells	275							1	Foundational					
Jitterbug Waltz	200							0		yes				
Jive At Five	767							0						
The Jody Grind		yes			2			1	Foundational	yes				
Johnny Come Lately	834							0						
Jordu	654					2		0		yes				
Joshua		yes						0		yes				
Joy Spring	511		20			2	WM	0		yes				
Juju		yes						0		yes				
Jump for Joy	935							0						
Jumpin' At the Woodside	436				2	2		0						
Jumpin' with Symphony Sid	712				3	1		0		yes				
Just a Closer Walk with Thee	781							0						
Just a Gigolo	583							0						
Just A-Sittin' and A-Rockin'	461							0						
Just Friends	85		21			8	WM	0		yes				
Just in Time	230							0		yes				
Just One More Chance		yes						0						
Just One of Those Things	74							0		yes				
Just Squeeze Me (But Don't Tease Me)	231							0						
Just You, Just Me	90							0						
Kansas City	929							0						
Katrina Ballerina		yes						0						
K.C. Blues		yes						0						
Keepin' Out of Mischief Now	378							0						
The Kicker		yes						0						
Killer Joe	628			7			W	4	Foundational	yes				
Kim		yes						0						
King Porter Stomp	306							0						
Knucklebean		yes						0						
La Alhambra		yes						0						
La Fiesta		yes						0						
La Mesha		yes						0						
Lady Bird	458		15			5	WM	2	Foundational	yes				
The Lady Is a Tramp	336					3		0						
The Lady's in Love with You	665							0						
Laird Baird		yes						0						
Lament	820							0		yes				
Lament For Booker		yes						0		yes				
The Lamp Is Low	530							0		yes				
Last Night When We Were Young	526							0						
Laura	35			7		1	WM	0		yes				
Lazy Afternoon	643							0						
Lazy Bird		yes		6		1	WM	2	Foundational	yes				
Lazy River	682							0						
Lester Leaps In	219				8			1	Foundational	yes				
Lester Left Town		yes						0						
Let It Snow! Let It Snow! Let It Snow!	554							0						
Let Me Off Uptown	934							0						
Let Me Try		yes						0						
Let's Call the Whole Thing Off	766							0						
Let's Call This		yes						0						
Let's Cool One		yes						0						
Let's Dance	990							0						
Let's Do It (Let's Fall in Love)	797							0						
Let's Face the Music and Dance	616					1		0						
Let's Fall in Love	480					2		0		yes				
Light Blue		yes						0						
Like Someone in Love	147		15			2	WM	0		yes				
Like Sonny (AKA Simple Like)		yes						0						
Li'l Darlin'	291							1	Emerging Intermediate					
Lil's Paradise		yes						0						
Limehouse Blues	174				3			0						
Linger Awhile	666							0						
Litha		yes						0		yes				
Little B's Poem		yes						0		yes				
Little Dancer		yes						0						
Little Girl Blue	124							0		yes				
Little Melonae		yes						0		yes				
Little Niles		yes						0						
Little Old Lady		yes						0						
Little One		yes						0						
Little Red's Fantasy		yes						0						
Little Rootie Tootie		yes						0						
Little Sunflower		yes		8		7	WM	4	Foundational	yes				
Little White Lies	680							0						
Little Willie Leaps		yes						0		yes				
Liza (All the Clouds'll Roll Away)	189							0						
Locomotion		yes			2	1		0						
Lonely Woman		yes			1			0						
Lonesome Road	574							0						
Long Ago (and Far Away)	299							0						
Lonnie's Lament		yes						0						
Look for the Silver Lining	673							1	Intermediate					
The Look of Love	698							0						
Lookout Farm		yes						0						
Lost		yes						0						
Lost in the Stars	688							0						
Lotus Blossom	886							0		yes				
Louise	408							0						
Love Dance	604							0						
Love for Sale	30			9		7	WM	0		yes				
Love Is A Many Splendored Thing		yes						0						
Love Is Here to Stay	57			6		7	WM	0		yes				
Love Is Just Around the Corner	821							0						
Love Letters	309							0						
Love Me or Leave Me	206							0						
Love Walked In	201							0		yes				
Love You Madly	567							0						
Loveless Love	715							0						
Lover	118							0		yes				
Lover Come Back to Me	69							0		yes				
Lover Man (Oh, Where Can You Be)	7		11			6	WM	0		yes				
Lucky Day		yes						0						
Lullaby in Rhythm	586							0						
Lullaby of Birdland	153			7		12	WM	0		yes				
Lullaby of Broadway	992							0						
Lullaby of the Leaves	251							0						
Lulu's Back in Town	581							0						
Luny Tune		yes						0						
Lush Life	36							0		yes				
Mack the Knife	110							0						
The Maestro		yes						0						
Mahjong		yes						0		yes				
Maiden Voyage	952		13			3	WM	1	Foundational	yes				
Main Stem	502							0						
Make Believe	936							0						
Make Someone Happy	890							0		yes				
Makin' Whoopee	202							0						
Mamacita		yes						0						
Mambo Inn	938							0						
The Man I Love	18							0		yes				
The Man That Got Away	860							0						
Manha De Carnaval (AKA Morning Of The Carnival, The Theme From Black Orpheus, and A Day In The Life Of A Fool)		yes	15			41	WM	2	Foundational	yes				
Manhattan	489							0						
Manteca	490				2	1		0						
Maple Leaf Rag	889							0						
Margie	268							0						
Maria	591							0						
Marie	838							0						
Mas Que Nada	887							0						
The Masquerade Is Over	396							0						
Mating Call		yes						1	Intermediate					
Matrix		yes						0						
Maybe	983							0						
Maybe You'll Be There	864							0						
Mayreh		yes						0						
Mean to Me	75					1		0						
Meaning of the Blues	730							0						
Meditation	685			7			W	0		yes				
(Meet) The Flintstones		yes			6			0						
Melancholia		yes						0						
Memories of You	83							0						
Memphis Blues	725							0						
Mercy, Mercy, Mercy		yes				5		3	Foundational	yes				
Midnight Sun	325							0		yes				
Miles' Mode		yes						0						
Milestones	287					10	M	2	Foundational					
Milestones (old)		yes						0		yes				
Minority		yes						0		yes				
Mirror, Mirror		yes						0						
Misterioso	484				5	2		0						
Misty	56		16			10	WM	1	Emerging Intermediate	yes				
Miyako		yes						0						
Mo' Joe		yes						0						
Moanin'	565					17	M	1	Foundational	yes				
Mode For Joe		yes						0						
Mohawk		yes			2			0						
Moment's Notice	576		13				W	0		yes				
Monk's Dream	798							0		yes				
Monk's Mood	542							0		yes				
The Mooche	714							0						
Mood Indigo	161					4		0		yes				
Moon Alley		yes						0						
Moon Rays		yes						0						
Moon River	684							1	Foundational					
Moon Song (That Wasn't Meant for Me)	776							0						
Moonglow	128					1		0						
Moonlight Becomes You	907							0						
Moonlight in Vermont	141			5		7	WM	1	Intermediate					
Moonlight Serenade	882							0						
The Moontrane		yes						0		yes				
Moose the Mooche	699				8			1	Intermediate	yes				
More	769							0						
The More I See You	318							0		yes				
More Than You Know	72							0		yes				
Morning		yes						0						
Morning Star		yes						0						
Mosaic		yes						0						
The Most Beautiful Girl In The World		yes						0						
Moten Swing	249							0						
Move	510							0		yes				
Mr. Clean		yes						0						
Mr. Day (AKA One And Four)		yes						1	Intermediate					
Mr. P.C.		yes	10		17	22	WM	4	Foundational	yes				
Mr. Syms		yes						0						
Muskrat Ramble	342							0						
My Baby Just Cares for Me	922							0						
My Blue Heaven	406							0						
My Buddy	496					1		0						
My Favorite Things	333			5		5	WM	1	Foundational	yes				
My Foolish Heart	103		10			1	WM	0		yes				
My Funny Valentine	6		15			5	WM	1	Intermediate	yes				
My Heart Belongs to Daddy	584							0						
My Heart Stood Still	246							0						
My Honey's Lovin' Arms	873							0						
My Ideal	379							0						
My Little Brown Book		yes						0						
My Little Suede Shoes	587					6		4	Foundational	yes				
My Man	472							0						
My Man's Gone Now	481							0						
My Melancholy Baby	164							0						
My Monday Date	845							0						
My Old Flame	101							0		yes				
My One and Only Love	97			9		1	WM	0		yes				
My Reverie	862							0						
My Romance	91		12				W	0		yes				
My Shining Hour	307			6		6	WM	0		yes				
My Ship	292							0		yes				
My Silent Love	746							0						
Nagasaki	617							0						
Naima	263					4		0		yes				
Namely You	782							0						
Nancy (with the Laughing Face)	622							0		yes				
Nardis	633			7		12	WM	0		yes				
Nature Boy	115					3		0						
The Nearness of You	64			5		2	WM	0		yes				
Nefertiti		yes						0		yes				
Never Let Me Go	332							0						
New Orleans	867							0						
New York		yes						0						
Nica's Dream	418		10			9	WM	0		yes				
Nica's Tempo		yes						0						
Nice Work If You Can Get It	158							0						
Night and Day	33		16			7	WM	1	Foundational	yes				
Night Dreamer		yes				1		0		yes				
The Night Has a Thousand Eyes	273			5			W	0		yes				
Night in Tunisia	40		14			44	WM	1	Emerging Intermediate	yes				
Night Train	638				5			1	Intermediate					
The Night We Called It a Day	445							0						
A Nightingale Sang in Berkeley Square	804							0						
No Blues (AKA Pfrancing)		yes			2			0						
No Moon At All	569					4		0						
No More	659							0						
Nobody Else but Me	657							0						
Nobody Knows the Trouble I've Seen	538							0						
Nobody Knows You When You're Down and Out	979							0						
Nobody's Sweetheart Now	843							0						
Nostalgia In Times Square		yes						1	Foundational					
Now It Can Be Told	970							0						
Now's the Time	354		10		17	2	WM	2	Foundational	yes				
Nuages	504							0						
Nutty		yes				1		0						
Nutville		yes			3			0		yes				
O Grande Amor		yes				2		0						
O Little Town of Bethlehem	977							0						
Oblivion		yes						0						
Off Minor	876					2		0		yes				
Oh, Lady Be Good!	22							0		yes				
Oh You Crazy Moon	783							0						
Ojos De Rojo		yes						0						
Ol' Man River	236							0						
Old Devil Moon	242							0		yes				
Old Folks	144							0		yes				
Old Folks at Home	492							0						
Oleo	280		21		30	1	WM	0		yes				
Oliloqui Valley		yes						0						
On a Clear Day (You Can See Forever)	800							0		yes				
On A Misty Night		yes						1	Intermediate					
On a Slow Boat to China	630					4		1	Foundational					
On Green Dolphin Street	25		26			33	WM	1	Foundational	yes				
On the Alamo	359							0						
On The Nile		yes						0						
On the Street Where You Live	330							0						
On the Sunny Side of the Street	55					20	M	0		yes				
On the Trail	641							1	Emerging Intermediate	yes				
Once I Loved	683			6			W	2	Foundational	yes				
Once in a While	262							0						
One By One		yes				1		0						
One Down, One Up		yes						0						
One Finger Snap		yes						0		yes				
One for My Baby (And One More for the Road)	739							0						
The One I Love (Belongs to Somebody Else)	737							0						
One Note Samba	533			9		3	WM	0		yes				
One O'clock Jump	175							1	Intermediate					
One's Own Room		yes						0						
(Ooh) What a Little Moonlight Can Do	534					6		0						
Opus De Funk		yes						0						
Opus One	948							1	Intermediate					
Organ Grinder's Swing	736							0						
Oriental Folk Song		yes						0						
Ornithology	462		10			25	WM	1	Intermediate	yes				
An Oscar For Treadwell		yes						0						
Our Delight	467							0						
Our Man Higgins		yes						0						
Our Waltz		yes						0						
Out of Nowhere	68		10			2	WM	1	Foundational	yes				
Out of This World	434							0						
Over the Rainbow	63			7			W	0		yes				
Overtaken By A Moment		yes						0						
Ow!	858							0						
Panama	493							0						
Pannonica	494							0		yes				
Paris Eyes		yes						0						
Parisian Thoroughfare		yes						0		yes				
Parker's Mood	488				2			0						
The Party's Over	704							0						
Passion Dance		yes						1	Intermediate	yes				
Passion Flower	411							0						
Paul's Pal		yes						1	Intermediate					
Peace	923			7			W	1	Intermediate	yes				
Peace Piece		yes						0						
The Peacocks	605							0						
The Peanut Vendor	519							0						
Peg O' My Heart	655							0						
Penelope		yes						0						
Pennies from Heaven	81					1		0						
Pensativa		yes						0		yes				
Penthouse Serenade	580							0						
Pent-Up House		yes				1		0		yes				
People	508							0						
People Will Say We're in Love	806							0						
Perdido	58		10			1	WM	2	Foundational	yes				
Peresina		yes						0						
Perfidia	885							1	Emerging Intermediate					
Picadilly Lily		yes						0						
Pick Yourself Up	550							0						
Pinetop's Boogie Woogie	965							0						
Pinocchio		yes						0		yes				
Played Twice		yes						0						
Please Be Kind	697							0						
(Please) Do It Again	915							0						
Please Don't Talk About Me When I'm Gone	634							0						
Please Send Me Someone to Love	322							0						
Poinciana	334							3	Foundational					
Polka Dots and Moonbeams	79			6			W	0		yes				
Poor Butterfly	196							0		yes				
Poor People's March		yes						0						
Portrait of Jennie	795							0						
Power To The People		yes						0						
The Preacher	599							1	Emerging Intermediate	yes				
Prelude to a Kiss	46			8			W	0		yes				
Pretty Eyes		yes						0						
Prince Albert		yes						0		yes				
Prisoner of Love	670							0						
P.S. I Love You	774					4		0						
Punjab		yes						0						
Pursuance		yes						0						
Put Your Little Foot Right Out		yes						0						
Quasimodo		yes						0						
Quicksilver		yes						0		yes				
Rahsaan's Run		yes						0						
Raincheck	412							0						
Ramblin'		yes						0						
Rapture		yes						0						
Ray's Idea	780							0						
Recordame (AKA No Me Esqueca)		yes	18			52	WM	2	Foundational	yes				
Red Clay		yes			1	1		0		yes				
Red Cross	978							1	Intermediate					
Red Sails in the Sunset	600							0						
Red Top	855				3			0						
Reflections	706					6		0						
Reflections In D		yes						0						
Relaxin' At Camarillo	748				3			0		yes				
Remember	362							0						
Resolution		yes						0						
Rhythm-A-Ning	347				7	2		0		yes				
Right Now		yes						0						
Ring Dem Bells	932							0						
Riot		yes						0						
Rise 'n Shine		yes						0						
Riverboat Shuffle	985							0						
Robbin's Nest	710							1	Intermediate					
Rockin' Chair	437							0						
Rockin' in Rhythm	369							0						
Rocks in My Bed	933							0						
Roll 'Em	814							0						
Roll 'Em Pete	930							0						
Room 608		yes			1			1	Intermediate	yes				
Rosalie	939							0						
Rose of the Rio Grande	732							0						
Rose Room	199							0						
Rosetta	203							0						
Rosewood		yes						0						
'Round Midnight	4		17			4	WM	1	Emerging Intermediate	yes				
Route 66	899				3	1		0		yes				
Royal Garden Blues	204				2			0						
Ruby	637							0						
Ruby My Dear	355					1		0		yes				
Rudolph the Red-Nosed Reindeer	981							0						
Runnin' Wild	482							0						
Russian Lullaby	469							0						
'S Wonderful!	98							0						
Sail Away		yes						0		yes				
Salt Peanuts	796				3			0		yes				
Samba De Orpheus		yes				2		1	Foundational					
Same Shame		yes						0						
Sandu		yes			5	8		0		yes				
Sans Souci		yes						0						
Santa Claus Is Coming to Town	417							0						
Satellite		yes						0						
Satin Doll	45		17			5	WM	7	Foundational	yes				
Say It Isn't So	639							0						
Say It (Over And Over Again)		yes						0						
The Scene Is Clean		yes						0						
Scrapple from the Apple	271			9		12	WM	2	Foundational	yes				
Search For Peace		yes						0						
Second Balcony Jump		yes						0						
The Second Time Around	646							0						
Secret Love	311					1		0		yes				
See See Rider	468							0						
Send in the Clowns	707							0						
Sent for You Yesterday	816							0						
Sentimental Journey	792							0						
Señor Blues		yes			1			1	Foundational					
September in the Rain	274							0						
September Song	76							0						
Serenade in Blue	693							0						
Serenata	891							0						
Serenity		yes						0						
The Serpent's Tooth		yes			1			0						
Seven Come Eleven	562				2			0						
Seven Steps To Heaven		yes		6			W	0		yes				
A Shade Of Jade		yes						0						
The Shadow of Your Smile	276		10				W	1	Foundational	yes				
Shall We Dance		yes						0						
Shaw Nuff	601				3			0		yes				
She		yes						0						
Sheik of Araby	165							0						
She's Funny That Way	192							0						
Shim-Me-Sha-Wabble	826							0						
Shine	498							0						
Shine on Harvest Moon	846							0						
Shiny Stockings	421							1	Intermediate					
Shoe Shine Boy	644							0						
Short Story		yes						0						
Sidewinder	727				4			1	Foundational	yes				
Silent Night, Holy Night	476							0						
Silver's Serenade		yes						1	Intermediate	yes				
Since I Fell for You	197							0						
Sing, Sing, Sing	624							1	Foundational					
Singin' in the Rain	954							0						
Sippin' At Bell's	851				3			0		yes				
Sister Sadie	544							1	Foundational	yes				
Sky Dive		yes						1	Intermediate	yes				
Skylark	62			8		2	WM	0		yes				
A Sleepin' Bee	701							0						
Smile	524					1		0						
Smiles	777							0						
Smoke Gets in Your Eyes	99							0						
Smooth Sailing	961							0						
Snowfall	900							0						
So Beats My Heart For You		yes						0						
So in Love (Am I)	443							0						
So Near So Far		yes						0						
So Rare	946							1	Intermediate					
So What	435		14			11	WM	1	Emerging Intermediate	yes				
Social Call		yes						1	Intermediate					
Soft Winds	314							0						
Softly As in a Morning Sunrise	132		18			24	WM	2	Foundational	yes				
Solar	402		14			18	WM	2	Foundational	yes				
Solid		yes				2		0		yes				
Solitude	136							0		yes				
Some of These Days	405							0						
Some Other Blues		yes			2			1	Intermediate	yes				
Some Other Spring	631							0						
Some Other Time		yes						0		yes				
Somebody Loves Me	172							0						
Somebody Stole My Gal	593							0						
Someday My Prince Will Come	240		19			12	WM	0		yes				
Someday Sweetheart	364							0						
Someone to Watch Over Me	77			5			W	0						
Something to Live For	439							0						
Sometime Ago	831							0						
Sometimes I feel Like a Motherless Child	505							0						
Sometimes I'm Happy	149							0						
Somewhere	719							0						
Song For My Father		yes	10			13	WM	3	Foundational	yes				
The Song Is Ended	598							0						
The Song Is You	159			8			W	0		yes				
Sonny Boy	664							0						
Sonnymoon For Two		yes		8	11		W	2	Foundational	yes				
Soon	381							0						
Sophisticated Lady	31			7		1	WM	0		yes				
Soul Eyes	477							0						
Soul-Leo		yes						0						
Soultrane		yes						0						
South	849							0						
Speak Low	120		12			2	WM	1	Foundational	yes				
Speak No Evil		yes		7		5	WM	0		yes				
Spiral		yes						0						
S'posin'		yes						1	Intermediate					
Spring Can Really Hang You Up the Most	755							0		yes				
Spring Is Here	228							0		yes				
Squatty Roo	711							0						
Squeeze Me	171							0						
St. James Infirmary	239							4	Foundational					
St Louis Blues	20				3			3	Foundational					
St. Thomas	371		12			29	WM	2	Foundational	yes				
Stablemates	424		10				W	0		yes				
Stairway to the Stars (Park Avenue Fantasy)	167							0						
Star Crossed Lovers	829							0		yes				
Star Dust	12			8			W	0		yes				
Star Eyes	87		12			1	WM	1	Foundational	yes				
Stars Fell on Alabama	238					1		0		yes				
Stay As Sweet As You Are		yes						0						
Steeplechase		yes			3			0		yes				
Stella By Starlight	10		26			12	WM	0		yes				
Step Lightly		yes						0						
Stolen Moments	853			7	13	6	WM	1	Foundational	yes				
Stompin' At the Savoy	48			6		1	WM	0		yes				
Stop Start		yes						0						
Stormy Monday Blues	925							0						
Stormy Weather (Keeps Rainin' All the Time)	106					1		0						
Straight Ahead		yes						0						
Straight No Chaser	163		13		19	7	WM	0		yes				
Straight Street		yes						0						
Straight Up And Down		yes						0						
Straighten Up and Fly Right	951				3			0						
Strange Fruit	681							0						
Stranger in Paradise	968							0						
Street of Dreams	376							0						
Strictly Confidential		yes						0						
Strike Up the Band	320							0						
String of Pearls	960							0						
Strollin'	709							0		yes				
Struttin' with Some Barbecue	556							0						
Stuffy	692							0						
Sugar Blues	791							0						
Sugar Foot Stomp	813							0						
Sugar (That Sugar Baby O' Mine)	269			9			W	3	Emerging Intermediate	yes				
Summer In Central Park		yes						0						
The Summer Knows	608							0						
Summer Night	839							0						
Summertime	3		16			17	WM	4	Foundational	yes				
Sunday	281							0						
A Sunday Kind of Love	752							0						
Sunny	606							1	Foundational					
Sunrise, Sunset		yes						0						
Sunshower		yes						0						
Super Jet		yes						1	Intermediate					
Superstition	991							0						
The Surrey with the Fringe on Top	399							0						
Sweet and Lovely	142							0		yes				
Sweet Georgia Brown	16		11			1	WM	1	Emerging Intermediate	yes				
Sweet Lorraine	37							0						
Sweet Sue, Just You	193							0						
Sweethearts on Parade	956							0						
Swing Low, Sweet Chariot	478							0						
Swinging the Blues	520							0						
Syeeda's Song Flute		yes						0						
Taboo	850							0						
Tadd's Delight		yes						0						
Tain't Nobody's Business If I Do	653							0						
Tain't What You Do	835							0						
Take Five	656			3		10	WM	2	Intermediate	yes				
"Take the ""A"" Train"	23		26			21	WM	2	Foundational	yes				
Take The Coltrane		yes						0		yes				
Taking a Chance on Love	214					1		0						
Tangerine	212					1		0		yes				
A Taste of Honey	893							0						
Tea for Two	59							0						
Teach me Tonight	444							0						
Tell Me A Bedtime Story		yes						0						
Temptation	957							0						
Tempus Fugit		yes				6		0						
Tenderly	26			9		1	WM	0		yes				
Tenor Madness		yes		9	16	12	WM	2	Foundational	yes				
Tetragon		yes						0						
Thanks for the Memory	762							0						
That Old Black Magic	180					1		0						
That Old Devil Called Love	824							0						
That Old Feeling	244							0						
That's a Plenty	571							0						
That's All	261							0						
Thelonious		yes						0						
Them There Eyes	264							0						
The Theme		yes			5			0						
Theme For Ernie		yes						0						
Theme For Maxine		yes						0						
Then I'll Be Tired of You	551							0						
There Are Such Things	913							0						
There Is No Greater Love	52		18			17	WM	0		yes				
There Will Never Be Another You	43		26			31	WM	1	Foundational	yes				
There'll Be Some Changes Made	401							0						
There's a Lull in My Life	924							0						
There's a Small Hotel	284							0						
There's No You	518							0						
These Foolish Things	28							0						
They All Laughed	927							0						
They Can't Take That Away from Me	86					2		0						
They Didn't Believe Me	446							0						
They Say	987							0						
They Say It's Wonderful	345					1		0						
Things Ain't What They Used to Be	92			5	10		W	2	Foundational	yes				
The Things We Did Last Summer	785							0		yes				
Think Of One		yes						0						
Think On Me		yes						1	Foundational	yes				
This Can't Be Love	123							0						
This Here		yes						0						
This I Dig Of You		yes				24	M	0		yes				
This Is All I Ask	997							0						
This Is Always	315							0						
This Is For Albert		yes						0						
This Is New		yes						0						
This Love of Mine	590							0						
This Time the Dream's on Me	416							0						
This Year's Kisses	912							0						
Thou Swell	278							0						
Three Flowers		yes						0						
Three Little Words	145							0						
The Thrill Is Gone	760							0						
Tickle Toe	679							0						
Tico Tico (Tico No Fuba)	615							1	Foundational					
Tiger Rag	259							0						
Time After Time	131							0						
A Time for Love	283							0		yes				
Time on My Hands	156							0						
Time Out	944							0						
Time Was		yes						0						
Tin Roof Blues	614							0						
Tin Tin Deo	623							1	Foundational					
Tiny Capers		yes						0						
'Tis Autumn	621							0						
To Each His Own	1000							0						
To Kill A Brick		yes						0						
Together	749							0						
Tom Thumb		yes						0						
Tomorrow's Destiny		yes						0						
Tones For Joan's Bones		yes						0		yes				
Tonight	916							0						
Too Close for Comfort	391							0						
Too Late Now	620							0						
Too Marvelous for Words	344							0						
Too Young to Go Steady	972							0		yes				
Topsy	385							1	Intermediate					
The Touch of Your Lips	474							0		yes				
Tour De Force		yes						0						
Toy Tune		yes						0						
Travelin' Light	425							0						
Tricotism		yes						0		yes				
Trinkle Tinkle	647							0						
Triste	879		10				W	1	Intermediate	yes				
Trouble in Mind	409							0						
Trust in Me	784							0						
Try a Little Tenderness	663							0						
Tune Up	652		11			2	WM	2	Foundational	yes				
Tuxedo Junction	696							0						
Two Bass Hit		yes						1	Intermediate					
Two Sleepy People	817							0						
Tyrone		yes						0						
Ugetsu (AKA Fantasy In D)		yes						0						
Un Poco Loco	793							0						
Una Mas		yes						0						
Una Muy Bonita		yes						0						
Undecided	105							0						
Under a Blanket of Blue	645							0						
Unforgettable	722							0						
Unit Seven		yes			2			1	Intermediate	yes				
United		yes						0						
Until I Met You (Corner Pocket)	522							0						
Until the Real Thing Comes Along	317							0						
Up 'gainst The Wall		yes						0						
Up Jumped Spring		yes				2		1	Intermediate	yes				
Upper Manhattan Medical Group (UMMG)	558							0						
Valse Hot		yes				4		0		yes				
Valse Triste		yes						0						
Very Early		yes						0		yes				
The Very Thought of You	107							1	Foundational					
Vierd Blues		yes			3			0		yes				
Violets for Your Furs	728							0						
Virgo		yes						0						
Voyage		yes						0		yes				
Wabash		yes						0						
Wail		yes			2			0						
Wait Till You See Her	908							0						
Walk on By	854							0						
Walkin'	341			5	8	1	WM	1	Intermediate	yes				
Walkin' My Baby Back Home	577							0						
Waltz for Debby	512							0		yes				
Warm Valley	546							0						
Watch What Happens	400			6			W	1	Foundational	yes				
Watermelon Man	609			8	14	12	WM	2	Foundational	yes				
The Water's Edge		yes						0						
Wave	216		17			14	WM	1	Intermediate	yes				
Way Down Yonder in New Orleans	368							0						
The Way You Look Tonight	27			8			W	1	Foundational	yes				
Weary Blues	613							0						
We'll Be Together Again	241							0						
Well You Needn't	313		11			41	WM	0		yes				
West Coast Blues	768				4	1		1	Intermediate	yes				
West End Blues	648							0						
Wham	980							0						
What a Difference a Day Made	367					3		0						
What a Wonderful World	945					1		0						
What Am I Here For	373							0						
What Are You Doing New Year's Eve?	974							0						
What Are You Doing the Rest of Your Life	717							0		yes				
What Is There to Say	232							0						
What Is This Thing Called Love?	8		23			19	WM	0		yes				
What Kind of Fool Am I?	993							0						
What The World Needs Now Is Love		yes						0						
What Will I Tell My Heart	819							0						
What'll I Do	751							0						
What's New?	14		11			2	WM	0		yes				
When a Woman Loves a Man	675							0						
When Day Is Done	973							0						
When I Fall in Love	137			6		1	WM	0		yes				
When It's Sleepy Time Down South	331							1	Intermediate					
When Lights Are Low	349							1	Intermediate	yes				
When Sunny Gets Blue	517							0		yes				
When the Saints Go Marching In	282					1		2	Foundational					
When the Sun Comes Out	485							0						
When Will The Blues Leave?		yes			2			0						
When You Wish Upon a Star	348							0						
When Your Lover Has Gone	217							0						
When You're Smiling	225							0						
Where Are You	353							0						
Where or When	208							0						
While My Lady Sleeps		yes						0						
Whisper Not	297			9			W	1	Intermediate	yes				
Whispering	540							0						
White Christmas	404							0						
Who	607							0						
Who Can I Turn To?		yes				2		0						
Who Cares? (So Long As You Care for Me)	419							0						
Who's Sorry Now?	454							0						
Why Do I Love You?	431							0						
Why Was I Born	377							0						
Wild Flower		yes						0						
Wild Man Blues	861							0						
Will You Still Be Mine	328							0						
Willow Weep for Me	13			5			W	0		yes				
Windows		yes						0		yes				
Wingspan		yes						0						
Winter Wonderland	326							0						
Wise One		yes						0						
Witch Hunt		yes		5		6	WM	0		yes				
Witchcraft	705			5			W	0						
With a Song in My Heart	536					1		0						
Without a Song	370							0		yes				
Wives and Lovers (Hey Little Girl)	996							0						
Wolverine Blues	669							0						
Wonder Why	635							0						
Wonderful, Wonderful		yes						0						
Woody'n You	173					4		0		yes				
Work		yes						0						
Work Song	350					13	M	3	Foundational	yes				
The World Is Waiting for the Sunrise	874							0						
Worry Later (AKA San Francisco Holiday)		yes						0						
Wrap Your Troubles in Dreams	190							0						
Y Todavia La Quiero		yes						0						
Yardbird Suite	168		12			1	WM	1	Foundational	yes				
Yes Or No		yes		5			W	0		yes				
Yesterday	619							0						
Yesterdays	9		17			6	WM	1	Foundational	yes				
You and the Night and the Music	235							0		yes				
You Are My Sunshine	919							0						
You Are Too Beautiful	449							0		yes				
You Better Go Now	555							0						
You Brought a New Kind of Love to Me	747							0						
You Can Depend on Me	375							0						
You Do Something to Me	734							0						
You Don't Know What Love Is	53		14			14	WM	0		yes				
You Go to My Head	42							0		yes				
You Know I Care		yes						0						
You Leave Me Breathless	678							0						
You Made Me Love You	947							0						
You Make Me Feel so Young	848							0						
You Must Believe in Spring	596							0						
You Say You Care		yes						0						
You Stepped Out of a Dream	96		10			1	WM	1	Emerging Intermediate	yes				
You Taught My Heart To Sing		yes						0						
You Took Advantage of Me	310							0						
You Turned the Tables on Me	660							0						
You'd Be So Nice to Come Home To	188			6			W	0		yes				
You'll Never Know	877							0						
Young and Foolish	561							0						
Young At Heart	764							0						
You're a Lucky Guy	830							0						
You're a Sweetheart	756							0						
(You’re a) Weaver Of Dreams		yes				1		0						
You're Blase	640							0						
You're Driving Me Crazy (What Did I Do?)	243							0						
You're Getting to Be a Habit with Me	770							0						
You're Mine You	525							0						
You're My Everything	393							0		yes				
You're My Thrill	374							0						
You're the Top	940							0						
Yours Is My Heart Alone	871							0						
You've Changed	395					1		0						
