key	title	seat_d103	entry_no	watkins_band	watkins_list1	watkins_list2	watkins_cat_total	watkins_cat_survey	watkins_cat_additional	watkins_cat_cols	watkins_grade_years	miller_band	miller_calls	miller_rank
afroblue	Afro Blue	1A	1									Top 201	14	44
allofme	All of Me	1A	2	List 1 (11)	11						Freshman|Sophomore	Top 25	25	13
allthethingsyouare	All The Things You Are	1A	3	List 1 (29)	29						Sophomore	Top 201	14	44
alonetogether	Alone Together	1A	4	List 1 (23)	23						Sophomore|Junior	Top 201	1	207
autumnleaves	Autumn Leaves	1A	5	List 1 (28)	28						Freshman	Top 25	22	17
bluebossa	Blue Bossa	1A	6	List 1 (21)	21						Freshman|Sophomore	Top 10	32	9
byebyeblackbird	Bye Bye Blackbird	1A	7	List 1 (14)	14						Freshman|Sophomore	Top 201	16	37
bodyandsoul	Body and Soul	1A	8	List 1 (27)	27						Sophomore|Junior	Top 201	15	43
cantaloupeisland	Cantaloupe Island	1A	9	List 2 (7)		7					Freshman	Top 201	3	146
caravan	Caravan	1A	10	List 1 (10)	10						Sophomore|Junior	Top 10	45	2
cherokee	Cherokee	1A	11	List 1 (21)	21						Junior|Senior	Top 25	21	19
confirmation	Confirmation	1A	12	List 1 (16)	16						Junior|Senior	Top 201	1	207
corcovado	Corcovado	1A	13	List 1 (15)	15						Sophomore|Junior	Top 25	18	27
daysofwineandroses	Days of Wine and Roses	1A	14	List 1 (17)	17						Freshman	Top 201	11	63
donnalee	Donna Lee	1A	15	List 1 (14)	14						Senior	Top 201	6	94
doxy	Doxy	1A	16	List 1 (13)	13						Freshman	Top 201	17	30
four	Four	1A	17	List 1 (12)	12						Freshman	Top 25	21	19
haveyoumetmissjones	Have You Met Miss Jones	1A	18	List 1 (22)	22						Sophomore|Junior	Top 201	6	94
heresthatrainyday	Here's That Rainy Day	1A	19	List 1 (13)	13						Junior	Top 201	1	207
howhighthemoon	How High the Moon	1A	20	List 1 (14)	14						Sophomore	Top 201	10	67
iloveyou	I Love You	1A	21	List 1 (20)	20						Sophomore|Junior	Top 201		
impressions	Impressions	1A	22	List 1 (16)	16						Freshman	Top 201	2	163
inasentimentalmood	In a Sentimental Mood	1A	23	List 1 (22)	22						Sophomore|Junior	Top 201	4	124
invitation	Invitation	1A	24	List 1 (15)	15						Sophomore|Junior	Top 201	26	12
itcouldhappentoyou	It Could Happen to You	1A	25	List 1 (13)	13						Junior	Top 25	20	22
joyspring	Joy Spring	1A	26	List 1 (20)	20						Junior|Senior	Top 201	2	163
justfriends	Just Friends	1A	27	List 1 (21)	21						Junior	Top 201	8	79
likesomeoneinlove	Like Someone in Love	1A	28	List 1 (15)	15						Junior	Top 201	2	163
littlesunflower	Little Sunflower	1A	29	List 2 (8)		8					Freshman	Top 201	7	86
maidenvoyage	Maiden Voyage	1A	30	List 1 (13)	13						Freshman|Sophomore	Top 201	3	146
manhadecarnaval	Manha De Carnaval (AKA Morning Of The Carnival, The Theme From Black Orpheus, and A Day In The Life Of A Fool)	1A	31	List 1 (15)	15						Sophomore	Top 10	41	4
mercymercymercy	Mercy, Mercy, Mercy	1A	32									Top 201	5	110
milestones	Milestones (modal -	1A	33	List 2 (5)		5					Junior	Top 201	10	67
misty	Misty	1A	34	List 1 (16)	16						Sophomore	Top 201	10	67
momentsnotice	Moment's Notice	1A	35	List 1 (13)	13						Junior|Senior	Top 201		
myfavoritethings	My Favorite Things	1A	36	List 2 (5)		5					Junior	Top 201	5	110
myfunnyvalentine	My Funny Valentine	1A	37	List 1 (15)	15						Sophomore	Top 201	5	110
myromance	My Romance	1A	38	List 1 (12)	12						Freshman	Top 201		
nardis	Nardis	1A	39	List 2 (7)		7					Junior	Top 201	12	52
nightandday	Night and Day	1A	40	List 1 (16)	16						Junior	Top 201	7	86
nightintunisia	Night in Tunisia	1A	41	List 1 (14)	14						Junior	Top 10	44	3
ongreendolphinstreet	On Green Dolphin Street	1A	42	List 1 (26)	26						Sophomore	Top 10	33	8
ornithology	Ornithology	1A	43	List 1 (10)	10						Junior	Top 25	25	13
outofnowhere	Out of Nowhere	1A	44	List 1 (10)	10						Junior	Top 201	2	163
recordame	Recordame (AKA No Me Esqueca)	1A	45	List 1 (18)	18						Sophomore	Top 10	52	1
roundmidnight	'Round Midnight	1A	46	List 1 (17)	17						Junior|Senior	Top 201	4	124
satindoll	Satin Doll	1A	47	List 1 (17)	17						Freshman	Top 201	5	110
sowhat	So What	1A	48	List 1 (14)	14						Sophomore|Junior	Top 201	11	63
softlyasinamorningsunrise	Softly As in a Morning Sunrise	1A	49	List 1 (18)	18						Sophomore	Top 25	24	15
solar	Solar	1A	50	List 1 (14)	14						Sophomore|Junior	Top 25	18	27
somedaymyprincewillcome	Someday My Prince Will Come	1A	51	List 1 (19)	19						Sophomore	Top 201	12	52
songformyfather	Song For My Father	1A	52	List 1 (10)	10						Freshman	Top 201	13	48
saintthomas	St. Thomas	1A	53	List 1 (12)	12						Freshman	Top 10	29	11
stellabystarlight	Stella By Starlight	1A	54	List 1 (26)	26						Junior	Top 201	12	52
summertime	Summertime	1A	55	List 1 (16)	16						Freshman	Top 201	17	30
taketheatrain	"Take the ""A"" Train"	1A	56	List 1 (26)	26						Freshman	Top 25	21	19
girlfromipanema	The Girl From Ipanema	1A	57	List 1 (17)	17						Sophomore|Junior	Top 201	16	37
thereisnogreaterlove	There Is No Greater Love	1A	58	List 1 (18)	18						Sophomore	Top 201	17	30
therewillneverbeanotheryou	There Will Never Be Another You	1A	59	List 1 (26)	26						Sophomore	Top 10	31	10
tuneup	Tune Up	1A	60	List 1 (11)	11						Sophomore	Top 201	2	163
watermelonman	Watermelon Man	1A	61	List 2 (8)		8	14	8	6	Bridge	Freshman	Top 201	12	52
wave	Wave	1A	62	List 1 (17)	17						Sophomore	Top 201	14	44
wellyouneednt	Well You Needn't	1A	63	List 1 (11)	11						Junior	Top 10	41	4
whatisthisthingcalledlove	What Is This Thing Called Love?	1A	64	List 1 (23)	23						Junior	Top 201	19	24
worksong	Work Song	1A	65									Top 201	13	48
yesterdays	Yesterdays	1A	66	List 1 (17)	17						Junior	Top 201	6	94
youdontknowwhatloveis	You Don't Know What Love Is	1A	67	List 1 (14)	14						Junior	Top 201	14	44
yousteppedoutofadream	You Stepped Out of a Dream	1A	68	List 1 (10)	10						Junior	Top 201	1	207
allblues	All Blues	1A	69	List 1 (12)	12		18	12	6	Blues	Sophomore	Top 25	18	27
auprivave	Au Privave	1A	70	List 2 (7)		7	12	7	5	BebopBlues	Junior	Top 201	5	110
bagsgroove	Bags' Groove	1A	71	List 2 (7)		7	10	7	3	RiffBlues	Freshman	Top 201	16	37
billiesbounce	Billie’s Bounce	1A	72	List 1 (17)	17		25	17	8	BebopBlues	Sophomore	Top 10	37	6
bluesforalice	Blues For Alice	1A	73	List 1 (10)	10		15	10	5	BebopBlues	Sophomore|Junior	Top 201	5	110
bluemonk	Blue Monk	1A	74	List 1 (11)	11		18	11	7	RiffBlues	Freshman	Top 25	19	24
freddiefreeloader	Freddie Freeloader	1A	75	List 2 (8)		8	7	3	4	Blues	Freshman	Top 201	13	48
nowsthetime	Now's the Time	1A	76	List 1 (10)	10		17	10	7	BebopBlues	Freshman	Top 201	2	163
sandu	Sandu	1A	77	categorical (5)			5	2	3	Blues		Top 201	8	79
sonnymoonfortwo	Sonnymoon For Two	1A	78	List 2 (8)		8	11	8	3	RiffBlues	Freshman			
straightnochaser	Straight No Chaser	1A	79	List 1 (13)	13		19	13	6	BebopBlues	Freshman	Top 201	7	86
tenormadness	Tenor Madness	1A	80	List 2 (9)		9	16	9	7	RiffBlues	Freshman	Top 201	12	52
blueswalk	The Blues Walk	1A	81	categorical (5)			5	3	2	RiffBlues				
thingsaintwhattheyusedtobe	Things Ain't What They Used to Be	1A	82	List 2 (5)		5	10	4	6	RiffBlues	Freshman	Top 201		
walkin	Walkin'	1A	83	List 2 (5)		5	8	5	3	Blues	Freshman	Top 201	1	207
bluetrane	Blue Trane	1A	84	categorical (9)			9	2	7	Blues		Top 201	4	124
equinox	Equinox	1A	85	List 2 (5)		5	8	5	3	MinorBlues	Freshman	Top 201	12	52
footprints	Footprints	1A	86	List 1 (15)	15		21	15	6	MinorBlues	Sophomore	Top 201	16	37
misterpc	Mr. P.C.	1A	87	List 1 (10)	10		17	10	7	MinorBlues	Sophomore	Top 25	22	17
anthropology	Anthropology	1A	88	List 1 (11)	11		17	11	6	Rhythm	Sophomore|Junior	Top 201	10	67
cottontail	Cottontail	1A	89	categorical (8)			8	4	4	Rhythm		log only	1	207
igotrhythm	I Got Rhythm	1A	90	List 2 (6)		6	10	6	4	Rhythm	Freshman|Sophomore	Top 201	3	146
moosethemooche	Moose the Mooche	1A	91	categorical (8)			8	2	6	Rhythm				
oleo	Oleo	1A	92	List 1 (21)	21		30	21	9	Rhythm	Junior	Top 201	1	207
rhythmaning	Rhythm-A-Ning	1A	93	categorical (7)			7	3	4	Rhythm		log only	2	163
foggyday	A Foggy Day	1B	1	List 2 (9)		9					Sophomore	Top 201	6	94
airegin	Airegin	1B	2	List 2 (9)		9					Senior	Top 201	1	207
allofyou	All of You	1B	3	List 2 (6)		6					Junior	Top 201		
angeleyes	Angel Eyes	1B	4	List 2 (9)		9					Senior	Top 201	2	163
beatrice	Beatrice	1B	5	List 2 (5)		5					Senior	Top 201	9	74
beautifullove	Beautiful Love	1B	6	List 2 (8)		8					Junior	Top 201	17	30
bluesette	Bluesette	1B	7	List 2 (8)		8					Sophomore	Top 201		
butbeautiful	But Beautiful	1B	8	List 2 (5)		5					Junior	Top 201	2	163
butnotforme	But Not for Me	1B	9	List 1 (10)	10						Freshman|Sophomore	Top 201	2	163
ceora	Ceora	1B	10	List 1 (11)	11						Junior	Top 201		
comerainorcomeshine	Come Rain or Come Shine	1B	11	List 2 (6)		6					Junior	Top 201	3	146
desafinado	Desafinado	1B	12	List 1 (12)	12						Junior	Top 201	17	30
dolphindance	Dolphin Dance	1B	13	List 1 (12)	12						Senior	Top 201	2	163
dontgetaroundmuchanymore	Don't Get Around Much Anymore	1B	14	List 2 (8)		8					Sophomore	Top 201	5	110
embraceableyou	Embraceable You	1B	15	List 2 (9)		9					Junior	Top 201	1	207
freedomjazzdance	Freedom Jazz Dance	1B	16	List 2 (6)		6	6	6	0	Free	Sophomore	Top 201		
georgiaonmymind	Georgia on My Mind	1B	17	List 2 (8)		8					Sophomore	Top 201	7	86
gonewiththewind	Gone with the Wind	1B	18									log only	1	207
groovinhigh	Groovin' High	1B	19	List 2 (9)		9					Sophomore	Top 201	3	146
honeysucklerose	Honeysuckle Rose	1B	20	List 2 (9)		9					Sophomore	Top 201	9	74
howdeepistheocean	How Deep Is the Ocean?	1B	21	List 2 (5)		5					Junior	Top 201	1	207
howinsensitive	How Insensitive	1B	22	List 2 (7)		7					Sophomore	Top 201	3	146
icantgetstarted	I Can't Get Started	1B	23	List 1 (12)	12						Sophomore	Top 201	1	207
iheararhapsody	I Hear a Rhapsody	1B	24	List 1 (11)	11						Senior	Top 201	7	86
irememberyou	I Remember You	1B	25	List 2 (7)		7					Junior	Top 201		
illrememberapril	I'll Remember April	1B	26	List 1 (16)	16						Junior	Top 201	1	207
inyourownsweetway	In Your Own Sweet Way	1B	27	List 1 (13)	13						Senior	Top 201	4	124
itsyouornoone	It's You or No One	1B	28	List 2 (5)		5					Junior	Top 201		
killerjoe	Killer Joe	1B	29	List 2 (7)		7					Freshman	Top 201		
laura	Laura	1B	30	List 2 (7)		7					Junior	Top 201	1	207
loveforsale	Love for Sale	1B	31	List 2 (9)		9					Junior	Top 201	7	86
loveisheretostay	Love Is Here to Stay	1B	32	List 2 (6)		6					Junior	Top 201	7	86
lullabyofbirdland	Lullaby of Birdland	1B	33	List 2 (7)		7					Sophomore	Top 201	12	52
manteca	Manteca	1B	34	categorical (2)			2	1	1	Rhythm		log only	1	207
meditation	Meditation	1B	35	List 2 (7)		7					Sophomore	Top 201		
moanin	Moanin'	1B	36									Top 201	17	30
myoneandonlylove	My One and Only Love	1B	37	List 2 (9)		9					Senior	Top 201	1	207
myshininghour	My Shining Hour	1B	38	List 2 (6)		6					Sophomore	Top 201	6	94
nicasdream	Nica's Dream	1B	39	List 1 (10)	10						Junior|Senior	Top 201	9	74
onenotesamba	One Note Samba	1B	40	List 2 (9)		9					Junior	Top 201	3	146
overtherainbow	Over the Rainbow	1B	41	List 2 (7)		7					Junior			
polkadotsandmoonbeams	Polka Dots and Moonbeams	1B	42	List 2 (6)		6					Junior	Top 201		
scrapplefromtheapple	Scrapple from the Apple	1B	43	List 2 (9)		9					Sophomore|Junior	Top 201	12	52
sophisticatedlady	Sophisticated Lady	1B	44	List 2 (7)		7					Senior	Top 201	1	207
speaklow	Speak Low	1B	45	List 1 (12)	12						Junior	Top 201	2	163
stareyes	Star Eyes	1B	46	List 1 (12)	12						Junior	Top 201	1	207
stolenmoments	Stolen Moments	1B	47	List 2 (7)		7	13	7	6	Blues	Sophomore	Top 201	6	94
takefive	Take Five	1B	48	List 2 (3)		3					Junior|Senior	Top 201	10	67
nighthasathousandeyes	The Night Has a Thousand Eyes	1B	49	List 2 (5)		5					Sophomore	Top 201		
shadowofyoursmile	The Shadow of Your Smile	1B	50	List 1 (10)	10						Junior	Top 201		
songisyou	The Song Is You	1B	51	List 2 (8)		8					Junior	Top 201		
triste	Triste	1B	52	List 1 (10)	10						Junior	Top 201		
yardbirdsuite	Yardbird Suite	1B	53	List 1 (12)	12						Freshman|Sophomore	Top 201	1	207
childisborn	A Child Is Born	2	1									log only	1	207
adamsapple	Adam's Apple	2	2											
afternooninparis	Afternoon in Paris [WM]	2	3	List 2 (7)		7					Freshman	Top 201	2	163
aliceinwonderland	Alice In Wonderland	2	4									log only	1	207
alongcamebetty	Along Came Betty [W]	2	5	List 2 (7)		7					Junior	Top 201		
bebop	Be-Bop	2	6											
bemshaswing	Bemsha Swing	2	7	categorical (3)			3	3	0	RiffBlues		log only	5	110
berniestune	Bernie's Tune [M]	2	8									Top 201	13	48
bolivia	Bolivia	2	9									log only	1	207
blueingreen	Blue in Green	2	10									Top 201	4	124
bluesmarch	Blues March	2	11	categorical (3)			3	2	1	Blues				
bohemiaafterdark	Bohemia After Dark [M]	2	12									log only	16	37
conalma	Con Alma	2	13								Senior			
countdown	Countdown [WM]	2	14	List 2 (5)		5					Senior	Top 201	1	207
daahoud	Daahoud	2	15											
datdere	Dat Dere	2	16											
django	Django	2	17											
epistrophy	Epistrophy [M]	2	18									log only	35	7
esp	E.S.P. [WM]	2	19	List 2 (5)		5					Senior	Top 201	2	163
evidence	Evidence	2	20											
feefifofum	Fee-Fi-Fo-Fum [WM]	2	21	List 2 (5)		5					Senior	Top 201	6	94
flamingo	Flamingo	2	22											
fouronsix	Four On Six	2	23									log only	1	207
giantsteps	Giant Steps [WM]	2	24	List 1 (17)	17						Junior|Senior	Top 201	1	207
goodbait	Good Bait [WM]	2	25	List 2 (7)		7	9	7	2	Rhythm	Freshman	Top 201	1	207
gregoryishere	Gregory Is Here	2	26											
hackensack	Hackensack (AKA Rifftide)	2	27									log only	4	124
halfnelson	Half Nelson [W]	2	28	List 2 (5)		5					Junior	Top 201		
hifly	Hi-Fly	2	29											
hothouse	Hot House [WM]	2	30	List 2 (7)		7					Junior	Top 201	2	163
imeanyou	I Mean You [WM]	2	31	List 2 (5)		5					Junior	Top 201	1	207
irememberclifford	I Remember Clifford	2	32											
ifiwereabell	If I Were a Bell [WM]	2	33	List 2 (8)		8					Junior	Top 201	4	124
inwalkedbud	In Walked Bud [M]	2	34									log only	10	67
infanteyes	Infant Eyes	2	35									log only	3	146
innerurge	Inner Urge [W]	2	36	List 2 (8)		8					Junior|Senior	Top 201		
isfahan	Isfahan [M]	2	37									log only	12	52
jordu	Jordu	2	38									log only	2	163
juju	Juju	2	39											
ladybird	Lady Bird [WM]	2	40	List 1 (15)	15						Sophomore	Top 201	5	110
lazybird	Lazy Bird [WM]	2	41	List 2 (6)		6					Junior	Top 201	1	207
littlebspoem	Little B's Poem	2	42											
minority	Minority	2	43											
monksdream	Monk's Dream	2	44											
monksmood	Monk's Mood	2	45											
mylittlesuedeshoes	My Little Suede Shoes	2	46									Top 201	6	94
naima	Naima	2	47									log only	4	124
nefertiti	Nefertiti	2	48											
neverletmego	Never Let Me Go	2	49											
nomoreblues	No More Blues [P] (Chega de Saudade)	2	50									log only	1	207
offminor	Off Minor	2	51									log only	2	163
ohladybegood	Oh, Lady Be Good!	2	52											
ourdelight	Our Delight	2	53											
pannonica	Pannonica	2	54											
passiondance	Passion Dance	2	55											
peace	Peace [W]	2	56	List 2 (7)		7					Senior	Top 201		
pentuphouse	Pent-Up House	2	57									log only	1	207
poinciana	Poinciana	2	58											
redclay	Red Clay	2	59	categorical (1)			1	1	0	Fusion		log only	1	207
rubymydear	Ruby My Dear	2	60									log only	1	207
sambadeorfeu	Samba De Orfeu	2	61									log only	2	163
sevenstepstoheaven	Seven Steps To Heaven [W]	2	62	List 2 (6)		6					Sophomore|Junior	Top 201		
shawnuff	Shaw Nuff	2	63	categorical (3)			3	0	3	Rhythm				
sidewinder	Sidewinder	2	64	categorical (4)			4	2	2	Bridge				
sistersadie	Sister Sadie	2	65											
souleyes	Soul Eyes	2	66											
spain	Spain [P]	2	67											
speaknoevil	Speak No Evil [WM]	2	68	List 2 (7)		7					Junior	Top 201	5	110
stablemates	Stablemates [W]	2	69	List 1 (10)	10						Senior	Top 201		
strollin	Strollin'	2	70											
sugar	Sugar [W]	2	71	List 2 (9)		9					Sophomore			
tangerine	Tangerine	2	72									log only	1	207
moontrane	The Moontrane	2	73											
peacocks	The Peacocks	2	74											
preacher	The Preacher	2	75											
thisidigofyou	This I Dig Of You [M]	2	76									Top 25	24	15
ticotico	Tico Tico	2	77											
tintindeo	Tin Tin Deo	2	78											
unpocoloco	Un Poco Loco	2	79											
unitseven	Unit Seven	2	80	categorical (2)			2			Bridge				
uppermanhattanmedicalgroup	Upper Manhattan Medical Group	2	81											
upjumpedspring	Up Jumped Spring	2	82									log only	2	163
waltzfordebby	Waltz for Debby	2	83								Junior			
westcoastblues	West Coast Blues	2	84	categorical (4)			4	4	0	RiffBlues		log only	1	207
whenlightsarelow	When Lights Are Low	2	85											
whispernot	Whisper Not [W]	2	86	List 2 (9)		9					Junior	Top 201		
windows	Windows	2	87											
witchhunt	Witch Hunt [WM]	2	88	List 2 (5)		5					Junior	log only	6	94
withoutasong	Without a Song	2	89											
woodynyou	Woody'n You	2	90									log only	4	124
yesorno	Yes Or No [W]	2	91	List 2 (5)		5					Junior			
youandthenightandthemusic	You and the Night and the Music	2	92											
youdbesonicetocomehometo	You'd Be So Nice to Come Home To [W]	2	93	List 2 (6)		6					Junior			
bessiesblues	Bessie's Blues [WM]	2	94	List 2 (5)		5	8	5	3	RiffBlues	Sophomore	Top 201	1	207
barbados	Barbados	2	95	categorical (4)			4	1	3	BebopBlues				
birdlike	Birdlike	2	96	categorical (3)			3	2	1	BebopBlues				
bluenboogie	Blue 'N' Boogie	2	97	categorical (2)			2			RiffBlues				
blueseven	Blue Seven	2	98	categorical (2)			2	2	0	RiffBlues				
bluesonthecorner	Blues On The Corner	2	99	categorical (2)			2	0	2	Blues				
cheryl	Cheryl	2	100	categorical (6)			6	3	3	BebopBlues				
coolblues	Cool Blues	2	101	categorical (6)			6	3	3	RiffBlues		log only	4	124
cousinmary	Cousin Mary	2	102	categorical (3)			3	1	2	Blues		log only	4	124
eightyone	Eighty One	2	103											
gingerbreadboy	Gingerbread Boy	2	104	categorical (2)			2	0	2	Blues				
misterioso	Misterioso	2	105	categorical (5)			5	4	1	RiffBlues		log only	2	163
pfrancing	Pfrancing (No Blues)	2	106	categorical (2)			2	1	1	RiffBlues				
kicker	The Kicker	2	107											
twobasshit	Two Bass Hit	2	108											
birksworks	Birk's Works	2	109	categorical (7)			7	2	5	MinorBlues		Top 201	8	79
senorblues	Señor Blues	2	110	categorical (2)			2	1	1	Fusion|MinorBlues				
cta	C.T.A.	2	111											
dexterity	Dexterity	2	112	categorical (4)			4	1	3	Rhythm				
dizzyatmosphere	Dizzy Atmosphere	2	113											
move	Move	2	114											
eternaltriangle	The Eternal Triangle	2	115	categorical (3)			3	3	0	Rhythm				
saltpeanuts	Salt Peanuts	2	116	categorical (3)			3	1	2	Rhythm				
262	26-2	3	1											
500mileshigh	500 Miles High [P]	3	2									log only	12	52
502blues	502 Blues (Drinkin' And Drivin')	3	3											
afrocentric	Afro-Centric	3	4											
anamaria	Ana Maria	3	5											
areyoureal	Are You Real?	3	6											
askmenow	Ask Me Now	3	7									log only	5	110
beanandtheboys	Bean and the Boys	3	8											
blacknarcissus	Black Narcissus	3	9											
bouncinwithbud	Bouncin' with Bud	3	10											
blacknile	Black Nile	3	11									log only	5	110
bloodcount	Blood Count	3	12											
boplicity	Boplicity	3	13											
brightmississippi	Bright Mississippi	3	14									log only	1	207
brilliantcorners	Brilliant Corners	3	15									log only	2	163
centralparkwest	Central Park West	3	16									log only	1	207
cheesecake	Cheese Cake	3	17									log only	3	146
chickstune	Chick's Tune	3	18											
childrenofthenight	Children Of The Night	3	19											
conception	Conception	3	20											
contemplation	Contemplation	3	21											
crepusculewithnellie	Crepuscule With Nellie	3	22											
crescent	Crescent	3	23											
crisscross	Criss Cross	3	24											
dancecadaverous	Dance Cadaverous	3	25											
dearoldstockholm	Dear Old Stockholm	3	26											
delsasser	Del Sasser	3	27											
deweysquare	Dewey Square	3	28											
elgaucho	El Gaucho	3	29											
eronel	Eronel	3	30											
fall	Fall	3	31											
firmroots	Firm Roots	3	32											
fourinone	Four In One	3	33	List 2 (1)		1					Senior			
fuchsiaswingsong	Fuchsia Swing Song	3	34											
gloriasstep	Gloria’s Step	3	35											
goodbyeporkpiehat	Goodbye Pork Pie Hat	3	36									log only	2	163
gotamatch	Got a Match [P]	3	37											
hallucinations	Hallucinations (AKA Budo)	3	38											
humptydumpty	Humpty Dumpty [P]	3	39											
jackieing	Jackie-ing	3	40											
jeannine	Jeannine	3	41											
joshua	Joshua	3	42											
lafiesta	La Fiesta	3	43											
lamesha	La Mesha	3	44											
lament	Lament	3	45											
littlewillieleaps	Little Willie Leaps	3	46											
lonnieslament	Lonnie's Lament	3	47											
mayreh	Mayreh	3	48											
milesmode	Miles' Mode	3	49											
modeforjoe	Mode For Joe	3	50											
mosaic	Mosaic	3	51											
nightdreamer	Night Dreamer	3	52									log only	1	207
nostalgiaintimessquare	Nostalgia In Times Square	3	53											
ograndeamor	O Grande Amor	3	54									log only	2	163
onamistynight	On A Misty Night	3	55											
onebyone	One By One	3	56									log only	1	207
onefingersnap	One Finger Snap	3	57											
opusdefunk	Opus De Funk	3	58											
parisianthoroughfare	Parisian Thoroughfare	3	59											
pensativa	Pensativa	3	60											
pinocchio	Pinocchio	3	61											
princealbert	Prince Albert	3	62											
quasimodo	Quasimodo	3	63											
quicksilver	Quicksilver	3	64											
raysidea	Ray's Idea	3	65											
reflections	Reflections	3	66									log only	6	94
sailaway	Sail Away	3	67											
satellite	Satellite	3	68											
searchforpeace	Search For Peace	3	69											
serenity	Serenity	3	70											
sometimeago	Sometime Ago	3	71											
straightupanddown	Straight Up And Down	3	72											
syeedassongflute	Syeeda's Song Flute	3	73											
tellmeabedtimestory	Tell Me A Bedtime Story	3	74											
blessing	The Blessing	3	75											
duke	The Duke	3	76											
eyeofthehurricane	The Eye Of The Hurricane	3	77											
gentlerain	The Gentle Rain	3	78											
holyland	The Holy Land	3	79											
thelonious	Thelonious	3	80											
thishere	This Here	3	81											
tonesforjoansbones	Tones for Joan's Bones	3	82											
tricotism	Tricotism	3	83											
trinkletinkle	Trinkle Tinkle	3	84											
ugetsu	Ugetsu (AKA Fantasy In D)	3	85											
unamas	Una Mas	3	86											
valsehot	Valse Hot	3	87									log only	4	124
veryearly	Very Early	3	88											
voyage	Voyage	3	89											
wiseone	Wise One	3	90											
bigfoot	Big Foot	3	91											
bloomdido	Bloomdido	3	92	categorical (3)			3			BebopBlues				
bluesinthecloset	Blues in the Closet [WM]	3	93	categorical (5)			5	2	3	RiffBlues		Top 201	9	74
bolivarblues	Bolivar Blues [WM]	3	94	categorical (2)			2	0	2	Blues		log only	5	110
bassblues	Bass Blues	3	95											
bluebird	Bluebird	3	96											
buzzy	Buzzy	3	97	categorical (3)			3			BebopBlues		log only	1	207
chichi	Chi Chi	3	98	categorical (3)			3			BebopBlues				
danceoftheinfidels	Dance Of The Infidels	3	99	categorical (3)			3	1	2	BebopBlues				
drjackle	Dr. Jackle (AKA Dr. Jekyll)	3	100											
homestretch	Homestretch (AKA Joe's Blues)	3	101											
isotope	Isotope	3	102	categorical (5)			5	3	2	Blues				
kcblues	K.C. Blues	3	103											
lairdbaird	Laird Baird	3	104											
matrix	Matrix	3	105											
misterday	Mr. Day (AKA One And Four)	3	106											
mohawk	Mohawk	3	107	categorical (2)			2			BebopBlues				
parkersmood	Parker's Mood	3	108	categorical (2)			2	1	1	BebopBlues				
ramblin	Ramblin'	3	109											
relaxinatcamarillo	Relaxin' At Camarillo	3	110	categorical (3)			3			BebopBlues				
sippinatbells	Sippin' At Bell's	3	111	categorical (3)			3	1	2	BebopBlues				
solid	Solid (Shaw)	3	112									log only	2	163
someotherblues	Some Other Blues	3	113	categorical (2)			2	2	0	Blues				
takethecoltrane	Take The Coltrane	3	114											
twisted	Twisted [P][WM]	3	115	categorical (3)			3	1	2	BebopBlues		log only	17	30
vierdblues	Vierd Blues	3	116	categorical (3)			3	1	2	Blues				
whenwillthebluesleave	When Will The Blues Leave?	3	117	categorical (2)			2	0	2	Blues				
bluesforwood	Blues For Wood	3	118											
bluesminor	Blues Minor	3	119											
chronicblues	Chronic Blues	3	120											
fivespotafterdark	Five Spot After Dark	3	121	categorical (2)			2	0	2	Blues		log only	4	124
israel	Israel	3	122											
mistersyms	Mr. Syms	3	123											
nothingpersonal	Nothing Personal [P]	3	124											
pursuance	Pursuance	3	125											
52ndstreettheme	52nd Street Theme (AKA, The Theme)	3	126	categorical (5)			5	2	3	Rhythm				
ahleucha	Ah-Leu-Cha	3	127											
allensalley	Allen's Alley (wee)	3	128	categorical (3)			3	1	2	Rhythm				
oscarfortreadwell	An Oscar For Treadwell	3	129											
chasinthebird	Chasin' the Bird	3	130	categorical (2)			2	0	2	Rhythm				
constellation	Constellation	3	131											
crazeology	Crazeology	3	132											
kim	Kim	3	133											
littlerootietootie	Little Rootie Tootie	3	134											
ow	Ow!	3	135											
redcross	Red Cross	3	136											
room608	Room 608	3	137	categorical (1)			1	1	0	Rhythm				
secondbalconyjump	Second Balcony Jump	3	138											
steeplechase	Steeplechase	3	139	categorical (3)			3	0	3	Rhythm				
serpentstooth	The Serpent's Tooth	3	140	categorical (1)			1	1	0	Rhythm				
wail	Wail	3	141	categorical (2)			2	1	1	Rhythm				
atthejazzbandball	At the Jazz Band Ball	4	1											
basinstreetblues	Basin Street Blues	4	2									log only	1	207
bourbonstreetparade	Bourbon Street Parade [P]	4	3											
fidgetyfeet	Fidgety Feet	4	4											
highsociety	High Society [P]	4	5											
jazzmeblues	Jazz Me Blues	4	6											
muskratramble	Muskrat Ramble	4	7											
panama	Panama	4	8											
royalgardenblues	Royal Garden Blues	4	9	categorical (2)			2	0	2	Blues				
saintjamesinfirmary	St. James Infirmary	4	10								Freshman	Top 201		
struttinwithsomebarbecue	Struttin' with Some Barbecue	4	11											
thatsaplenty	That's a Plenty	4	12											
waydownyonderinneworleans	Way Down Yonder in New Orleans	4	13											
whenthesaintsgomarchingin	When the Saints Go Marching In	4	14									log only	1	207
wildmanblues	Wild Man Blues	4	15											
aintmisbehavin	Ain't Misbehavin'	4	16									log only	1	207
babywontyoupleasecomehome	Baby Won't You Please Come Home	4	17											
imconfessinthatiloveyou	I'm Confessin' That I Love You	4	18											
jitterbugwaltz	Jitterbug Waltz	4	19											
lazyriver	Lazy River	4	20											
squeezeme	Squeeze Me	4	21											
stardust	Star Dust [W]	4	22	List 2 (8)		8					Sophomore	Top 201		
jointisjumpin	The Joint Is Jumpin' [P]	4	23											
wearyblues	Weary Blues	4	24											
whenitssleepytimedownsouth	When It's Sleepy Time Down South	4	25											
whenyouresmiling	When You're Smiling	4	26											
wolverineblues	Wolverine Blues	4	27											
youcandependonme	You Can Depend on Me	4	28											
yourascalyou	You Rascal You (I'll Be Glad When You're Dead)	4	29											
afteryouvegone	After You've Gone	4	30											
avalon	Avalon	4	31											
chinaboy	China Boy	4	32											
crazyrhythm	Crazy Rhythm	4	33											
dinah	Dinah	4	34											
fourbrothers	Four Brothers	4	35											
hallelujah	Hallelujah	4	36											
iknowthatyouknow	I Know That You Know	4	37											
ificouldbewithyou	If I Could Be with You	4	38											
indiana	Indiana [W]	4	39	List 2 (9)		9					Sophomore|Junior	Top 201		
ivefoundanewbaby	I've Found a New Baby	4	40											
iwanttobehappy	I Want to Be Happy	4	41											
limehouseblues	Limehouse Blues	4	42	categorical (3)			3	1	2	Blues				
liza	Liza (All the Clouds'll Roll Away)	4	43											
roseroom	Rose Room	4	44											
sometimesimhappy	Sometimes I'm Happy	4	45											
saintlouisblues	St. Louis Blues	4	46	categorical (3)			3	1	2	Blues	Freshman			
sugarfootstomp	Sugar Foot Stomp (Dippermouth Blues)	4	47											
threelittlewords	Three Little Words	4	48											
whispering	Whispering	4	49											
exactlylikeyou	Exactly Like You	4	50									log only	1	207
icantbelievethatyoureinlovewithme	I Can't Believe That You're in Love with Me	4	51											
imgonnasitrightdownandwritemyselfaletter	I'm Gonna Sit Right Down and Write Myself a Letter	4	52											
justyoujustme	Just You, Just Me	4	53											
myblueheaven	My Blue Heaven	4	54											
onthesunnysideofthestreet	On the Sunny Side of the Street [M]	4	55									Top 25	20	22
perdido	Perdido [WM]	4	56	List 1 (10)	10						Freshman	Top 201	1	207
robbinsnest	Robbin's Nest	4	57											
stompinatthesavoy	Stompin' at the Savoy [WM]	4	58	List 2 (6)		6					Sophomore	Top 201	1	207
sweetgeorgiabrown	Sweet Georgia Brown [WM]	4	59	List 1 (11)	11						Sophomore|Junior	Top 201	1	207
undecided	Undecided	4	60											
airmailspecial	Air Mail Special	4	61											
buglecallrag	Bugle Call Rag	4	62											
dontbethatway	Don't Be That Way	4	63	categorical (2)			2	0	2	Rhythm				
flyinghome	Flying Home	4	64											
kingporterstomp	King Porter Stomp	4	65											
moonglow	Moonglow	4	66									Top 201	1	207
blueandsentimental	Blue and Sentimental	4	67											
dogginaround	Doggin' Around	4	68											
jumpinatthewoodside	Jumpin' at the Woodside	4	69	categorical (2)			2	0	2	Rhythm		log only	2	163
lildarlin	Li'l Darlin'	4	70											
motenswing	Moten Swing	4	71											
shinystockings	Shiny Stockings	4	72											
untilimetyou	Until I Met You (Corner Pocket)	4	73											
alltoosoon	All Too Soon	4	74											
azure	Azure	4	75											
blackandtanfantasy	Black and Tan Fantasy	4	76											
chelseabridge	Chelsea Bridge	4	77											
dontyouknowicare	Don't You Know I Care	4	78											
inamellotone	In a Mellotone [WM]	4	79	List 1 (15)	15						Sophomore	Top 201	4	124
itdontmeanathing	It Don't Mean a Thing [WM]	4	80	List 2 (6)		6					Junior	Top 201	5	110
jeepisjumpin	Jeep Is Jumpin'	4	81											
johnnycomelately	Johnny Come Lately	4	82											
justsqueezeme	Just Squeeze Me	4	83											
rockininrhythm	Rockin' in Rhythm	4	84											
mylittlebrownbook	My Little Brown Book	4	85											
raincheck	Raincheck	4	86											
starcrossedlovers	Star Crossed Lovers	4	87											
warmvalley	Warm Valley	4	88											
whatamiherefor	What Am I Here For	4	89											
cjamblues	C Jam Blues (Duke's Place)	4	90	categorical (8)			8	3	5	RiffBlues		log only	4	124
inthemood	In the Mood	4	91											
oneoclockjump	One O'Clock Jump	4	92											
redtop	Red Top	4	93	categorical (3)			3	1	2	Blues				
softwinds	Soft Winds	4	94											
tinroofblues	Tin Roof Blues	4	95											
westendblues	West End Blues	4	96											
everytub	Every Tub	4	97											
lesterleapsin	Lester Leaps In	4	98	categorical (8)			8	3	5	Rhythm				
sevencomeeleven	Seven Come Eleven	4	99	categorical (2)			2	0	2	Rhythm				
almostlikebeinginlove	Almost Like Being in Love	5A	1											
aprilinparis	April in Paris	5A	2									log only	1	207
autumninnewyork	Autumn in New York	5A	3									log only	1	207
bluemoon	Blue Moon	5A	4									log only	1	207
blueskies	Blue Skies	5A	5									log only	2	163
comesunday	Come Sunday	5A	6											
centerpiece	Centerpiece	5A	7	categorical (3)			3	3	0	RiffBlues				
closeyoureyes	Close Your Eyes	5A	8											
darnthatdream	Darn That Dream [WM]	5A	9	List 2 (9)		9					Sophomore	Top 201	2	163
donothintillyouhearfromme	Do Nothin' Till You Hear from Me	5A	10									log only	6	94
dontblameme	Don't Blame Me	5A	11											
eastofthesun	East of the Sun	5A	12									log only	1	207
easyliving	Easy Living	5A	13											
easytolove	Easy to Love	5A	14									log only	1	207
emily	Emily	5A	15	List 2 (8)		8					Senior			
everythinghappenstome	Everything Happens to Me	5A	16									log only	2	163
evrytimewesaygoodbye	Ev’ry Time We Say Goodbye	5A	17											
fallinginlovewithlove	Falling in Love with Love	5A	18											
flymetothemoon	Fly Me to the Moon	5A	19									Top 201	8	79
geebabyaintigoodtoyou	Gee Baby Ain't I Good to You	5A	20									log only	2	163
ghostofachance	Ghost of a Chance (I Don't Stand A)	5A	21											
godblessthechild	God Bless the Child	5A	22											
goodmorningheartache	Good Morning Heartache	5A	23											
howlonghasthisbeengoingon	How Long Has This Been Going On?	5A	24											
icantgiveyouanythingbutlove	I Can't Give You Anything but Love	5A	25											
icoverthewaterfront	I Cover the Waterfront	5A	26											
ididntknowwhattimeitwas	I Didn't Know What Time It Was	5A	27									log only	1	207
ifallinlovetooeasily	I Fall in Love Too Easily	5A	28											
igotitbad	I Got It Bad (and That Ain't Good)	5A	29									log only	2	163
iletasonggooutofmyheart	I Let a Song Go Out of My Heart	5A	30											
ionlyhaveeyesforyou	I Only Have Eyes for You	5A	31											
ishouldcare	I Should Care [WM]	5A	32	List 2 (5)		5					Junior	Top 201	1	207
isurrenderdear	I Surrender Dear	5A	33											
ithoughtaboutyou	I Thought About You [WM]	5A	34	List 2 (8)		8					Junior	Top 201	4	124
iminthemoodforlove	I'm in the Mood for Love	5A	35											
ifishouldloseyou	If I Should Lose You	5A	36									log only	1	207
ifyoucouldseemenow	If You Could See Me Now	5A	37											
ithadtobeyou	It Had to Be You	5A	38	List 2 (6)		6					Junior	Top 201		
itmightaswellbespring	It Might As Well Be Spring	5A	39	List 2 (5)		5					Junior	Top 201		
itneverenteredmymind	It Never Entered My Mind	5A	40									log only	1	207
justoneofthosethings	Just One of Those Things	5A	41											
lovercomebacktome	Lover Come Back to Me	5A	42											
loverman	Lover Man [WM]	5A	43	List 1 (11)	11						Sophomore	Top 201	6	94
macktheknife	Mack the Knife	5A	44									Top 201		
meantome	Mean to Me	5A	45									log only	1	207
memoriesofyou	Memories of You	5A	46											
moodindigo	Mood Indigo	5A	47									Top 201	4	124
moonlightinvermont	Moonlight in Vermont[WM]	5A	48	List 2 (5)		5					Junior	Top 201	7	86
myfoolishheart	My Foolish Heart [WM]	5A	49	List 1 (10)	10						Junior|Senior	Top 201	1	207
myoldflame	My Old Flame	5A	50											
natureboy	Nature Boy	5A	51									log only	3	146
niceworkifyoucangetit	Nice Work If You Can Get It	5A	52											
oldfolks	Old Folks	5A	53											
onaclearday	On a Clear Day (You Can See Forever)	5A	54											
onceiloved	Once I Loved	5A	55	List 2 (6)		6					Sophomore	Top 201		
penniesfromheaven	Pennies from Heaven	5A	56									log only	1	207
preludetoakiss	Prelude to a Kiss	5A	57	List 2 (8)		8					Senior	Top 201		
swonderful	S Wonderful!	5A	58											
secretlove	Secret Love	5A	59									log only	1	207
skylark	Skylark [WM]	5A	60	List 2 (8)		8					Junior	Top 201	2	163
smokegetsinyoureyes	Smoke Gets in Your Eyes	5A	61											
smile	Smile	5A	62									log only	1	207
solitude	Solitude	5A	63											
someonetowatchoverme	Someone to Watch Over Me	5A	64	List 2 (5)		5					Junior	Top 201		
springcanreallyhangyouupthemost	Spring Can Really Hang You Up the Most	5A	65											
springishere	Spring Is Here	5A	66											
stormyweather	Stormy Weather	5A	67									log only	1	207
teafortwo	Tea for Two	5A	68											
tenderly	Tenderly [WM]	5A	69	List 2 (9)		9					Junior	Top 201	1	207
ladyisatramp	The Lady Is a Tramp	5A	70									log only	3	146
manilove	The Man I Love	5A	71											
nearnessofyou	The Nearness of You [WM]	5A	72	List 2 (5)		5					Sophomore	Top 201	2	163
wayyoulooktonight	The Way You Look Tonight	5A	73	List 2 (8)		8					Sophomore|Junior	Top 201		
verythoughtofyou	The Very Thought of You	5A	74											
thesefoolishthings	These Foolish Things	5A	75											
theycanttakethatawayfromme	They Can't Take That Away from Me	5A	76									log only	2	163
timeaftertime	Time After Time	5A	77											
whatsnew	What's New? [WM]	5A	78	List 1 (11)	11						Senior	Top 201	2	163
willowweepforme	Willow Weep For Me	5A	79	List 2 (5)		5					Junior	Top 201		
yougotomyhead	You Go to My Head	5A	80											
alfie	Alfie	5B	1											
allornothingatall	All or Nothing At All	5B	2											
nightingalesanginberkeleysquare	A Nightingale Sang in Berkeley Square	5B	3											
alltheway	All the Way	5B	4											
astimegoesby	As Time Goes By	5B	5									Top 201		
atlast	At Last	5B	6									log only	3	146
besamemucho	Besame Mucho	5B	7									log only	2	163
betweenthedevilandthedeepbluesea	Between the Devil and the Deep Blue Sea	5B	8											
bewitched	Bewitched	5B	9											
bluesinthenight	Blues in the Night	5B	10											
borntobeblue	Born to Be Blue	5B	11											
crazyhecallsme	Crazy He Calls Me	5B	12											
daydream	Day Dream	5B	13											
detourahead	Detour Ahead	5B	14											
dindi	Dindi	5B	15											
dontexplain	Don’t Explain	5B	16											
estate	Estate	5B	17											
fineandmellow	Fine and Mellow	5B	18											
foolsrushin	Fools Rush in	5B	19											
gethappy	Get Happy	5B	20									log only	2	163
howaboutyou	How About You	5B	21											
iconcentrateonyou	I Concentrate on You	5B	22											
icouldwriteabook	I Could Write a Book	5B	23	List 2 (5)		5					Sophomore	Top 201		
igetakickoutofyou	I Get a Kick Out of You	5B	24											
iwishyoulove	I Wish You Love	5B	25											
illbeseeingyou	I'll Be Seeing You	5B	26											
illclosemyeyes	I'll Close My Eyes	5B	27											
imbeginningtoseethelight	I'm Beginning to See the Light	5B	28									log only	1	207
imoldfashioned	I'm Old Fashioned	5B	29									log only	1	207
ivegotacrushonyou	I've Got a Crush on You	5B	30											
ivegottheworldonastring	I've Got the World on a String	5B	31											
ivegotyouundermyskin	I've Got You Under My Skin	5B	32											
ifihadyou	If I Had You	5B	33											
imagination	Imagination	5B	34											
intheweesmallhoursofthemorning	In the Wee Small Hours of the Morning	5B	35											
isntitromantic	Isn't It Romantic	5B	36											
itsallrightwithme	It's All Right with Me	5B	37											
itsonlyapapermoon	It's Only a Paper Moon	5B	38											
justintime	Just in Time	5B	39											
littlegirlblue	Little Girl Blue	5B	40											
lotusblossom	Lotus Blossom	5B	41											
lovemeorleaveme	Love Me or Leave Me	5B	42											
lover	Lover	5B	43											
lushlife	Lush Life	5B	44								Senior			
makinwhoopee	Makin' Whoopee	5B	45											
morethanyouknow	More Than You Know	5B	46											
myheartstoodstill	My Heart Stood Still	5B	47											
myship	My Ship	5B	48											
olddevilmoon	Old Devil Moon	5B	49											
outofthisworld	Out of This World	5B	50											
passionflower	Passion Flower	5B	51											
septembersong	September Song	5B	52											
shesfunnythatway	She's Funny That Way	5B	53											
somebodylovesme	Somebody Loves Me	5B	54											
sweetlorraine	Sweet Lorraine	5B	55											
teachmetonight	Teach Me Tonight	5B	56											
thatoldblackmagic	That Old Black Magic	5B	57									log only	1	207
thatsall	That's All	5B	58											
endofaloveaffair	The End Of A Love Affair	5B	59									log only	1	207
goodlife	The Good Life	5B	60											
moreiseeyou	The More I See You	5B	61											
surreywiththefringeontop	The Surrey with the Fringe On Top	5B	62											
thiscantbelove	This Can't Be Love	5B	63											
toomarvelousforwords	Too Marvelous for Words	5B	64											
violetsforyourfurs	Violets for Your Furs	5B	65											
watchwhathappens	Watch What Happens	5B	66	List 2 (6)		6					Sophomore			
wellbetogetheragain	We'll Be Together Again	5B	67											
whatadifferenceadaymade	What a Difference a Day Made	5B	68									log only	3	146
whenifallinlove	When I Fall in Love	5B	69	List 2 (6)		6					Sophomore	Top 201	1	207
whensunnygetsblue	When Sunny Gets Blue	5B	70											
whenyourloverhasgone	When Your Lover Has Gone	5B	71											
whereorwhen	Where or When	5B	72											
willyoustillbemine	Will You Still Be Mine	5B	73											
witchcraft	Witchcraft	5B	74	List 2 (5)		5					Junior			
wivesandlovers	Wives and Lovers	5B	75											
youmustbelieveinspring	You Must Believe in Spring	5B	76											
youtookadvantageofme	You Took Advantage of Me	5B	77											
youvechanged	You've Changed	5B	78									log only	1	207
flowerisalovesomething	A Flower Is a Lovesome Thing	5C	1											
timeforlove	A Time for Love	5C	2											
amiblue	Am I Blue	5C	3											
aslongasilive	As Long As I Live	5C	4											
beginthebeguine	Begin the Beguine	5C	5											
blackcoffee	Black Coffee	5C	6	categorical (2)			2	0	2	Blues		log only	4	124
blameitonmyyouth	Blame It on My Youth	5C	7											
blueroom	Blue Room	5C	8											
canthelplovindatman	Can’t Help Lovin’ Dat Man	5C	9									log only	1	207
cheektocheek	Cheek to Cheek	5C	10									log only	3	146
comeslove	Comes Love	5C	11									log only	8	79
crymeariver	Cry Me a River	5C	12									log only	1	207
dancinginthedark	Dancing in the Dark	5C	13											
daybyday	Day By Day	5C	14											
dayindayout	Day In, Day Out	5C	15											
deedido	Deed I Do	5C	16											
dontworryboutme	Don't Worry 'Bout Me	5C	17											
earlyautumn	Early Autumn	5C	18											
fascinatingrhythm	Fascinating Rhythm	5C	19											
fever	Fever	5C	20									log only	1	207
fineanddandy	Fine and Dandy	5C	21											
forallweknow	For All We Know	5C	22											
forheavenssake	For Heaven’s Sake	5C	23									Top 201	6	94
forsentimentalreasons	For Sentimental Reasons	5C	24											
fromthismomenton	From This Moment On	5C	25											
girltalk	Girl Talk	5C	26											
gladtobeunhappy	Glad to Be Unhappy	5C	27											
goodbye	Goodbye	5C	28											
happinessisathingcalledjoe	Happiness Is a Thing Called Joe	5C	29											
iguessillhangmytearsouttodry	I Guess I'll Hang My Tears Out To Dry	5C	30											
ihadntanyonetillyou	I Hadn't Anyone Till You	5C	31											
ileftmyheartinsanfrancisco	I Left My Heart in San Francisco	5C	32											
ilovesyouporgy	I Loves You Porgy	5C	33											
iwanttotalkaboutyou	I Want to Talk About You	5C	34											
illbearound	I'll Be Around	5C	35											
iveneverbeeninlovebefore	I've Never Been in Love Before	5C	36											
illwind	Ill Wind	5C	37											
inthestillofthenight	In the Still of the Night	5C	38											
itaintnecessarilyso	It Ain't Necessarily So	5C	39											
itseasytoremember	It's Easy to Remember	5C	40											
itsthetalkofthetown	It's the Talk of the Town	5C	41											
ivegrownaccustomedtoherface	I've Grown Accustomed to Her Face	5C	42											
lastnightwhenwewereyoung	Last Night When We Were Young	5C	43											
lovewalkedin	Love Walked In	5C	44											
meaningoftheblues	Meaning of the Blues	5C	45											
midnightsun	Midnight Sun	5C	46											
moonriver	Moon River	5C	47											
nancy	Nancy (with the Laughing Face)	5C	48											
oneformybaby	One for My Baby (And One More for the Road)	5C	49											
pickyourselfup	Pick Yourself Up	5C	50											
route66	Route 66	5C	51	categorical (3)			3	1	2	Blues		log only	1	207
septemberintherain	September in the Rain	5C	52											
sinceifellforyou	Since I Fell for You	5C	53											
someothertime	Some Other Time	5C	54											
strangefruit	Strange Fruit	5C	55											
takingachanceonlove	Taking a Chance on Love	5C	56									log only	1	207
thatoldfeeling	That Old Feeling	5C	57											
folkswholiveonthehill	The Folks Who Live on the Hill	5C	58											
manthatgotaway	The Man That Got Away	5C	59											
touchofyourlips	The Touch of Your Lips	5C	60											
themthereeyes	Them There Eyes	5C	61											
thenillbetiredofyou	Then I'll Be Tired of You	5C	62											
theresasmallhotel	There's a Small Hotel	5C	63											
unforgettable	Unforgettable	5C	64											
whatalittlemoonlightcando	What a Little Moonlight Can Do	5C	65									log only	6	94
whocaniturnto	Who Can I Turn To?	5C	66									log only	2	163
wrapyourtroublesindreams	Wrap Your Troubles in Dreams	5C	67											
youaretoobeautiful	You Are Too Beautiful	5C	68											
youredrivingmecrazy	You're Driving Me Crazy (What Did I Do?	5C	69											
aguadeberber	Agua De Berber	-										log only	2	163
alrightokayyouwin	Alright, Okay, You Win	-		categorical (2)			2			Bridge				
applecore	Apple Core	-										log only	3	146
applehoney	Apple Honey	-		categorical (2)			2	0	2	Rhythm				
bettergethitinyoursoul	Better Get Hit In Your Soul	-										log only	16	37
beyondthesea	Beyond The Sea	-										log only	2	163
bikini	Bikini	-		categorical (1)			1			Bridge				
bluesbyfive	Blues by Five	-		categorical (3)			3	1	2	RiffBlues		Top 201	1	207
bluesconnotation	Blues Connotation	-		categorical (2)			2	0	2	Blues|Free				
bluesforstephanie	Blues for Stephanie	-		categorical (2)			2	0	2	Blues				
brightsizelife	Bright Size Life	-										log only	1	207
broadway	Broadway	-										Top 201	11	63
budsblues	Bud's Blues	-		categorical (1)			1	1	0	RiffBlues				
byeya	Bye-Ya	-										log only	10	67
cedarsblues	Cedar's Blues	-		categorical (2)			2	0	2	Blues				
celia	Celia	-										log only	1	207
chameleon	Chameleon	-		categorical (2)			2	2	0	Fusion		log only	11	63
champ	Champ, The	-		categorical (2)			2			RiffBlues				
chasinthetrane	Chasin' the Trane	-		categorical (2)			2	0	2	Blues				
chicken	Chicken, The	-		categorical (1)			1	1	0	Fusion		log only	8	79
chitlinsconcarne	Chitlins Con Carne	-										log only	9	74
cominhomebaby	Comin' Home Baby	-		categorical (2)			2	1	1	Blues|Fusion				
congeniality	Congeniality	-		categorical (1)			1	1	0	Free				
cookinatthecontinental	Cookin' at the Continental	-		categorical (2)			2			BebopBlues				
dig	Dig	-										log only	1	207
digdis	Dig Dis	-		categorical (2)			2			RiffBlues				
doodlin	Doodlin'	-		categorical (3)			3	0	3	Blues				
ebpob	Eb Pob	-		categorical (4)			4	2	2	Rhythm				
filthymcnasty	Filthy McNasty	-		categorical (2)			2	0	2	Blues				
flintstones	Flintstones, The	-		categorical (6)			6	1	5	Rhythm				
freighttrain	Freight Train	-										log only	3	146
gointomintons	Goin' to Minton's	-		categorical (2)			2	0	2	Rhythm				
greensleeves	Greensleeves	-										log only	2	163
hesatramp	He's A Tramp	-										log only	1	207
hobalala	Ho Ba La La	-										log only	1	207
idlemoments	Idle Moments	-										log only	1	207
itsagoodday	It's A Good Day	-										log only	1	207
iwishiknewhowitwouldfeeltobefree	I Wish I Knew How It Would Feel To Be Free	-										Top 201	8	79
jellyroll	Jelly Roll	-										log only	2	163
jodiegrind	Jodie Grind, The	-		categorical (2)			2	0	2	Blues				
jumpinwithsymphonysid	Jumpin' with Symphony Sid	-		categorical (3)			3	1	2	Blues		log only	1	207
letsfacethemusicanddance	Let's Face the Music and Dance	-										log only	1	207
letsfallinlove	Let's Fall In Love	-										log only	2	163
locomotion	Locomotion	-		categorical (2)			2	1	1	Bridge		log only	1	207
lonelywoman	Lonely Woman	-		categorical (1)			1	1	0	Free				
luckysouthern	Lucky Southern	-										log only	19	24
melodyforc	Melody For C	-										log only	1	207
moodysmoodforlove	Moody's Mood For Love	-										log only	1	207
moondance	Moondance	-										log only	3	146
mybuddy	My Buddy	-										log only	1	207
nighttrain	Night Train	-		categorical (5)			5	1	4	RiffBlues				
nomoonatall	No Moon At All	-										log only	4	124
nutty	Nutty	-										log only	1	207
nutville	Nutville	-		categorical (3)			3	2	1	Blues				
onaslowboattochina	On A Slow Boat To China	-										log only	4	124
onebasshit	One Bass Hit	-		categorical (2)			2	0	2	Rhythm				
onefootinthegutter	One Foot In The Gutter	-										log only	1	207
onefordaddyo	One for Daddy-O	-		categorical (3)			3	0	3	Blues		log only	12	52
oolyacoo	Ool ya coo	-		categorical (2)			2			BebopBlues				
oopbopshabam	Oop-Bop-Sha-Bam	-		categorical (2)			2	0	2	Rhythm				
orangecoloredsky	Orange Colored Sky	-										log only	2	163
passport	Passport	-		categorical (1)			1	1	0	Rhythm				
passportblues	Passport Blues	-										log only	2	163
psiloveyou	P.S. I Love You	-										log only	4	124
questionandanswer	Question And Answer	-										log only	1	207
redbaron	Red Baron	-										log only	1	207
sackowoe	Sack O' Woe	-		categorical (2)			2	0	2	Blues				
saveyourloveforme	Save Your Love For Me	-										log only	1	207
scotchandwater	Scotch and Water	-		categorical (2)			2			Bridge				
shag	Shag	-		categorical (2)			2	0	2	Rhythm				
speedball	Speedball	-		categorical (2)			2	1	1	Bridge				
spontaneouscombustion	Spontaneous Combustion	-		categorical (2)			2			RiffBlues				
starsfellonalabama	Stars Fell On Alabama	-										log only	1	207
stormymonday	Stormy Monday	-										log only	1	207
straightenupandflyright	Straighten Up and Fly Right	-		categorical (3)			3	0	3	Rhythm				
strasbourgsaintdenis	Strasbourg St Denis	-										log only	6	94
sway	Sway	-										log only	1	207
teeniesblues	Teenie's Blues	-		categorical (2)			2	0	2	Blues				
tempusfugit	Tempus Fugit	-										log only	6	94
theysayitswonderful	They Say It's Wonderful	-										log only	1	207
tiptoe	Tiptoe	-		categorical (3)			3	0	3	Rhythm				
tomcat	Tom Cat	-										log only	4	124
turnaround	Turnaround	-		categorical (2)			2			RiffBlues				
weaverofdreams	Weaver Of Dreams	-										log only	1	207
webbcity	Webb City	-		categorical (3)			3	1	2	Rhythm				
weedot	Wee Dot	-		categorical (2)			2			BebopBlues				
whatawonderfulworld	What A Wonderful World	-										log only	1	207
whydontyoudoright	Why Don't You Do Right	-										log only	1	207
withasonginmyheart	With A Song In My Heart	-										log only	1	207
yabadaoolya	Yabada Ool Ya	-		categorical (2)			2			BebopBlues				
