key	title_as_printed	seat	entry_no	scan_printed	scan_by_rule	scan_agrees	other_tags	watkins_list1	watkins_list2	watkins_cat_total	watkins_grade_years	miller_calls	miller_rank	miller_201
afroblue	Afro Blue	1A	1		M	n/a - List 1 carries no scan marks						14	44	yes
allofme	All of Me	1A	2		WM	n/a - List 1 carries no scan marks		11			Freshman|Sophomore	25	13	yes
allthethingsyouare	All The Things You Are	1A	3		WM	n/a - List 1 carries no scan marks		29			Sophomore	14	44	yes
alonetogether	Alone Together	1A	4		WM	n/a - List 1 carries no scan marks		23			Sophomore|Junior	1	207	yes
autumnleaves	Autumn Leaves	1A	5		WM	n/a - List 1 carries no scan marks		28			Freshman	22	17	yes
bluebossa	Blue Bossa	1A	6		WM	n/a - List 1 carries no scan marks		21			Freshman|Sophomore	32	9	yes
byebyeblackbird	Bye Bye Blackbird	1A	7		WM	n/a - List 1 carries no scan marks		14			Freshman|Sophomore	16	37	yes
bodyandsoul	Body and Soul	1A	8		WM	n/a - List 1 carries no scan marks		27			Sophomore|Junior	15	43	yes
cantaloupeisland	Cantaloupe Island	1A	9		WM	n/a - List 1 carries no scan marks			7		Freshman	3	146	yes
caravan	Caravan	1A	10		WM	n/a - List 1 carries no scan marks		10			Sophomore|Junior	45	2	yes
cherokee	Cherokee	1A	11		WM	n/a - List 1 carries no scan marks		21			Junior|Senior	21	19	yes
confirmation	Confirmation	1A	12		WM	n/a - List 1 carries no scan marks		16			Junior|Senior	1	207	yes
corcovado	Corcovado	1A	13		WM	n/a - List 1 carries no scan marks		15			Sophomore|Junior	18	27	yes
daysofwineandroses	Days of Wine and Roses	1A	14		WM	n/a - List 1 carries no scan marks		17			Freshman	11	63	yes
donnalee	Donna Lee	1A	15		WM	n/a - List 1 carries no scan marks		14			Senior	6	94	yes
doxy	Doxy	1A	16		WM	n/a - List 1 carries no scan marks		13			Freshman	17	30	yes
four	Four	1A	17		WM	n/a - List 1 carries no scan marks		12			Freshman	21	19	yes
haveyoumetmissjones	Have You Met Miss Jones	1A	18		WM	n/a - List 1 carries no scan marks		22			Sophomore|Junior	6	94	yes
heresthatrainyday	Here's That Rainy Day	1A	19		WM	n/a - List 1 carries no scan marks		13			Junior	1	207	yes
howhighthemoon	How High the Moon	1A	20		WM	n/a - List 1 carries no scan marks		14			Sophomore	10	67	yes
iloveyou	I Love You	1A	21		W	n/a - List 1 carries no scan marks		20			Sophomore|Junior			yes
impressions	Impressions	1A	22		WM	n/a - List 1 carries no scan marks		16			Freshman	2	163	yes
inasentimentalmood	In a Sentimental Mood	1A	23		WM	n/a - List 1 carries no scan marks		22			Sophomore|Junior	4	124	yes
invitation	Invitation	1A	24		WM	n/a - List 1 carries no scan marks		15			Sophomore|Junior	26	12	yes
itcouldhappentoyou	It Could Happen to You	1A	25		WM	n/a - List 1 carries no scan marks		13			Junior	20	22	yes
joyspring	Joy Spring	1A	26		WM	n/a - List 1 carries no scan marks		20			Junior|Senior	2	163	yes
justfriends	Just Friends	1A	27		WM	n/a - List 1 carries no scan marks		21			Junior	8	79	yes
likesomeoneinlove	Like Someone in Love	1A	28		WM	n/a - List 1 carries no scan marks		15			Junior	2	163	yes
littlesunflower	Little Sunflower	1A	29		WM	n/a - List 1 carries no scan marks			8		Freshman	7	86	yes
maidenvoyage	Maiden Voyage	1A	30		WM	n/a - List 1 carries no scan marks		13			Freshman|Sophomore	3	146	yes
manhadecarnaval	Manha De Carnaval (AKA Morning Of The Carnival, The Theme From Black Orpheus, and A Day In The Life Of A Fool)	1A	31		WM	n/a - List 1 carries no scan marks		15			Sophomore	41	4	yes
mercymercymercy	Mercy, Mercy, Mercy	1A	32			n/a - List 1 carries no scan marks						5	110	yes
milestones	Milestones (modal -	1A	33		WM	n/a - List 1 carries no scan marks			5		Junior	10	67	yes
misty	Misty	1A	34		WM	n/a - List 1 carries no scan marks		16			Sophomore	10	67	yes
momentsnotice	Moment's Notice	1A	35		W	n/a - List 1 carries no scan marks		13			Junior|Senior			yes
myfavoritethings	My Favorite Things	1A	36		WM	n/a - List 1 carries no scan marks			5		Junior	5	110	yes
myfunnyvalentine	My Funny Valentine	1A	37		WM	n/a - List 1 carries no scan marks		15			Sophomore	5	110	yes
myromance	My Romance	1A	38		W	n/a - List 1 carries no scan marks		12			Freshman			yes
nardis	Nardis	1A	39		WM	n/a - List 1 carries no scan marks			7		Junior	12	52	yes
nightandday	Night and Day	1A	40		WM	n/a - List 1 carries no scan marks		16			Junior	7	86	yes
nightintunisia	Night in Tunisia	1A	41		WM	n/a - List 1 carries no scan marks		14			Junior	44	3	yes
ongreendolphinstreet	On Green Dolphin Street	1A	42		WM	n/a - List 1 carries no scan marks		26			Sophomore	33	8	yes
ornithology	Ornithology	1A	43		WM	n/a - List 1 carries no scan marks		10			Junior	25	13	yes
outofnowhere	Out of Nowhere	1A	44		WM	n/a - List 1 carries no scan marks		10			Junior	2	163	yes
recordame	Recordame (AKA No Me Esqueca)	1A	45		WM	n/a - List 1 carries no scan marks		18			Sophomore	52	1	yes
roundmidnight	'Round Midnight	1A	46		WM	n/a - List 1 carries no scan marks		17			Junior|Senior	4	124	yes
satindoll	Satin Doll	1A	47		WM	n/a - List 1 carries no scan marks		17			Freshman	5	110	yes
sowhat	So What	1A	48		WM	n/a - List 1 carries no scan marks		14			Sophomore|Junior	11	63	yes
softlyasinamorningsunrise	Softly As in a Morning Sunrise	1A	49		WM	n/a - List 1 carries no scan marks		18			Sophomore	24	15	yes
solar	Solar	1A	50		WM	n/a - List 1 carries no scan marks		14			Sophomore|Junior	18	27	yes
somedaymyprincewillcome	Someday My Prince Will Come	1A	51		WM	n/a - List 1 carries no scan marks		19			Sophomore	12	52	yes
songformyfather	Song For My Father	1A	52		WM	n/a - List 1 carries no scan marks		10			Freshman	13	48	yes
saintthomas	St. Thomas	1A	53		WM	n/a - List 1 carries no scan marks		12			Freshman	29	11	yes
stellabystarlight	Stella By Starlight	1A	54		WM	n/a - List 1 carries no scan marks		26			Junior	12	52	yes
summertime	Summertime	1A	55		WM	n/a - List 1 carries no scan marks		16			Freshman	17	30	yes
taketheatrain	"Take the ""A"" Train"	1A	56		WM	n/a - List 1 carries no scan marks		26			Freshman	21	19	yes
girlfromipanema	The Girl From Ipanema	1A	57		WM	n/a - List 1 carries no scan marks		17			Sophomore|Junior	16	37	yes
thereisnogreaterlove	There Is No Greater Love	1A	58		WM	n/a - List 1 carries no scan marks		18			Sophomore	17	30	yes
therewillneverbeanotheryou	There Will Never Be Another You	1A	59		WM	n/a - List 1 carries no scan marks		26			Sophomore	31	10	yes
tuneup	Tune Up	1A	60		WM	n/a - List 1 carries no scan marks		11			Sophomore	2	163	yes
watermelonman	Watermelon Man	1A	61		WM	n/a - List 1 carries no scan marks			8	14	Freshman	12	52	yes
wave	Wave	1A	62		WM	n/a - List 1 carries no scan marks		17			Sophomore	14	44	yes
wellyouneednt	Well You Needn't	1A	63		WM	n/a - List 1 carries no scan marks		11			Junior	41	4	yes
whatisthisthingcalledlove	What Is This Thing Called Love?	1A	64		WM	n/a - List 1 carries no scan marks		23			Junior	19	24	yes
worksong	Work Song	1A	65		M	n/a - List 1 carries no scan marks						13	48	yes
yesterdays	Yesterdays	1A	66		WM	n/a - List 1 carries no scan marks		17			Junior	6	94	yes
youdontknowwhatloveis	You Don't Know What Love Is	1A	67		WM	n/a - List 1 carries no scan marks		14			Junior	14	44	yes
yousteppedoutofadream	You Stepped Out of a Dream	1A	68		WM	n/a - List 1 carries no scan marks		10			Junior	1	207	yes
allblues	All Blues	1A	69		WM	n/a - List 1 carries no scan marks		12		18	Sophomore	18	27	yes
auprivave	Au Privave	1A	70		WM	n/a - List 1 carries no scan marks			7	12	Junior	5	110	yes
bagsgroove	Bags' Groove	1A	71		WM	n/a - List 1 carries no scan marks			7	10	Freshman	16	37	yes
billiesbounce	Billie’s Bounce	1A	72		WM	n/a - List 1 carries no scan marks		17		25	Sophomore	37	6	yes
bluesforalice	Blues For Alice	1A	73		WM	n/a - List 1 carries no scan marks		10		15	Sophomore|Junior	5	110	yes
bluemonk	Blue Monk	1A	74		WM	n/a - List 1 carries no scan marks		11		18	Freshman	19	24	yes
freddiefreeloader	Freddie Freeloader	1A	75		WM	n/a - List 1 carries no scan marks			8	7	Freshman	13	48	yes
nowsthetime	Now's the Time	1A	76		WM	n/a - List 1 carries no scan marks		10		17	Freshman	2	163	yes
sandu	Sandu	1A	77			n/a - List 1 carries no scan marks				5		8	79	yes
sonnymoonfortwo	Sonnymoon For Two	1A	78		W	n/a - List 1 carries no scan marks			8	11	Freshman			
straightnochaser	Straight No Chaser	1A	79		WM	n/a - List 1 carries no scan marks		13		19	Freshman	7	86	yes
tenormadness	Tenor Madness	1A	80		WM	n/a - List 1 carries no scan marks			9	16	Freshman	12	52	yes
blueswalk	The Blues Walk	1A	81			n/a - List 1 carries no scan marks				5				
thingsaintwhattheyusedtobe	Things Ain't What They Used to Be	1A	82		W	n/a - List 1 carries no scan marks			5	10	Freshman			yes
walkin	Walkin'	1A	83		WM	n/a - List 1 carries no scan marks			5	8	Freshman	1	207	yes
bluetrane	Blue Trane	1A	84			n/a - List 1 carries no scan marks				9		4	124	yes
equinox	Equinox	1A	85		WM	n/a - List 1 carries no scan marks			5	8	Freshman	12	52	yes
footprints	Footprints	1A	86		WM	n/a - List 1 carries no scan marks		15		21	Sophomore	16	37	yes
misterpc	Mr. P.C.	1A	87		WM	n/a - List 1 carries no scan marks		10		17	Sophomore	22	17	yes
anthropology	Anthropology	1A	88		WM	n/a - List 1 carries no scan marks		11		17	Sophomore|Junior	10	67	yes
cottontail	Cottontail	1A	89			n/a - List 1 carries no scan marks				8		1	207	
igotrhythm	I Got Rhythm	1A	90		WM	n/a - List 1 carries no scan marks			6	10	Freshman|Sophomore	3	146	yes
moosethemooche	Moose the Mooche	1A	91			n/a - List 1 carries no scan marks				8				
oleo	Oleo	1A	92		WM	n/a - List 1 carries no scan marks		21		30	Junior	1	207	yes
rhythmaning	Rhythm-A-Ning	1A	93			n/a - List 1 carries no scan marks				7		2	163	
foggyday	A Foggy Day	1B	1		WM	n/a - List 1 carries no scan marks			9		Sophomore	6	94	yes
airegin	Airegin	1B	2		WM	n/a - List 1 carries no scan marks			9		Senior	1	207	yes
allofyou	All of You	1B	3		W	n/a - List 1 carries no scan marks			6		Junior			yes
angeleyes	Angel Eyes	1B	4		WM	n/a - List 1 carries no scan marks			9		Senior	2	163	yes
beatrice	Beatrice	1B	5		WM	n/a - List 1 carries no scan marks			5		Senior	9	74	yes
beautifullove	Beautiful Love	1B	6		WM	n/a - List 1 carries no scan marks			8		Junior	17	30	yes
bluesette	Bluesette	1B	7		W	n/a - List 1 carries no scan marks			8		Sophomore			yes
butbeautiful	But Beautiful	1B	8		WM	n/a - List 1 carries no scan marks			5		Junior	2	163	yes
butnotforme	But Not for Me	1B	9		WM	n/a - List 1 carries no scan marks		10			Freshman|Sophomore	2	163	yes
ceora	Ceora	1B	10		W	n/a - List 1 carries no scan marks		11			Junior			yes
comerainorcomeshine	Come Rain or Come Shine	1B	11		WM	n/a - List 1 carries no scan marks			6		Junior	3	146	yes
desafinado	Desafinado	1B	12		WM	n/a - List 1 carries no scan marks		12			Junior	17	30	yes
dolphindance	Dolphin Dance	1B	13		WM	n/a - List 1 carries no scan marks		12			Senior	2	163	yes
dontgetaroundmuchanymore	Don't Get Around Much Anymore	1B	14		WM	n/a - List 1 carries no scan marks			8		Sophomore	5	110	yes
embraceableyou	Embraceable You	1B	15		WM	n/a - List 1 carries no scan marks			9		Junior	1	207	yes
freedomjazzdance	Freedom Jazz Dance	1B	16		W	n/a - List 1 carries no scan marks			6	6	Sophomore			yes
georgiaonmymind	Georgia on My Mind	1B	17		WM	n/a - List 1 carries no scan marks			8		Sophomore	7	86	yes
gonewiththewind	Gone with the Wind	1B	18			n/a - List 1 carries no scan marks						1	207	
groovinhigh	Groovin' High	1B	19		WM	n/a - List 1 carries no scan marks			9		Sophomore	3	146	yes
honeysucklerose	Honeysuckle Rose	1B	20		WM	n/a - List 1 carries no scan marks			9		Sophomore	9	74	yes
howdeepistheocean	How Deep Is the Ocean?	1B	21		WM	n/a - List 1 carries no scan marks			5		Junior	1	207	yes
howinsensitive	How Insensitive	1B	22		WM	n/a - List 1 carries no scan marks			7		Sophomore	3	146	yes
icantgetstarted	I Can't Get Started	1B	23		WM	n/a - List 1 carries no scan marks		12			Sophomore	1	207	yes
iheararhapsody	I Hear a Rhapsody	1B	24		WM	n/a - List 1 carries no scan marks		11			Senior	7	86	yes
irememberyou	I Remember You	1B	25		W	n/a - List 1 carries no scan marks			7		Junior			yes
illrememberapril	I'll Remember April	1B	26		WM	n/a - List 1 carries no scan marks		16			Junior	1	207	yes
inyourownsweetway	In Your Own Sweet Way	1B	27		WM	n/a - List 1 carries no scan marks		13			Senior	4	124	yes
itsyouornoone	It's You or No One	1B	28		W	n/a - List 1 carries no scan marks			5		Junior			yes
killerjoe	Killer Joe	1B	29		W	n/a - List 1 carries no scan marks			7		Freshman			yes
laura	Laura	1B	30		WM	n/a - List 1 carries no scan marks			7		Junior	1	207	yes
loveforsale	Love for Sale	1B	31		WM	n/a - List 1 carries no scan marks			9		Junior	7	86	yes
loveisheretostay	Love Is Here to Stay	1B	32		WM	n/a - List 1 carries no scan marks			6		Junior	7	86	yes
lullabyofbirdland	Lullaby of Birdland	1B	33		WM	n/a - List 1 carries no scan marks			7		Sophomore	12	52	yes
manteca	Manteca	1B	34			n/a - List 1 carries no scan marks				2		1	207	
meditation	Meditation	1B	35		W	n/a - List 1 carries no scan marks			7		Sophomore			yes
moanin	Moanin'	1B	36		M	n/a - List 1 carries no scan marks						17	30	yes
myoneandonlylove	My One and Only Love	1B	37		WM	n/a - List 1 carries no scan marks			9		Senior	1	207	yes
myshininghour	My Shining Hour	1B	38		WM	n/a - List 1 carries no scan marks			6		Sophomore	6	94	yes
nicasdream	Nica's Dream	1B	39		WM	n/a - List 1 carries no scan marks		10			Junior|Senior	9	74	yes
onenotesamba	One Note Samba	1B	40		WM	n/a - List 1 carries no scan marks			9		Junior	3	146	yes
overtherainbow	Over the Rainbow	1B	41		W	n/a - List 1 carries no scan marks			7		Junior			
polkadotsandmoonbeams	Polka Dots and Moonbeams	1B	42		W	n/a - List 1 carries no scan marks			6		Junior			yes
scrapplefromtheapple	Scrapple from the Apple	1B	43		WM	n/a - List 1 carries no scan marks			9		Sophomore|Junior	12	52	yes
sophisticatedlady	Sophisticated Lady	1B	44		WM	n/a - List 1 carries no scan marks			7		Senior	1	207	yes
speaklow	Speak Low	1B	45		WM	n/a - List 1 carries no scan marks		12			Junior	2	163	yes
stareyes	Star Eyes	1B	46		WM	n/a - List 1 carries no scan marks		12			Junior	1	207	yes
stolenmoments	Stolen Moments	1B	47		WM	n/a - List 1 carries no scan marks			7	13	Sophomore	6	94	yes
takefive	Take Five	1B	48		M	n/a - List 1 carries no scan marks			3		Junior|Senior	10	67	yes
nighthasathousandeyes	The Night Has a Thousand Eyes	1B	49		W	n/a - List 1 carries no scan marks			5		Sophomore			yes
shadowofyoursmile	The Shadow of Your Smile	1B	50		W	n/a - List 1 carries no scan marks		10			Junior			yes
songisyou	The Song Is You	1B	51		W	n/a - List 1 carries no scan marks			8		Junior			yes
triste	Triste	1B	52		W	n/a - List 1 carries no scan marks		10			Junior			yes
yardbirdsuite	Yardbird Suite	1B	53		WM	n/a - List 1 carries no scan marks		12			Freshman|Sophomore	1	207	yes
childisborn	A Child Is Born	2	1			yes						1	207	
adamsapple	Adam's Apple	2	2			yes								
afternooninparis	Afternoon in Paris [WM]	2	3	WM	WM	yes			7		Freshman	2	163	yes
aliceinwonderland	Alice In Wonderland	2	4			yes						1	207	
alongcamebetty	Along Came Betty [W]	2	5	W	W	yes			7		Junior			yes
bebop	Be-Bop	2	6			yes								
bemshaswing	Bemsha Swing	2	7			yes				3		5	110	
berniestune	Bernie's Tune [M]	2	8	M	M	yes						13	48	yes
bolivia	Bolivia	2	9			yes						1	207	
blueingreen	Blue in Green	2	10			yes						4	124	yes
bluesmarch	Blues March	2	11			yes				3				
bohemiaafterdark	Bohemia After Dark [M]	2	12	M	M	yes						16	37	
conalma	Con Alma	2	13			yes					Senior			
countdown	Countdown [WM]	2	14	WM	WM	yes			5		Senior	1	207	yes
daahoud	Daahoud	2	15			yes								
datdere	Dat Dere	2	16			yes								
django	Django	2	17			yes								
epistrophy	Epistrophy [M]	2	18	M	M	yes						35	7	
esp	E.S.P. [WM]	2	19	WM	WM	yes			5		Senior	2	163	yes
evidence	Evidence	2	20			yes								
feefifofum	Fee-Fi-Fo-Fum [WM]	2	21	WM	WM	yes			5		Senior	6	94	yes
flamingo	Flamingo	2	22			yes								
fouronsix	Four On Six	2	23			yes						1	207	
giantsteps	Giant Steps [WM]	2	24	WM	WM	yes		17			Junior|Senior	1	207	yes
goodbait	Good Bait [WM]	2	25	WM	WM	yes			7	9	Freshman	1	207	yes
gregoryishere	Gregory Is Here	2	26			yes								
hackensack	Hackensack (AKA Rifftide)	2	27			yes						4	124	
halfnelson	Half Nelson [W]	2	28	W	W	yes			5		Junior			yes
hifly	Hi-Fly	2	29			yes								
hothouse	Hot House [WM]	2	30	WM	WM	yes			7		Junior	2	163	yes
imeanyou	I Mean You [WM]	2	31	WM	WM	yes			5		Junior	1	207	yes
irememberclifford	I Remember Clifford	2	32			yes								
ifiwereabell	If I Were a Bell [WM]	2	33	WM	WM	yes			8		Junior	4	124	yes
inwalkedbud	In Walked Bud [M]	2	34	M	M	yes						10	67	
infanteyes	Infant Eyes	2	35			yes						3	146	
innerurge	Inner Urge [W]	2	36	W	W	yes			8		Junior|Senior			yes
isfahan	Isfahan [M]	2	37	M	M	yes						12	52	
jordu	Jordu	2	38			yes						2	163	
juju	Juju	2	39			yes								
ladybird	Lady Bird [WM]	2	40	WM	WM	yes		15			Sophomore	5	110	yes
lazybird	Lazy Bird [WM]	2	41	WM	WM	yes			6		Junior	1	207	yes
littlebspoem	Little B's Poem	2	42			yes								
minority	Minority	2	43			yes								
monksdream	Monk's Dream	2	44			yes								
monksmood	Monk's Mood	2	45			yes								
mylittlesuedeshoes	My Little Suede Shoes	2	46			yes						6	94	yes
naima	Naima	2	47			yes						4	124	
nefertiti	Nefertiti	2	48			yes								
neverletmego	Never Let Me Go	2	49			yes								
nomoreblues	No More Blues [P] (Chega de Saudade)	2	50			yes	P					1	207	
offminor	Off Minor	2	51			yes						2	163	
ohladybegood	Oh, Lady Be Good!	2	52			yes								
ourdelight	Our Delight	2	53			yes								
pannonica	Pannonica	2	54			yes								
passiondance	Passion Dance	2	55			yes								
peace	Peace [W]	2	56	W	W	yes			7		Senior			yes
pentuphouse	Pent-Up House	2	57			yes						1	207	
poinciana	Poinciana	2	58			yes								
redclay	Red Clay	2	59			yes				1		1	207	
rubymydear	Ruby My Dear	2	60			yes						1	207	
sambadeorfeu	Samba De Orfeu	2	61			yes						2	163	
sevenstepstoheaven	Seven Steps To Heaven [W]	2	62	W	W	yes			6		Sophomore|Junior			yes
shawnuff	Shaw Nuff	2	63			yes				3				
sidewinder	Sidewinder	2	64			yes				4				
sistersadie	Sister Sadie	2	65			yes								
souleyes	Soul Eyes	2	66			yes								
spain	Spain [P]	2	67			yes	P							
speaknoevil	Speak No Evil [WM]	2	68	WM	WM	yes			7		Junior	5	110	yes
stablemates	Stablemates [W]	2	69	W	W	yes		10			Senior			yes
strollin	Strollin'	2	70			yes								
sugar	Sugar [W]	2	71	W	W	yes			9		Sophomore			
tangerine	Tangerine	2	72			yes						1	207	
moontrane	The Moontrane	2	73			yes								
peacocks	The Peacocks	2	74			yes								
preacher	The Preacher	2	75			yes								
thisidigofyou	This I Dig Of You [M]	2	76	M	M	yes						24	15	yes
ticotico	Tico Tico	2	77			yes								
tintindeo	Tin Tin Deo	2	78			yes								
unpocoloco	Un Poco Loco	2	79			yes								
unitseven	Unit Seven	2	80			yes				2				
uppermanhattanmedicalgroup	Upper Manhattan Medical Group	2	81			yes								
upjumpedspring	Up Jumped Spring	2	82			yes						2	163	
waltzfordebby	Waltz for Debby	2	83			yes					Junior			
westcoastblues	West Coast Blues	2	84			yes				4		1	207	
whenlightsarelow	When Lights Are Low	2	85			yes								
whispernot	Whisper Not [W]	2	86	W	W	yes			9		Junior			yes
windows	Windows	2	87			yes								
witchhunt	Witch Hunt [WM]	2	88	WM	WM	yes			5		Junior	6	94	
withoutasong	Without a Song	2	89			yes								
woodynyou	Woody'n You	2	90			yes						4	124	
yesorno	Yes Or No [W]	2	91	W	W	yes			5		Junior			
youandthenightandthemusic	You and the Night and the Music	2	92			yes								
youdbesonicetocomehometo	You'd Be So Nice to Come Home To [W]	2	93	W	W	yes			6		Junior			
bessiesblues	Bessie's Blues [WM]	2	94	WM	WM	yes			5	8	Sophomore	1	207	yes
barbados	Barbados	2	95			yes				4				
birdlike	Birdlike	2	96			yes				3				
bluenboogie	Blue 'N' Boogie	2	97			yes				2				
blueseven	Blue Seven	2	98			yes				2				
bluesonthecorner	Blues On The Corner	2	99			yes				2				
cheryl	Cheryl	2	100			yes				6				
coolblues	Cool Blues	2	101			yes				6		4	124	
cousinmary	Cousin Mary	2	102			yes				3		4	124	
eightyone	Eighty One	2	103			yes								
gingerbreadboy	Gingerbread Boy	2	104			yes				2				
misterioso	Misterioso	2	105			yes				5		2	163	
pfrancing	Pfrancing (No Blues)	2	106			yes				2				
kicker	The Kicker	2	107			yes								
twobasshit	Two Bass Hit	2	108			yes								
birksworks	Birk's Works	2	109			yes				7		8	79	yes
senorblues	Señor Blues	2	110			yes				2				
cta	C.T.A.	2	111			yes								
dexterity	Dexterity	2	112			yes				4				
dizzyatmosphere	Dizzy Atmosphere	2	113			yes								
move	Move	2	114			yes								
eternaltriangle	The Eternal Triangle	2	115			yes				3				
saltpeanuts	Salt Peanuts	2	116			yes				3				
262	26-2	3	1			yes								
500mileshigh	500 Miles High [P]	3	2		M	no	P					12	52	
502blues	502 Blues (Drinkin' And Drivin')	3	3			yes								
afrocentric	Afro-Centric	3	4			yes								
anamaria	Ana Maria	3	5			yes								
areyoureal	Are You Real?	3	6			yes								
askmenow	Ask Me Now	3	7			yes						5	110	
beanandtheboys	Bean and the Boys	3	8			yes								
blacknarcissus	Black Narcissus	3	9			yes								
bouncinwithbud	Bouncin' with Bud	3	10			yes								
blacknile	Black Nile	3	11			yes						5	110	
bloodcount	Blood Count	3	12			yes								
boplicity	Boplicity	3	13			yes								
brightmississippi	Bright Mississippi	3	14			yes						1	207	
brilliantcorners	Brilliant Corners	3	15			yes						2	163	
centralparkwest	Central Park West	3	16			yes						1	207	
cheesecake	Cheese Cake	3	17			yes						3	146	
chickstune	Chick's Tune	3	18			yes								
childrenofthenight	Children Of The Night	3	19			yes								
conception	Conception	3	20			yes								
contemplation	Contemplation	3	21			yes								
crepusculewithnellie	Crepuscule With Nellie	3	22			yes								
crescent	Crescent	3	23			yes								
crisscross	Criss Cross	3	24			yes								
dancecadaverous	Dance Cadaverous	3	25			yes								
dearoldstockholm	Dear Old Stockholm	3	26			yes								
delsasser	Del Sasser	3	27			yes								
deweysquare	Dewey Square	3	28			yes								
elgaucho	El Gaucho	3	29			yes								
eronel	Eronel	3	30			yes								
fall	Fall	3	31			yes								
firmroots	Firm Roots	3	32			yes								
fourinone	Four In One	3	33			yes			1		Senior			
fuchsiaswingsong	Fuchsia Swing Song	3	34			yes								
gloriasstep	Gloria’s Step	3	35			yes								
goodbyeporkpiehat	Goodbye Pork Pie Hat	3	36			yes						2	163	
gotamatch	Got a Match [P]	3	37			yes	P							
hallucinations	Hallucinations (AKA Budo)	3	38			yes								
humptydumpty	Humpty Dumpty [P]	3	39			yes	P							
jackieing	Jackie-ing	3	40			yes								
jeannine	Jeannine	3	41			yes								
joshua	Joshua	3	42			yes								
lafiesta	La Fiesta	3	43			yes								
lamesha	La Mesha	3	44			yes								
lament	Lament	3	45			yes								
littlewillieleaps	Little Willie Leaps	3	46			yes								
lonnieslament	Lonnie's Lament	3	47			yes								
mayreh	Mayreh	3	48			yes								
milesmode	Miles' Mode	3	49			yes								
modeforjoe	Mode For Joe	3	50			yes								
mosaic	Mosaic	3	51			yes								
nightdreamer	Night Dreamer	3	52			yes						1	207	
nostalgiaintimessquare	Nostalgia In Times Square	3	53			yes								
ograndeamor	O Grande Amor	3	54			yes						2	163	
onamistynight	On A Misty Night	3	55			yes								
onebyone	One By One	3	56			yes						1	207	
onefingersnap	One Finger Snap	3	57			yes								
opusdefunk	Opus De Funk	3	58			yes								
parisianthoroughfare	Parisian Thoroughfare	3	59			yes								
pensativa	Pensativa	3	60			yes								
pinocchio	Pinocchio	3	61			yes								
princealbert	Prince Albert	3	62			yes								
quasimodo	Quasimodo	3	63			yes								
quicksilver	Quicksilver	3	64			yes								
raysidea	Ray's Idea	3	65			yes								
reflections	Reflections	3	66			yes						6	94	
sailaway	Sail Away	3	67			yes								
satellite	Satellite	3	68			yes								
searchforpeace	Search For Peace	3	69			yes								
serenity	Serenity	3	70			yes								
sometimeago	Sometime Ago	3	71			yes								
straightupanddown	Straight Up And Down	3	72			yes								
syeedassongflute	Syeeda's Song Flute	3	73			yes								
tellmeabedtimestory	Tell Me A Bedtime Story	3	74			yes								
blessing	The Blessing	3	75			yes								
duke	The Duke	3	76			yes								
eyeofthehurricane	The Eye Of The Hurricane	3	77			yes								
gentlerain	The Gentle Rain	3	78			yes								
holyland	The Holy Land	3	79			yes								
thelonious	Thelonious	3	80			yes								
thishere	This Here	3	81			yes								
tonesforjoansbones	Tones for Joan's Bones	3	82			yes								
tricotism	Tricotism	3	83			yes								
trinkletinkle	Trinkle Tinkle	3	84			yes								
ugetsu	Ugetsu (AKA Fantasy In D)	3	85			yes								
unamas	Una Mas	3	86			yes								
valsehot	Valse Hot	3	87			yes						4	124	
veryearly	Very Early	3	88			yes								
voyage	Voyage	3	89			yes								
wiseone	Wise One	3	90			yes								
bigfoot	Big Foot	3	91			yes								
bloomdido	Bloomdido	3	92			yes				3				
bluesinthecloset	Blues in the Closet [WM]	3	93	WM		no				5		9	74	yes
bolivarblues	Bolivar Blues [WM]	3	94	WM		no				2		5	110	
bassblues	Bass Blues	3	95			yes								
bluebird	Bluebird	3	96			yes								
buzzy	Buzzy	3	97			yes				3		1	207	
chichi	Chi Chi	3	98			yes				3				
danceoftheinfidels	Dance Of The Infidels	3	99			yes				3				
drjackle	Dr. Jackle (AKA Dr. Jekyll)	3	100			yes								
homestretch	Homestretch (AKA Joe's Blues)	3	101			yes								
isotope	Isotope	3	102			yes				5				
kcblues	K.C. Blues	3	103			yes								
lairdbaird	Laird Baird	3	104			yes								
matrix	Matrix	3	105			yes								
misterday	Mr. Day (AKA One And Four)	3	106			yes								
mohawk	Mohawk	3	107			yes				2				
parkersmood	Parker's Mood	3	108			yes				2				
ramblin	Ramblin'	3	109			yes								
relaxinatcamarillo	Relaxin' At Camarillo	3	110			yes				3				
sippinatbells	Sippin' At Bell's	3	111			yes				3				
solid	Solid (Shaw)	3	112			yes						2	163	
someotherblues	Some Other Blues	3	113			yes				2				
takethecoltrane	Take The Coltrane	3	114			yes								
twisted	Twisted [P][WM]	3	115	WM	M	no	P			3		17	30	
vierdblues	Vierd Blues	3	116			yes				3				
whenwillthebluesleave	When Will The Blues Leave?	3	117			yes				2				
bluesforwood	Blues For Wood	3	118			yes								
bluesminor	Blues Minor	3	119			yes								
chronicblues	Chronic Blues	3	120			yes								
fivespotafterdark	Five Spot After Dark	3	121			yes				2		4	124	
israel	Israel	3	122			yes								
mistersyms	Mr. Syms	3	123			yes								
nothingpersonal	Nothing Personal [P]	3	124			yes	P							
pursuance	Pursuance	3	125			yes								
52ndstreettheme	52nd Street Theme (AKA, The Theme)	3	126			yes				5				
ahleucha	Ah-Leu-Cha	3	127			yes								
allensalley	Allen's Alley (wee)	3	128			yes				3				
oscarfortreadwell	An Oscar For Treadwell	3	129			yes								
chasinthebird	Chasin' the Bird	3	130			yes				2				
constellation	Constellation	3	131			yes								
crazeology	Crazeology	3	132			yes								
kim	Kim	3	133			yes								
littlerootietootie	Little Rootie Tootie	3	134			yes								
ow	Ow!	3	135			yes								
redcross	Red Cross	3	136			yes								
room608	Room 608	3	137			yes				1				
secondbalconyjump	Second Balcony Jump	3	138			yes								
steeplechase	Steeplechase	3	139			yes				3				
serpentstooth	The Serpent's Tooth	3	140			yes				1				
wail	Wail	3	141			yes				2				
atthejazzbandball	At the Jazz Band Ball	4	1			yes								
basinstreetblues	Basin Street Blues	4	2			yes						1	207	
bourbonstreetparade	Bourbon Street Parade [P]	4	3			yes	P							
fidgetyfeet	Fidgety Feet	4	4			yes								
highsociety	High Society [P]	4	5			yes	P							
jazzmeblues	Jazz Me Blues	4	6			yes								
muskratramble	Muskrat Ramble	4	7			yes								
panama	Panama	4	8			yes								
royalgardenblues	Royal Garden Blues	4	9			yes				2				
saintjamesinfirmary	St. James Infirmary	4	10			yes					Freshman			yes
struttinwithsomebarbecue	Struttin' with Some Barbecue	4	11			yes								
thatsaplenty	That's a Plenty	4	12			yes								
waydownyonderinneworleans	Way Down Yonder in New Orleans	4	13			yes								
whenthesaintsgomarchingin	When the Saints Go Marching In	4	14			yes						1	207	
wildmanblues	Wild Man Blues	4	15			yes								
aintmisbehavin	Ain't Misbehavin'	4	16			yes						1	207	
babywontyoupleasecomehome	Baby Won't You Please Come Home	4	17			yes								
imconfessinthatiloveyou	I'm Confessin' That I Love You	4	18			yes								
jitterbugwaltz	Jitterbug Waltz	4	19			yes								
lazyriver	Lazy River	4	20			yes								
squeezeme	Squeeze Me	4	21			yes								
stardust	Star Dust [W]	4	22	W	W	yes			8		Sophomore			yes
jointisjumpin	The Joint Is Jumpin' [P]	4	23			yes	P							
wearyblues	Weary Blues	4	24			yes								
whenitssleepytimedownsouth	When It's Sleepy Time Down South	4	25			yes								
whenyouresmiling	When You're Smiling	4	26			yes								
wolverineblues	Wolverine Blues	4	27			yes								
youcandependonme	You Can Depend on Me	4	28			yes								
yourascalyou	You Rascal You (I'll Be Glad When You're Dead)	4	29			yes								
afteryouvegone	After You've Gone	4	30			yes								
avalon	Avalon	4	31			yes								
chinaboy	China Boy	4	32			yes								
crazyrhythm	Crazy Rhythm	4	33			yes								
dinah	Dinah	4	34			yes								
fourbrothers	Four Brothers	4	35			yes								
hallelujah	Hallelujah	4	36			yes								
iknowthatyouknow	I Know That You Know	4	37			yes								
ificouldbewithyou	If I Could Be with You	4	38			yes								
indiana	Indiana [W]	4	39	W	W	yes			9		Sophomore|Junior			yes
ivefoundanewbaby	I've Found a New Baby	4	40			yes								
iwanttobehappy	I Want to Be Happy	4	41			yes								
limehouseblues	Limehouse Blues	4	42			yes				3				
liza	Liza (All the Clouds'll Roll Away)	4	43			yes								
roseroom	Rose Room	4	44			yes								
sometimesimhappy	Sometimes I'm Happy	4	45			yes								
saintlouisblues	St. Louis Blues	4	46			yes				3	Freshman			
sugarfootstomp	Sugar Foot Stomp (Dippermouth Blues)	4	47			yes								
threelittlewords	Three Little Words	4	48			yes								
whispering	Whispering	4	49			yes								
exactlylikeyou	Exactly Like You	4	50			yes						1	207	
icantbelievethatyoureinlovewithme	I Can't Believe That You're in Love with Me	4	51			yes								
imgonnasitrightdownandwritemyselfaletter	I'm Gonna Sit Right Down and Write Myself a Letter	4	52			yes								
justyoujustme	Just You, Just Me	4	53			yes								
myblueheaven	My Blue Heaven	4	54			yes								
onthesunnysideofthestreet	On the Sunny Side of the Street [M]	4	55	M	M	yes						20	22	yes
perdido	Perdido [WM]	4	56	WM	WM	yes		10			Freshman	1	207	yes
robbinsnest	Robbin's Nest	4	57			yes								
stompinatthesavoy	Stompin' at the Savoy [WM]	4	58	WM	WM	yes			6		Sophomore	1	207	yes
sweetgeorgiabrown	Sweet Georgia Brown [WM]	4	59	WM	WM	yes		11			Sophomore|Junior	1	207	yes
undecided	Undecided	4	60			yes								
airmailspecial	Air Mail Special	4	61			yes								
buglecallrag	Bugle Call Rag	4	62			yes								
dontbethatway	Don't Be That Way	4	63			yes				2				
flyinghome	Flying Home	4	64			yes								
kingporterstomp	King Porter Stomp	4	65			yes								
moonglow	Moonglow	4	66			yes						1	207	yes
blueandsentimental	Blue and Sentimental	4	67			yes								
dogginaround	Doggin' Around	4	68			yes								
jumpinatthewoodside	Jumpin' at the Woodside	4	69			yes				2		2	163	
lildarlin	Li'l Darlin'	4	70			yes								
motenswing	Moten Swing	4	71			yes								
shinystockings	Shiny Stockings	4	72			yes								
untilimetyou	Until I Met You (Corner Pocket)	4	73			yes								
alltoosoon	All Too Soon	4	74			yes								
azure	Azure	4	75			yes								
blackandtanfantasy	Black and Tan Fantasy	4	76			yes								
chelseabridge	Chelsea Bridge	4	77			yes								
dontyouknowicare	Don't You Know I Care	4	78			yes								
inamellotone	In a Mellotone [WM]	4	79	WM	WM	yes		15			Sophomore	4	124	yes
itdontmeanathing	It Don't Mean a Thing [WM]	4	80	WM	WM	yes			6		Junior	5	110	yes
jeepisjumpin	Jeep Is Jumpin'	4	81			yes								
johnnycomelately	Johnny Come Lately	4	82			yes								
justsqueezeme	Just Squeeze Me	4	83			yes								
rockininrhythm	Rockin' in Rhythm	4	84			yes								
mylittlebrownbook	My Little Brown Book	4	85			yes								
raincheck	Raincheck	4	86			yes								
starcrossedlovers	Star Crossed Lovers	4	87			yes								
warmvalley	Warm Valley	4	88			yes								
whatamiherefor	What Am I Here For	4	89			yes								
cjamblues	C Jam Blues (Duke's Place)	4	90			yes				8		4	124	
inthemood	In the Mood	4	91			yes								
oneoclockjump	One O'Clock Jump	4	92			yes								
redtop	Red Top	4	93			yes				3				
softwinds	Soft Winds	4	94			yes								
tinroofblues	Tin Roof Blues	4	95			yes								
westendblues	West End Blues	4	96			yes								
everytub	Every Tub	4	97			yes								
lesterleapsin	Lester Leaps In	4	98			yes				8				
sevencomeeleven	Seven Come Eleven	4	99			yes				2				
almostlikebeinginlove	Almost Like Being in Love	5A	1			yes								
aprilinparis	April in Paris	5A	2			yes						1	207	
autumninnewyork	Autumn in New York	5A	3			yes						1	207	
bluemoon	Blue Moon	5A	4			yes						1	207	
blueskies	Blue Skies	5A	5			yes						2	163	
comesunday	Come Sunday	5A	6			yes								
centerpiece	Centerpiece	5A	7			yes				3				
closeyoureyes	Close Your Eyes	5A	8			yes								
darnthatdream	Darn That Dream [WM]	5A	9	WM	WM	yes			9		Sophomore	2	163	yes
donothintillyouhearfromme	Do Nothin' Till You Hear from Me	5A	10			yes						6	94	
dontblameme	Don't Blame Me	5A	11			yes								
eastofthesun	East of the Sun	5A	12			yes						1	207	
easyliving	Easy Living	5A	13			yes								
easytolove	Easy to Love	5A	14			yes						1	207	
emily	Emily	5A	15		W	no			8		Senior			
everythinghappenstome	Everything Happens to Me	5A	16			yes						2	163	
evrytimewesaygoodbye	Ev’ry Time We Say Goodbye	5A	17			yes								
fallinginlovewithlove	Falling in Love with Love	5A	18			yes								
flymetothemoon	Fly Me to the Moon	5A	19			yes						8	79	yes
geebabyaintigoodtoyou	Gee Baby Ain't I Good to You	5A	20			yes						2	163	
ghostofachance	Ghost of a Chance (I Don't Stand A)	5A	21			yes								
godblessthechild	God Bless the Child	5A	22			yes								
goodmorningheartache	Good Morning Heartache	5A	23			yes								
howlonghasthisbeengoingon	How Long Has This Been Going On?	5A	24			yes								
icantgiveyouanythingbutlove	I Can't Give You Anything but Love	5A	25			yes								
icoverthewaterfront	I Cover the Waterfront	5A	26			yes								
ididntknowwhattimeitwas	I Didn't Know What Time It Was	5A	27			yes						1	207	
ifallinlovetooeasily	I Fall in Love Too Easily	5A	28			yes								
igotitbad	I Got It Bad (and That Ain't Good)	5A	29			yes						2	163	
iletasonggooutofmyheart	I Let a Song Go Out of My Heart	5A	30			yes								
ionlyhaveeyesforyou	I Only Have Eyes for You	5A	31			yes								
ishouldcare	I Should Care [WM]	5A	32	WM	WM	yes			5		Junior	1	207	yes
isurrenderdear	I Surrender Dear	5A	33			yes								
ithoughtaboutyou	I Thought About You [WM]	5A	34	WM	WM	yes			8		Junior	4	124	yes
iminthemoodforlove	I'm in the Mood for Love	5A	35			yes								
ifishouldloseyou	If I Should Lose You	5A	36			yes						1	207	
ifyoucouldseemenow	If You Could See Me Now	5A	37			yes								
ithadtobeyou	It Had to Be You	5A	38		W	no			6		Junior			yes
itmightaswellbespring	It Might As Well Be Spring	5A	39		W	no			5		Junior			yes
itneverenteredmymind	It Never Entered My Mind	5A	40			yes						1	207	
justoneofthosethings	Just One of Those Things	5A	41			yes								
lovercomebacktome	Lover Come Back to Me	5A	42			yes								
loverman	Lover Man [WM]	5A	43	WM	WM	yes		11			Sophomore	6	94	yes
macktheknife	Mack the Knife	5A	44			yes								yes
meantome	Mean to Me	5A	45			yes						1	207	
memoriesofyou	Memories of You	5A	46			yes								
moodindigo	Mood Indigo	5A	47			yes						4	124	yes
moonlightinvermont	Moonlight in Vermont[WM]	5A	48	WM	WM	yes			5		Junior	7	86	yes
myfoolishheart	My Foolish Heart [WM]	5A	49	WM	WM	yes		10			Junior|Senior	1	207	yes
myoldflame	My Old Flame	5A	50			yes								
natureboy	Nature Boy	5A	51			yes						3	146	
niceworkifyoucangetit	Nice Work If You Can Get It	5A	52			yes								
oldfolks	Old Folks	5A	53			yes								
onaclearday	On a Clear Day (You Can See Forever)	5A	54			yes								
onceiloved	Once I Loved	5A	55		W	no			6		Sophomore			yes
penniesfromheaven	Pennies from Heaven	5A	56			yes						1	207	
preludetoakiss	Prelude to a Kiss	5A	57		W	no			8		Senior			yes
swonderful	S Wonderful!	5A	58			yes								
secretlove	Secret Love	5A	59			yes						1	207	
skylark	Skylark [WM]	5A	60	WM	WM	yes			8		Junior	2	163	yes
smokegetsinyoureyes	Smoke Gets in Your Eyes	5A	61			yes								
smile	Smile	5A	62			yes						1	207	
solitude	Solitude	5A	63			yes								
someonetowatchoverme	Someone to Watch Over Me	5A	64		W	no			5		Junior			yes
springcanreallyhangyouupthemost	Spring Can Really Hang You Up the Most	5A	65			yes								
springishere	Spring Is Here	5A	66			yes								
stormyweather	Stormy Weather	5A	67			yes						1	207	
teafortwo	Tea for Two	5A	68			yes								
tenderly	Tenderly [WM]	5A	69	WM	WM	yes			9		Junior	1	207	yes
ladyisatramp	The Lady Is a Tramp	5A	70			yes						3	146	
manilove	The Man I Love	5A	71			yes								
nearnessofyou	The Nearness of You [WM]	5A	72	WM	WM	yes			5		Sophomore	2	163	yes
wayyoulooktonight	The Way You Look Tonight	5A	73		W	no			8		Sophomore|Junior			yes
verythoughtofyou	The Very Thought of You	5A	74			yes								
thesefoolishthings	These Foolish Things	5A	75			yes								
theycanttakethatawayfromme	They Can't Take That Away from Me	5A	76			yes						2	163	
timeaftertime	Time After Time	5A	77			yes								
whatsnew	What's New? [WM]	5A	78	WM	WM	yes		11			Senior	2	163	yes
willowweepforme	Willow Weep For Me	5A	79		W	no			5		Junior			yes
yougotomyhead	You Go to My Head	5A	80			yes								
alfie	Alfie	5B	1			yes								
allornothingatall	All or Nothing At All	5B	2			yes								
nightingalesanginberkeleysquare	A Nightingale Sang in Berkeley Square	5B	3			yes								
alltheway	All the Way	5B	4			yes								
astimegoesby	As Time Goes By	5B	5			yes								yes
atlast	At Last	5B	6			yes						3	146	
besamemucho	Besame Mucho	5B	7			yes						2	163	
betweenthedevilandthedeepbluesea	Between the Devil and the Deep Blue Sea	5B	8			yes								
bewitched	Bewitched	5B	9			yes								
bluesinthenight	Blues in the Night	5B	10			yes								
borntobeblue	Born to Be Blue	5B	11			yes								
crazyhecallsme	Crazy He Calls Me	5B	12			yes								
daydream	Day Dream	5B	13			yes								
detourahead	Detour Ahead	5B	14			yes								
dindi	Dindi	5B	15			yes								
dontexplain	Don’t Explain	5B	16			yes								
estate	Estate	5B	17			yes								
fineandmellow	Fine and Mellow	5B	18			yes								
foolsrushin	Fools Rush in	5B	19			yes								
gethappy	Get Happy	5B	20			yes						2	163	
howaboutyou	How About You	5B	21			yes								
iconcentrateonyou	I Concentrate on You	5B	22			yes								
icouldwriteabook	I Could Write a Book	5B	23		W	no			5		Sophomore			yes
igetakickoutofyou	I Get a Kick Out of You	5B	24			yes								
iwishyoulove	I Wish You Love	5B	25			yes								
illbeseeingyou	I'll Be Seeing You	5B	26			yes								
illclosemyeyes	I'll Close My Eyes	5B	27			yes								
imbeginningtoseethelight	I'm Beginning to See the Light	5B	28			yes						1	207	
imoldfashioned	I'm Old Fashioned	5B	29			yes						1	207	
ivegotacrushonyou	I've Got a Crush on You	5B	30			yes								
ivegottheworldonastring	I've Got the World on a String	5B	31			yes								
ivegotyouundermyskin	I've Got You Under My Skin	5B	32			yes								
ifihadyou	If I Had You	5B	33			yes								
imagination	Imagination	5B	34			yes								
intheweesmallhoursofthemorning	In the Wee Small Hours of the Morning	5B	35			yes								
isntitromantic	Isn't It Romantic	5B	36			yes								
itsallrightwithme	It's All Right with Me	5B	37			yes								
itsonlyapapermoon	It's Only a Paper Moon	5B	38			yes								
justintime	Just in Time	5B	39			yes								
littlegirlblue	Little Girl Blue	5B	40			yes								
lotusblossom	Lotus Blossom	5B	41			yes								
lovemeorleaveme	Love Me or Leave Me	5B	42			yes								
lover	Lover	5B	43			yes								
lushlife	Lush Life	5B	44			yes					Senior			
makinwhoopee	Makin' Whoopee	5B	45			yes								
morethanyouknow	More Than You Know	5B	46			yes								
myheartstoodstill	My Heart Stood Still	5B	47			yes								
myship	My Ship	5B	48			yes								
olddevilmoon	Old Devil Moon	5B	49			yes								
outofthisworld	Out of This World	5B	50			yes								
passionflower	Passion Flower	5B	51			yes								
septembersong	September Song	5B	52			yes								
shesfunnythatway	She's Funny That Way	5B	53			yes								
somebodylovesme	Somebody Loves Me	5B	54			yes								
sweetlorraine	Sweet Lorraine	5B	55			yes								
teachmetonight	Teach Me Tonight	5B	56			yes								
thatoldblackmagic	That Old Black Magic	5B	57			yes						1	207	
thatsall	That's All	5B	58			yes								
endofaloveaffair	The End Of A Love Affair	5B	59			yes						1	207	
goodlife	The Good Life	5B	60			yes								
moreiseeyou	The More I See You	5B	61			yes								
surreywiththefringeontop	The Surrey with the Fringe On Top	5B	62			yes								
thiscantbelove	This Can't Be Love	5B	63			yes								
toomarvelousforwords	Too Marvelous for Words	5B	64			yes								
violetsforyourfurs	Violets for Your Furs	5B	65			yes								
watchwhathappens	Watch What Happens	5B	66		W	no			6		Sophomore			
wellbetogetheragain	We'll Be Together Again	5B	67			yes								
whatadifferenceadaymade	What a Difference a Day Made	5B	68			yes						3	146	
whenifallinlove	When I Fall in Love	5B	69		WM	no			6		Sophomore	1	207	yes
whensunnygetsblue	When Sunny Gets Blue	5B	70			yes								
whenyourloverhasgone	When Your Lover Has Gone	5B	71			yes								
whereorwhen	Where or When	5B	72			yes								
willyoustillbemine	Will You Still Be Mine	5B	73			yes								
witchcraft	Witchcraft	5B	74		W	no			5		Junior			
wivesandlovers	Wives and Lovers	5B	75			yes								
youmustbelieveinspring	You Must Believe in Spring	5B	76			yes								
youtookadvantageofme	You Took Advantage of Me	5B	77			yes								
youvechanged	You've Changed	5B	78			yes						1	207	
flowerisalovesomething	A Flower Is a Lovesome Thing	5C	1			yes								
timeforlove	A Time for Love	5C	2			yes								
amiblue	Am I Blue	5C	3			yes								
aslongasilive	As Long As I Live	5C	4			yes								
beginthebeguine	Begin the Beguine	5C	5			yes								
blackcoffee	Black Coffee	5C	6			yes				2		4	124	
blameitonmyyouth	Blame It on My Youth	5C	7			yes								
blueroom	Blue Room	5C	8			yes								
canthelplovindatman	Can’t Help Lovin’ Dat Man	5C	9			yes						1	207	
cheektocheek	Cheek to Cheek	5C	10			yes						3	146	
comeslove	Comes Love	5C	11			yes						8	79	
crymeariver	Cry Me a River	5C	12			yes						1	207	
dancinginthedark	Dancing in the Dark	5C	13			yes								
daybyday	Day By Day	5C	14			yes								
dayindayout	Day In, Day Out	5C	15			yes								
deedido	Deed I Do	5C	16			yes								
dontworryboutme	Don't Worry 'Bout Me	5C	17			yes								
earlyautumn	Early Autumn	5C	18			yes								
fascinatingrhythm	Fascinating Rhythm	5C	19			yes								
fever	Fever	5C	20			yes						1	207	
fineanddandy	Fine and Dandy	5C	21			yes								
forallweknow	For All We Know	5C	22			yes								
forheavenssake	For Heaven’s Sake	5C	23			yes						6	94	yes
forsentimentalreasons	For Sentimental Reasons	5C	24			yes								
fromthismomenton	From This Moment On	5C	25			yes								
girltalk	Girl Talk	5C	26			yes								
gladtobeunhappy	Glad to Be Unhappy	5C	27			yes								
goodbye	Goodbye	5C	28			yes								
happinessisathingcalledjoe	Happiness Is a Thing Called Joe	5C	29			yes								
iguessillhangmytearsouttodry	I Guess I'll Hang My Tears Out To Dry	5C	30			yes								
ihadntanyonetillyou	I Hadn't Anyone Till You	5C	31			yes								
ileftmyheartinsanfrancisco	I Left My Heart in San Francisco	5C	32			yes								
ilovesyouporgy	I Loves You Porgy	5C	33			yes								
iwanttotalkaboutyou	I Want to Talk About You	5C	34			yes								
illbearound	I'll Be Around	5C	35			yes								
iveneverbeeninlovebefore	I've Never Been in Love Before	5C	36			yes								
illwind	Ill Wind	5C	37			yes								
inthestillofthenight	In the Still of the Night	5C	38			yes								
itaintnecessarilyso	It Ain't Necessarily So	5C	39			yes								
itseasytoremember	It's Easy to Remember	5C	40			yes								
itsthetalkofthetown	It's the Talk of the Town	5C	41			yes								
ivegrownaccustomedtoherface	I've Grown Accustomed to Her Face	5C	42			yes								
lastnightwhenwewereyoung	Last Night When We Were Young	5C	43			yes								
lovewalkedin	Love Walked In	5C	44			yes								
meaningoftheblues	Meaning of the Blues	5C	45			yes								
midnightsun	Midnight Sun	5C	46			yes								
moonriver	Moon River	5C	47			yes								
nancy	Nancy (with the Laughing Face)	5C	48			yes								
oneformybaby	One for My Baby (And One More for the Road)	5C	49			yes								
pickyourselfup	Pick Yourself Up	5C	50			yes								
route66	Route 66	5C	51			yes				3		1	207	
septemberintherain	September in the Rain	5C	52			yes								
sinceifellforyou	Since I Fell for You	5C	53			yes								
someothertime	Some Other Time	5C	54			yes								
strangefruit	Strange Fruit	5C	55			yes								
takingachanceonlove	Taking a Chance on Love	5C	56			yes						1	207	
thatoldfeeling	That Old Feeling	5C	57			yes								
folkswholiveonthehill	The Folks Who Live on the Hill	5C	58			yes								
manthatgotaway	The Man That Got Away	5C	59			yes								
touchofyourlips	The Touch of Your Lips	5C	60			yes								
themthereeyes	Them There Eyes	5C	61			yes								
thenillbetiredofyou	Then I'll Be Tired of You	5C	62			yes								
theresasmallhotel	There's a Small Hotel	5C	63			yes								
unforgettable	Unforgettable	5C	64			yes								
whatalittlemoonlightcando	What a Little Moonlight Can Do	5C	65			yes						6	94	
whocaniturnto	Who Can I Turn To?	5C	66			yes						2	163	
wrapyourtroublesindreams	Wrap Your Troubles in Dreams	5C	67			yes								
youaretoobeautiful	You Are Too Beautiful	5C	68			yes								
youredrivingmecrazy	You're Driving Me Crazy (What Did I Do?	5C	69			yes								
