name_as_it_also_circulates	seated_as	seat	basis
Back Home Again In Indiana	Indiana	4 #37	FM.6
Black Orpheus	Manha De Carnaval	1A #31	FM.6
Blue Bolivar Blues	Bolivar Blues	3 #95	FM.6
Blue Trane	Blue Train	1A #74	FM.6
Body & Soul	Body and Soul	1A #7	FM.6
Burt Covers Bud	Bean and the Boys	3 #8	FM.6
Can't Help Lovin That Man	Can't Help Lovin' Dat Man	5C #9	FM.6
Can't Take That Away From Me	They Can't Take That Away from Me	5A #76	FM.6
Chega De Saudade	No More Blues	2 #50	FM.6
A Day In The Life Of A Fool	Manha De Carnaval	1A #31	FM.6
Dippermouth Blues	Sugar Foot Stomp	4 #79	FM.6
Do Nothing Till You Hear From Me	Do Nothin' Till You Hear from Me	5A #10	FM.6
Drinkin' And Drivin	' 502 Blues	3 #3	FM.6
Duke's Place	C Jam Blues	4 #14	FM.6
East Of The Sun And West Of The Moon	East of the Sun	5A #12	FM.6
Eternal Triangle	The Eternal Triangle	2 #116	FM.6
Fantasy In D	Ugetsu	3 #84	FM.6
Foggy Day	A Foggy Day	1B #1	FM.6
Freddie the Freeloader	Freddie Freeloader	1A #76	FM.6
Girl From Ipanema	The Girl From Ipanema	1A #57	FM.6
I Don't Stand	A Ghost of a Chance	5A #21	FM.6
I'll Be Glad When You're Dead	You Rascal You	4 #99	FM.6
In A Mellow Tone	In a Mellotone	4 #35	FM.6
Indian Love Song	Cherokee	1A #11	FM.6
Joe's Blues	Homestretch	3 #100	FM.6
Jumpin' At The Woodside	Jumpin' at the Woodside	4 #44	FM.6
Keeps Rainin' All the Time	Stormy Weather	5A #67	FM.6
Les Feuilles Mortes	Autumn Leaves	1A #5	FM.6
Morning Of The Carnival	Manha De Carnaval	1A #31	FM.6
My Favourite Things	My Favorite Things	1A #36	FM.6
My Secret Love	Secret Love	5A #59	FM.6
Night in Tunisia,	A Night in Tunisia	1A #41	FM.6
No Blues	Pfrancing	2 #104	FM.6
No Me Esqueca	Recordame	1A #45	FM.6
One And Four	Mr. Day	3 #106	FM.6
Our Love Is Here To Stay	Love Is Here to Stay	1B #32	FM.6
Quiet Nights of Quiet Stars	Corcovado	1A #13	FM.6
Samba De Orpheus	Samba De Orfeu	2 #61	FM.6
Senor Blues	Señor Blues	2 #109	FM.6
Shadow Of The Smile	The Shadow of Your Smile	1B #49	FM.6
Take 5	Take Five	1B #47	FM.6
The Theme From Black Orpheus	Manha De Carnaval	1A #31	FM.6
Tico No Fuba	Tico Tico	2 #76	FM.6
Unit 7	Unit Seven	2 #79	FM.6
Waltz for Debbie	Waltz for Debby	2 #82	FM.6
What A Difference A Day Makes	What a Difference a Day Made	5B #68	FM.6
Where Angels Fear to Tread	Fools Rush in	5B #19	FM.6
Budo	Hallucinations	3 #38	FM.6
Corner Pocket	Until I Met You	4 #86	FM.6
Dr. Jekyll	Dr. Jackle	3 #99	FM.6
Rifftide	Hackensack	2 #27	FM.6
Wee	Allen's Alley	3 #128	FM.6
Afternoon In Paris	Afternoon in Paris	2 #3	variant
and West of the Moon	East of the Sun	5A #12	variant
Autumn Leaves (Les Feuilles Mortes)	Autumn Leaves	1A #5	variant
Back Home Again In Indiana	Indiana	4 #37	variant
Bean And The Boys (AKA Burt Covers Bud)	Bean and the Boys	3 #8	variant
Bessie's Blues	Bessie's Blues	2 #93	variant
Blues Walk, The	The Blues Walk	1A #82	variant
But Don't Tease Me	Just Squeeze Me	4 #45	variant
Can't Help Lovin That Man	Can’t Help Lovin’ Dat Man	5C #9	variant
Cherokee (Indian Love Song)	Cherokee	1A #11	variant
Corcovado (Quiet Nights of Quiet Stars)	Corcovado	1A #13	variant
Darn That Dream	Darn That Dream	5A #9	variant
E.S.P.	E.S.P.	2 #19	variant
Fee Fi Fo Fum	Fee-Fi-Fo-Fum	2 #21	variant
Fly Me to the Moon (In Other Words)	Fly Me to the Moon	5A #19	variant
Fools Rush in (Where Angels Fear to Tread)	Fools Rush in	5B #19	variant
Georgia	Georgia on My Mind	1B #17	variant
Hey Little Girl	Wives and Lovers	5B #75	variant
I Can't Get Started (with You)	I Can't Get Started	1B #23	variant
I Could Write A Book	I Could Write a Book	5B #23	variant
I Don't Stand A	Ghost of a Chance	5A #21	variant
(I Don't Stand A) Ghost of a Chance	Ghost of a Chance	5A #21	variant
If I Could Be with You (One Hour Tonight)	If I Could Be with You	4 #32	variant
If I Were A Bell	If I Were a Bell	2 #33	variant
(I'll Be Glad When You're Dead) You Rascal You	You Rascal You	4 #99	variant
In a Mellotone	In a Mellotone	4 #35	variant
In Other Words	Fly Me to the Moon	5A #19	variant
Indiana	Indiana	4 #37	variant
Indiana (Back Home Again in Indiana)	Indiana	4 #37	variant
It Don't Mean A Thing	It Don't Mean a Thing	4 #38	variant
It Had To Be You	It Had to Be You	5A #38	variant
It Might As Well Be Spring	It Might As Well Be Spring	5A #39	variant
Jumpon' At The Woodside	Jumpin' at the Woodside	4 #44	variant
Just Squeeze Me (But Don't Tease Me)	Just Squeeze Me	4 #45	variant
Lover Man	Lover Man	5A #43	variant
Lover Man (Oh, Where Can You Be)	Lover Man	5A #43	variant
Milestones (1958, modal)	Milestones (modal)	1A #33	variant
Moonlight In Vermont	Moonlight in Vermont	5A #48	variant
Nearness of You, The	The Nearness of You	5A #72	variant
Night Has a Thousand Eyes, The	The Night Has a Thousand Eyes	1B #48	variant
No Me Esqueca	Recordame	1A #45	variant
No More Blues	No More Blues	2 #50	variant
No More Blues (Chega de Saudade)	No More Blues	2 #50	variant
On The Sunny Side Of The Street	On the Sunny Side of the Street	4 #58	variant
One Hour Tonight	If I Could Be with You	4 #32	variant
Ooh	What a Little Moonlight Can Do	5C #65	variant
(Ooh) What a Little Moonlight Can Do	What a Little Moonlight Can Do	5C #65	variant
Prelude To A Kiss	Prelude to a Kiss	5A #57	variant
Serpent's Tooth, The	The Serpent's Tooth	3 #140	variant
Seven Steps To Heaven	Seven Steps To Heaven	2 #62	variant
Shadow of Your Smile	The Shadow of Your Smile	1B #49	variant
Someone To Watch Over Me	Someone to Watch Over Me	5A #64	variant
Song is You, The	The Song Is You	1B #50	variant
Star Dust	Star Dust	4 #76	variant
Stompin At The Savoy	Stompin' at the Savoy	4 #77	variant
Stormy Weather (Keeps Rainin' All the Time)	Stormy Weather	5A #67	variant
Sugar	Sugar	2 #70	variant
Tico No Fuba	Tico Tico	2 #76	variant
Tico Tico (Tico No Fuba)	Tico Tico	2 #76	variant
UMMG	Upper Manhattan Medical Group	2 #81	variant
Upper Manhattan Medical Group (UMMG)	Upper Manhattan Medical Group	2 #81	variant
The Way You Look Tonight	The Way You Look Tonight	5A #74	variant
Wee (Allen's Alley)	Allen's Alley	3 #128	variant
What Did I Do?	You're Driving Me Crazy (What Did I Do?)	5C #69	variant
What's New	What's New?	5A #78	variant
When I Fall In Love	When I Fall in Love	5B #69	variant
Where Can You Be	Lover Man	5A #43	variant
Willow Weep For Me	Willow Weep For Me	5A #79	variant
with You	I Can't Get Started	1B #23	variant
Wives and Lovers (Hey Little Girl)	Wives and Lovers	5B #75	variant
Yes Or No	Yes Or No	2 #89	variant
You'd Be So Nice to Come Home To	You'd Be So Nice to Come Home To	2 #91	variant
Bewitched, Bothered, And Bewildered	Bewitched	5B #9	chapter fold, mechanical
Do Nothing 'Til You Hear From Me	Do Nothin' Till You Hear from Me	5A #10	chapter fold, mechanical
Don't Worry About Me	Don't Worry 'Bout Me	5C #17	chapter fold, mechanical
Every Time We Say Goodbye	Ev'ry Time We Say Goodbye	5A #17	chapter fold, mechanical
Folks Who Live On The Hill	The Folks Who Live on the Hill	5C #58	chapter fold, mechanical
The Meaning Of The Blues	Meaning of the Blues	5C #45	chapter fold, mechanical
That Old Devil Moon	Old Devil Moon	5B #49	chapter fold, mechanical
In My Solitude	Solitude	5A #63	chapter fold, judgment
I've Grown Accustomed To Your Face	I've Grown Accustomed to Her Face	5C #41	chapter fold, judgment
