index	seat	title	basis	provenance	idiom	rhythmic_frame	form_block	harmonic_terrain	latin_integrated
1A	1	Afro Blue	classified; prints on the style page	Latin American composition	Latin jazz - Afro-Cuban	Afro 6/8		modal or vamp	
1A	2	All of Me	classified; prints on the style page	Songbook	Straight-ahead				
1A	3	All The Things You Are	classified; prints on the style page	Songbook	Straight-ahead				
1A	4	Alone Together	classified; prints on the style page	Songbook	Straight-ahead				
1A	5	Autumn Leaves	classified; prints on the style page	Imported song	Straight-ahead				
1A	6	Blue Bossa	classified; prints on the style page	Jazz composition	Hard bop	bossa nova			yes
1A	7	Body and Soul	classified; prints on the style page	Songbook	Straight-ahead				
1A	8	Bye Bye Blackbird	classified; prints on the style page	Songbook	Straight-ahead				
1A	9	Cantaloupe Island	classified; prints on the style page	Jazz composition	Soul jazz / boogaloo	boogaloo		modal or vamp	
1A	10	Caravan	classified; prints on the style page	Jazz composition	Swing	Afro-Cuban			yes
1A	11	Cherokee	classified; prints on the style page	Imported song	Straight-ahead				
1A	12	Confirmation	classified; prints on the style page	Jazz composition	Bebop				
1A	13	Corcovado	classified; prints on the style page	Latin American composition	Latin jazz - Brazilian	bossa nova			
1A	14	Days of Wine and Roses	classified; prints on the style page	Songbook	Straight-ahead				
1A	15	Donna Lee	classified; prints on the style page	Jazz composition	Bebop				
1A	16	Doxy	classified; prints on the style page	Jazz composition	Hard bop				
1A	17	Four	classified; prints on the style page	Jazz composition	Hard bop				
1A	18	Have You Met Miss Jones	classified; prints on the style page	Songbook	Straight-ahead				
1A	19	Here's That Rainy Day	classified; prints on the style page	Songbook	Straight-ahead				
1A	20	How High the Moon	classified; prints on the style page	Songbook	Straight-ahead				
1A	21	I Love You	classified; prints on the style page	Songbook	Straight-ahead				
1A	22	Impressions	classified; prints on the style page	Jazz composition	Modal			modal or vamp	
1A	23	In a Sentimental Mood	classified; prints on the style page	Jazz composition	Swing				
1A	24	Invitation	classified; prints on the style page	Songbook	Straight-ahead				
1A	25	It Could Happen to You	classified; prints on the style page	Songbook	Straight-ahead				
1A	26	Joy Spring	classified; prints on the style page	Jazz composition	Hard bop				
1A	27	Just Friends	classified; prints on the style page	Songbook	Straight-ahead				
1A	28	Like Someone in Love	classified; prints on the style page	Songbook	Straight-ahead				
1A	29	Little Sunflower	classified; prints on the style page	Jazz composition	Modal	bossa nova		modal or vamp	yes
1A	30	Maiden Voyage	classified; prints on the style page	Jazz composition	Modal	even eighths		modal or vamp	
1A	31	Manha De Carnaval	classified; prints on the style page	Latin American composition	Latin jazz - Brazilian	samba-cancao			
1A	32	Mercy, Mercy, Mercy	classified; prints on the style page	Jazz composition	Soul jazz / boogaloo	gospel			
1A	33	Milestones (modal)	classified; prints on the style page	Jazz composition	Modal			modal or vamp	
1A	34	Misty	classified; prints on the style page	Jazz composition	Mainstream				
1A	35	Moment's Notice	classified; prints on the style page	Jazz composition	Hard bop				
1A	36	My Favorite Things	classified; prints on the style page	Songbook	Straight-ahead	jazz waltz			
1A	37	My Funny Valentine	classified; prints on the style page	Songbook	Straight-ahead				
1A	38	My Romance	classified; prints on the style page	Songbook	Straight-ahead				
1A	39	Nardis	classified; prints on the style page	Jazz composition	Modal			modal or vamp	
1A	40	Night and Day	classified; prints on the style page	Songbook	Straight-ahead				
1A	41	Night in Tunisia	classified; prints on the style page	Jazz composition	Bebop	Afro-Cuban			yes
1A	42	On Green Dolphin Street	classified; prints on the style page	Songbook	Straight-ahead	Afro-Cuban			yes
1A	43	Ornithology	classified; prints on the style page	Jazz composition	Bebop				
1A	44	Out of Nowhere	classified; prints on the style page	Songbook	Straight-ahead				
1A	45	Recordame	classified; prints on the style page	Jazz composition	Hard bop	bossa nova			yes
1A	46	'Round Midnight	classified; prints on the style page	Jazz composition	Bebop				
1A	47	Satin Doll	classified; prints on the style page	Jazz composition	Swing				
1A	48	So What	classified; prints on the style page	Jazz composition	Modal			modal or vamp	
1A	49	Softly As in a Morning Sunrise	classified; prints on the style page	Songbook	Straight-ahead	Afro-Cuban			yes
1A	50	Solar	classified; prints on the style page	Jazz composition	Hard bop				
1A	51	Someday My Prince Will Come	classified; prints on the style page	Songbook	Straight-ahead	jazz waltz			
1A	52	Song For My Father	classified; prints on the style page	Jazz composition	Hard bop	bossa nova			yes
1A	53	St. Thomas	classified; prints on the style page	Jazz composition	Hard bop	calypso			yes
1A	54	Stella By Starlight	classified; prints on the style page	Songbook	Straight-ahead				
1A	55	Summertime	classified; prints on the style page	Songbook	Straight-ahead				
1A	56	"Take the ""A"" Train"	classified; prints on the style page	Jazz composition	Swing				
1A	57	The Girl From Ipanema	classified; prints on the style page	Latin American composition	Latin jazz - Brazilian	bossa nova			
1A	58	There Is No Greater Love	classified; prints on the style page	Songbook	Straight-ahead				
1A	59	There Will Never Be Another You	classified; prints on the style page	Songbook	Straight-ahead				
1A	60	Tune Up	classified; prints on the style page	Jazz composition	Bebop				
1A	61	Watermelon Man	classified; prints on the style page	Jazz composition	Soul jazz / boogaloo	boogaloo		modal or vamp	
1A	62	Wave	classified; prints on the style page	Latin American composition	Latin jazz - Brazilian	bossa nova			
1A	63	Well You Needn't	classified; prints on the style page	Jazz composition	Bebop				
1A	64	What Is This Thing Called Love?	classified; prints on the style page	Songbook	Straight-ahead				
1A	65	Work Song	classified; prints on the style page	Jazz composition	Soul jazz / boogaloo	stop-time			
1A	66	Yesterdays	classified; prints on the style page	Songbook	Straight-ahead				
1A	67	You Don't Know What Love Is	classified; prints on the style page	Songbook	Straight-ahead				
1A	68	You Stepped Out of a Dream	classified; prints on the style page	Songbook	Straight-ahead				
1A	69	All Blues	classified; form block, counted at § VI.5.f	Jazz composition	Modal	jazz waltz	twelve-bar blues	modal or vamp	
1A	70	Au Privave	classified; form block, counted at § VI.5.f	Jazz composition	Bebop		twelve-bar blues		
1A	71	Bags' Groove	classified; form block, counted at § VI.5.f	Jazz composition	Bebop		twelve-bar blues		
1A	72	Billie’s Bounce	classified; form block, counted at § VI.5.f	Jazz composition	Bebop		twelve-bar blues		
1A	73	Blue Monk	classified; form block, counted at § VI.5.f	Jazz composition	Bebop		twelve-bar blues		
1A	74	Blue Train	classified; form block, counted at § VI.5.f	Jazz composition	Hard bop		twelve-bar blues		
1A	75	Blues For Alice	classified; form block, counted at § VI.5.f	Jazz composition	Bebop		twelve-bar blues		
1A	76	Freddie Freeloader	classified; form block, counted at § VI.5.f	Jazz composition	Hard bop		twelve-bar blues		
1A	77	Now's the Time	classified; form block, counted at § VI.5.f	Jazz composition	Bebop		twelve-bar blues		
1A	78	Sandu	classified; form block, counted at § VI.5.f	Jazz composition	Hard bop		twelve-bar blues		
1A	79	Sonnymoon For Two	classified; form block, counted at § VI.5.f	Jazz composition	Hard bop		twelve-bar blues		
1A	80	Straight No Chaser	classified; form block, counted at § VI.5.f	Jazz composition	Bebop		twelve-bar blues		
1A	81	Tenor Madness	classified; form block, counted at § VI.5.f	Jazz composition	Hard bop		twelve-bar blues		
1A	82	The Blues Walk	classified; form block, counted at § VI.5.f	Jazz composition	Hard bop		twelve-bar blues		
1A	83	Things Ain't What They Used to Be	classified; form block, counted at § VI.5.f	Jazz composition	Swing		twelve-bar blues		
1A	84	Walkin'	classified; form block, counted at § VI.5.f	Jazz composition	Hard bop		twelve-bar blues		
1A	85	Equinox	classified; form block, counted at § VI.5.f	Jazz composition	Modal		minor blues	modal or vamp	
1A	86	Footprints	classified; form block, counted at § VI.5.f	Jazz composition	Post-bop	6/4	minor blues		
1A	87	Mr. P.C.	classified; form block, counted at § VI.5.f	Jazz composition	Hard bop		minor blues		
1A	88	Anthropology	classified; form block, counted at § VI.5.f	Jazz composition	Bebop		rhythm changes		
1A	89	Cottontail	classified; form block, counted at § VI.5.f	Jazz composition	Swing		rhythm changes		
1A	90	I Got Rhythm	classified; form block, counted at § VI.5.f	Songbook	Straight-ahead		rhythm changes		
1A	91	Moose the Mooche	classified; form block, counted at § VI.5.f	Jazz composition	Bebop		rhythm changes		
1A	92	Oleo	classified; form block, counted at § VI.5.f	Jazz composition	Hard bop		rhythm changes		
1A	93	Rhythm-A-Ning	classified; form block, counted at § VI.5.f	Jazz composition	Bebop		rhythm changes		
1B	1	A Foggy Day	classified; prints on the style page	Songbook	Straight-ahead				
1B	2	Airegin	classified; prints on the style page	Jazz composition	Hard bop				
1B	3	All of You	classified; prints on the style page	Songbook	Straight-ahead				
1B	4	Angel Eyes	classified; prints on the style page	Songbook	Straight-ahead				
1B	5	Beatrice	classified; prints on the style page	Jazz composition	Post-bop				
1B	6	Beautiful Love	classified; prints on the style page	Songbook	Straight-ahead				
1B	7	Bluesette	classified; prints on the style page	Jazz composition	Mainstream	jazz waltz			
1B	8	But Beautiful	classified; prints on the style page	Songbook	Straight-ahead				
1B	9	But Not for Me	classified; prints on the style page	Songbook	Straight-ahead				
1B	10	Ceora	classified; prints on the style page	Jazz composition	Hard bop	bossa nova			yes
1B	11	Come Rain or Come Shine	classified; prints on the style page	Songbook	Straight-ahead				
1B	12	Desafinado	classified; prints on the style page	Latin American composition	Latin jazz - Brazilian	bossa nova			
1B	13	Dolphin Dance	classified; prints on the style page	Jazz composition	Post-bop				
1B	14	Don't Get Around Much Anymore	classified; prints on the style page	Jazz composition	Swing				
1B	15	Embraceable You	classified; prints on the style page	Songbook	Straight-ahead				
1B	16	Freedom Jazz Dance	classified; prints on the style page	Jazz composition	Jazz-rock / fusion	even eighths		modal or vamp	
1B	17	Georgia on My Mind	classified; prints on the style page	Songbook	Straight-ahead				
1B	18	Gone with the Wind	classified; prints on the style page	Songbook	Straight-ahead				
1B	19	Groovin' High	classified; prints on the style page	Jazz composition	Bebop				
1B	20	Honeysuckle Rose	classified; prints on the style page	Jazz composition	Swing				
1B	21	How Deep Is the Ocean?	classified; prints on the style page	Songbook	Straight-ahead				
1B	22	How Insensitive	classified; prints on the style page	Latin American composition	Latin jazz - Brazilian	bossa nova			
1B	23	I Can't Get Started	classified; prints on the style page	Songbook	Straight-ahead				
1B	24	I Hear a Rhapsody	classified; prints on the style page	Songbook	Straight-ahead				
1B	25	I Remember You	classified; prints on the style page	Songbook	Straight-ahead				
1B	26	I'll Remember April	classified; prints on the style page	Songbook	Straight-ahead				
1B	27	In Your Own Sweet Way	classified; prints on the style page	Jazz composition	Cool / West Coast				
1B	28	It's You or No One	classified; prints on the style page	Songbook	Straight-ahead				
1B	29	Killer Joe	classified; prints on the style page	Jazz composition	Hard bop	soul-jazz vamp			
1B	30	Laura	classified; prints on the style page	Songbook	Straight-ahead				
1B	31	Love for Sale	classified; prints on the style page	Songbook	Straight-ahead	Afro-Cuban			yes
1B	32	Love Is Here to Stay	classified; prints on the style page	Songbook	Straight-ahead				
1B	33	Lullaby of Birdland	classified; prints on the style page	Jazz composition	Mainstream				
1B	34	Manteca	classified; prints on the style page	Jazz composition	Latin jazz - Afro-Cuban	Afro-Cuban			
1B	35	Meditation	classified; prints on the style page	Latin American composition	Latin jazz - Brazilian	bossa nova			
1B	36	Moanin'	classified; prints on the style page	Jazz composition	Soul jazz / boogaloo	gospel			
1B	37	My One and Only Love	classified; prints on the style page	Songbook	Straight-ahead				
1B	38	My Shining Hour	classified; prints on the style page	Songbook	Straight-ahead				
1B	39	Nica's Dream	classified; prints on the style page	Jazz composition	Hard bop	Afro-Cuban			yes
1B	40	One Note Samba	classified; prints on the style page	Latin American composition	Latin jazz - Brazilian	samba			
1B	41	Over the Rainbow	classified; prints on the style page	Songbook	Straight-ahead				
1B	42	Polka Dots and Moonbeams	classified; prints on the style page	Songbook	Straight-ahead				
1B	43	Scrapple from the Apple	classified; prints on the style page	Jazz composition	Bebop				
1B	44	Sophisticated Lady	classified; prints on the style page	Jazz composition	Swing				
1B	45	Speak Low	classified; prints on the style page	Songbook	Straight-ahead	Afro-Cuban			yes
1B	46	Star Eyes	classified; prints on the style page	Songbook	Straight-ahead	Afro-Cuban			yes
1B	47	Take Five	classified; prints on the style page	Jazz composition	Cool / West Coast	5/4			
1B	48	The Night Has a Thousand Eyes	classified; prints on the style page	Songbook	Straight-ahead	even eighths			
1B	49	The Shadow of Your Smile	classified; prints on the style page	Songbook	Straight-ahead	bossa nova			yes
1B	50	The Song Is You	classified; prints on the style page	Songbook	Straight-ahead				
1B	51	Triste	classified; prints on the style page	Latin American composition	Latin jazz - Brazilian	bossa nova			
1B	52	Yardbird Suite	classified; prints on the style page	Jazz composition	Bebop				
1B	53	Stolen Moments	classified; form block, counted at § VI.5.f	Jazz composition	Hard bop		minor blues		
2	1	A Child Is Born	classified; prints on the style page	Jazz composition	Mainstream	jazz waltz			
2	2	Adam's Apple	classified; prints on the style page	Jazz composition	Post-bop	even eighths			
2	3	Afternoon in Paris	classified; prints on the style page	Jazz composition	Cool / West Coast				
2	4	Alice In Wonderland	classified; prints on the style page	Songbook	Straight-ahead	jazz waltz			
2	5	Along Came Betty	classified; prints on the style page	Jazz composition	Hard bop				
2	6	Be-Bop	classified; prints on the style page	Jazz composition	Bebop				
2	7	Bemsha Swing	classified; prints on the style page	Jazz composition	Bebop				
2	8	Bernie's Tune	classified; prints on the style page	Jazz composition	Cool / West Coast				
2	9	Blue in Green	classified; prints on the style page	Jazz composition	Modal				
2	10	Blues March	classified; prints on the style page	Jazz composition	Hard bop	march			
2	11	Bohemia After Dark	classified; prints on the style page	Jazz composition	Hard bop				
2	12	Bolivia	classified; prints on the style page	Jazz composition	Post-bop	samba			yes
2	13	Con Alma	classified; prints on the style page	Jazz composition	Latin jazz - Afro-Cuban	Afro-Cuban			
2	14	Countdown	classified; prints on the style page	Jazz composition	Post-bop				
2	15	Daahoud	classified; prints on the style page	Jazz composition	Hard bop				
2	16	Dat Dere	classified; prints on the style page	Jazz composition	Soul jazz / boogaloo	gospel			
2	17	Django	classified; prints on the style page	Jazz composition	Cool / West Coast				
2	18	Epistrophy	classified; prints on the style page	Jazz composition	Bebop				
2	19	E.S.P.	classified; prints on the style page	Jazz composition	Post-bop				
2	20	Evidence	classified; prints on the style page	Jazz composition	Bebop				
2	21	Fee-Fi-Fo-Fum	classified; prints on the style page	Jazz composition	Post-bop				
2	22	Flamingo	classified; prints on the style page	Songbook	Straight-ahead	Afro-Cuban			yes
2	23	Four On Six	classified; prints on the style page	Jazz composition	Hard bop				
2	24	Giant Steps	classified; prints on the style page	Jazz composition	Post-bop				
2	25	Good Bait	classified; prints on the style page	Jazz composition	Bebop				
2	26	Gregory Is Here	classified; prints on the style page	Jazz composition	Hard bop	jazz waltz			
2	27	Hackensack	classified; prints on the style page	Jazz composition	Bebop				
2	28	Half Nelson	classified; prints on the style page	Jazz composition	Bebop				
2	29	Hi-Fly	classified; prints on the style page	Jazz composition	Hard bop				
2	30	Hot House	classified; prints on the style page	Jazz composition	Bebop				
2	31	I Mean You	classified; prints on the style page	Jazz composition	Bebop				
2	32	I Remember Clifford	classified; prints on the style page	Jazz composition	Hard bop				
2	33	If I Were a Bell	classified; prints on the style page	Songbook	Straight-ahead				
2	34	In Walked Bud	classified; prints on the style page	Jazz composition	Bebop				
2	35	Infant Eyes	classified; prints on the style page	Jazz composition	Post-bop				
2	36	Inner Urge	classified; prints on the style page	Jazz composition	Post-bop				
2	37	Isfahan	classified; prints on the style page	Jazz composition	Swing				
2	38	Jordu	classified; prints on the style page	Jazz composition	Hard bop	Afro-Cuban			yes
2	39	Juju	classified; prints on the style page	Jazz composition	Post-bop			modal or vamp	
2	40	Lady Bird	classified; prints on the style page	Jazz composition	Bebop				
2	41	Lazy Bird	classified; prints on the style page	Jazz composition	Hard bop				
2	42	Little B's Poem	classified; prints on the style page	Jazz composition	Post-bop	jazz waltz			
2	43	Minority	classified; prints on the style page	Jazz composition	Bebop				
2	44	Monk's Dream	classified; prints on the style page	Jazz composition	Bebop				
2	45	Monk's Mood	classified; prints on the style page	Jazz composition	Bebop				
2	46	My Little Suede Shoes	classified; prints on the style page	Jazz composition	Bebop	calypso			yes
2	47	Naima	classified; prints on the style page	Jazz composition	Modal			modal or vamp	
2	48	Nefertiti	classified; prints on the style page	Jazz composition	Post-bop				
2	49	Never Let Me Go	classified; prints on the style page	Songbook	Straight-ahead				
2	50	No More Blues	classified; prints on the style page	Latin American composition	Latin jazz - Brazilian	samba			
2	51	Off Minor	classified; prints on the style page	Jazz composition	Bebop				
2	52	Oh, Lady Be Good!	classified; prints on the style page	Songbook	Straight-ahead				
2	53	Our Delight	classified; prints on the style page	Jazz composition	Bebop				
2	54	Pannonica	classified; prints on the style page	Jazz composition	Bebop				
2	55	Passion Dance	classified; prints on the style page	Jazz composition	Modal			modal or vamp	
2	56	Peace	classified; prints on the style page	Jazz composition	Hard bop				
2	57	Pent-Up House	classified; prints on the style page	Jazz composition	Hard bop				
2	58	Poinciana	classified; prints on the style page	Songbook	Straight-ahead	Afro-Cuban			yes
2	59	Red Clay	classified; prints on the style page	Jazz composition	Jazz-rock / fusion	funk		modal or vamp	
2	60	Ruby My Dear	classified; prints on the style page	Jazz composition	Bebop				
2	61	Samba De Orfeu	classified; prints on the style page	Latin American composition	Latin jazz - Brazilian	samba			
2	62	Seven Steps To Heaven	classified; prints on the style page	Jazz composition	Post-bop				
2	63	Sidewinder	classified; prints on the style page	Jazz composition	Soul jazz / boogaloo	boogaloo			
2	64	Sister Sadie	classified; prints on the style page	Jazz composition	Soul jazz / boogaloo				
2	65	Soul Eyes	classified; prints on the style page	Jazz composition	Hard bop				
2	66	Spain	classified; prints on the style page	Jazz composition	Jazz-rock / fusion	samba			yes
2	67	Speak No Evil	classified; prints on the style page	Jazz composition	Post-bop				
2	68	Stablemates	classified; prints on the style page	Jazz composition	Hard bop				
2	69	Strollin'	classified; prints on the style page	Jazz composition	Hard bop				
2	70	Sugar	classified; prints on the style page	Jazz composition	Soul jazz / boogaloo	funk			
2	71	Tangerine	classified; prints on the style page	Songbook	Straight-ahead				
2	72	The Moontrane	classified; prints on the style page	Jazz composition	Post-bop				
2	73	The Peacocks	classified; prints on the style page	Jazz composition	Mainstream				
2	74	The Preacher	classified; prints on the style page	Jazz composition	Soul jazz / boogaloo	gospel			
2	75	This I Dig Of You	classified; prints on the style page	Jazz composition	Hard bop				
2	76	Tico Tico	classified; prints on the style page	Latin American composition	Latin jazz - Brazilian	choro			
2	77	Tin Tin Deo	classified; prints on the style page	Jazz composition	Latin jazz - Afro-Cuban	Afro-Cuban			
2	78	Un Poco Loco	classified; prints on the style page	Jazz composition	Latin jazz - Afro-Cuban	Afro 6/8			
2	79	Unit Seven	classified; prints on the style page	Jazz composition	Hard bop				
2	80	Up Jumped Spring	classified; prints on the style page	Jazz composition	Hard bop	jazz waltz			
2	81	Upper Manhattan Medical Group	classified; prints on the style page	Jazz composition	Swing				
2	82	Waltz for Debby	classified; prints on the style page	Jazz composition	Post-bop	jazz waltz			
2	83	When Lights Are Low	classified; prints on the style page	Jazz composition	Swing				
2	84	Whisper Not	classified; prints on the style page	Jazz composition	Hard bop				
2	85	Windows	classified; prints on the style page	Jazz composition	Post-bop	jazz waltz			
2	86	Witch Hunt	classified; prints on the style page	Jazz composition	Post-bop				
2	87	Without a Song	classified; prints on the style page	Songbook	Straight-ahead				
2	88	Woody'n You	classified; prints on the style page	Jazz composition	Bebop				
2	89	Yes Or No	classified; prints on the style page	Jazz composition	Post-bop				
2	90	You and the Night and the Music	classified; prints on the style page	Songbook	Straight-ahead				
2	91	You'd Be So Nice to Come Home To	classified; prints on the style page	Songbook	Straight-ahead				
2	92	Barbados	classified; form block, counted at § VI.5.f	Jazz composition	Bebop		twelve-bar blues		
2	93	Bessie's Blues	classified; form block, counted at § VI.5.f	Jazz composition	Hard bop		twelve-bar blues		
2	94	Birdlike	classified; form block, counted at § VI.5.f	Jazz composition	Hard bop		twelve-bar blues		
2	95	Blue 'N' Boogie	classified; form block, counted at § VI.5.f	Jazz composition	Bebop		twelve-bar blues		
2	96	Blue Seven	classified; form block, counted at § VI.5.f	Jazz composition	Hard bop		twelve-bar blues		
2	97	Blues On The Corner	classified; form block, counted at § VI.5.f	Jazz composition	Post-bop		twelve-bar blues		
2	98	Cheryl	classified; form block, counted at § VI.5.f	Jazz composition	Bebop		twelve-bar blues		
2	99	Cool Blues	classified; form block, counted at § VI.5.f	Jazz composition	Bebop		twelve-bar blues		
2	100	Cousin Mary	classified; form block, counted at § VI.5.f	Jazz composition	Hard bop		twelve-bar blues		
2	101	Eighty One	classified; form block, counted at § VI.5.f	Jazz composition	Post-bop	even eighths	twelve-bar blues		
2	102	Gingerbread Boy	classified; form block, counted at § VI.5.f	Jazz composition	Hard bop		twelve-bar blues		
2	103	Misterioso	classified; form block, counted at § VI.5.f	Jazz composition	Bebop		twelve-bar blues		
2	104	Pfrancing	classified; form block, counted at § VI.5.f	Jazz composition	Hard bop		twelve-bar blues		
2	105	The Kicker	classified; form block, counted at § VI.5.f	Jazz composition	Hard bop		twelve-bar blues		
2	106	Two Bass Hit	classified; form block, counted at § VI.5.f	Jazz composition	Bebop		twelve-bar blues		
2	107	West Coast Blues	classified; form block, counted at § VI.5.f	Jazz composition	Hard bop	jazz waltz	twelve-bar blues		
2	108	Birk's Works	classified; form block, counted at § VI.5.f	Jazz composition	Bebop		minor blues		
2	109	Señor Blues	classified; form block, counted at § VI.5.f	Jazz composition	Hard bop	Afro 6/8	minor blues		yes
2	110	C.T.A.	classified; form block, counted at § VI.5.f	Jazz composition	Hard bop		rhythm changes		
2	111	Dexterity	classified; form block, counted at § VI.5.f	Jazz composition	Bebop		rhythm changes		
2	112	Dizzy Atmosphere	classified; form block, counted at § VI.5.f	Jazz composition	Bebop		rhythm changes		
2	113	Move	classified; form block, counted at § VI.5.f	Jazz composition	Bebop		rhythm changes		
2	114	Salt Peanuts	classified; form block, counted at § VI.5.f	Jazz composition	Bebop		rhythm changes		
2	115	Shaw Nuff	classified; form block, counted at § VI.5.f	Jazz composition	Bebop		rhythm changes		
2	116	The Eternal Triangle	classified; form block, counted at § VI.5.f	Jazz composition	Hard bop		rhythm changes		
3	1	26-2	classified; prints on the style page	Jazz composition	Post-bop				
3	2	500 Miles High	classified; prints on the style page	Jazz composition	Jazz-rock / fusion	even eighths		modal or vamp	
3	3	502 Blues	classified; prints on the style page	Jazz composition	Hard bop	jazz waltz			
3	4	Afro-Centric	classified; prints on the style page	Jazz composition	Post-bop				
3	5	Ana Maria	classified; prints on the style page	Jazz composition	Post-bop	bossa nova			yes
3	6	Are You Real?	classified; prints on the style page	Jazz composition	Hard bop				
3	7	Ask Me Now	classified; prints on the style page	Jazz composition	Bebop				
3	8	Bean and the Boys	classified; prints on the style page	Jazz composition	Bebop				
3	9	Black Narcissus	classified; prints on the style page	Jazz composition	Post-bop	even eighths			
3	10	Black Nile	classified; prints on the style page	Jazz composition	Post-bop				
3	11	Blood Count	classified; prints on the style page	Jazz composition	Swing				
3	12	Boplicity	classified; prints on the style page	Jazz composition	Cool / West Coast				
3	13	Bouncin' with Bud	classified; prints on the style page	Jazz composition	Bebop				
3	14	Bright Mississippi	classified; prints on the style page	Jazz composition	Bebop				
3	15	Brilliant Corners	classified; prints on the style page	Jazz composition	Bebop				
3	16	Central Park West	classified; prints on the style page	Jazz composition	Post-bop				
3	17	Cheese Cake	classified; prints on the style page	Jazz composition	Hard bop				
3	18	Chick's Tune	classified; prints on the style page	Jazz composition	Post-bop				
3	19	Children Of The Night	classified; prints on the style page	Jazz composition	Post-bop				
3	20	Conception	classified; prints on the style page	Jazz composition	Cool / West Coast				
3	21	Contemplation	classified; prints on the style page	Jazz composition	Modal	jazz waltz		modal or vamp	
3	22	Crepuscule With Nellie	classified; prints on the style page	Jazz composition	Bebop				
3	23	Crescent	classified; prints on the style page	Jazz composition	Modal			modal or vamp	
3	24	Criss Cross	classified; prints on the style page	Jazz composition	Bebop				
3	25	Dance Cadaverous	classified; prints on the style page	Jazz composition	Post-bop	jazz waltz			
3	26	Dear Old Stockholm	classified; prints on the style page	Imported song	Straight-ahead				
3	27	Del Sasser	classified; prints on the style page	Jazz composition	Hard bop				
3	28	Dewey Square	classified; prints on the style page	Jazz composition	Bebop				
3	29	El Gaucho	classified; prints on the style page	Jazz composition	Post-bop	samba			yes
3	30	Eronel	classified; prints on the style page	Jazz composition	Bebop				
3	31	Fall	classified; prints on the style page	Jazz composition	Post-bop				
3	32	Firm Roots	classified; prints on the style page	Jazz composition	Hard bop				
3	33	Four In One	classified; prints on the style page	Jazz composition	Bebop				
3	34	Fuchsia Swing Song	classified; prints on the style page	Jazz composition	Post-bop				
3	35	Gloria’s Step	classified; prints on the style page	Jazz composition	Post-bop				
3	36	Goodbye Pork Pie Hat	classified; prints on the style page	Jazz composition	Post-bop				
3	37	Got a Match	classified; prints on the style page	Jazz composition	Jazz-rock / fusion				
3	38	Hallucinations	classified; prints on the style page	Jazz composition	Bebop				
3	39	Humpty Dumpty	classified; prints on the style page	Jazz composition	Post-bop				
3	40	Jackie-ing	classified; prints on the style page	Jazz composition	Bebop				
3	41	Jeannine	classified; prints on the style page	Jazz composition	Hard bop				
3	42	Joshua	classified; prints on the style page	Jazz composition	Post-bop				
3	43	La Fiesta	classified; prints on the style page	Jazz composition	Jazz-rock / fusion	flamenco		modal or vamp	yes
3	44	La Mesha	classified; prints on the style page	Jazz composition	Hard bop				
3	45	Lament	classified; prints on the style page	Jazz composition	Hard bop				
3	46	Little Willie Leaps	classified; prints on the style page	Jazz composition	Bebop				
3	47	Lonnie's Lament	classified; prints on the style page	Jazz composition	Modal			modal or vamp	
3	48	Mayreh	classified; prints on the style page	Jazz composition	Bebop				
3	49	Miles' Mode	classified; prints on the style page	Jazz composition	Modal			modal or vamp	
3	50	Mode For Joe	classified; prints on the style page	Jazz composition	Post-bop				
3	51	Mosaic	classified; prints on the style page	Jazz composition	Post-bop				
3	52	Night Dreamer	classified; prints on the style page	Jazz composition	Post-bop			modal or vamp	
3	53	Nostalgia In Times Square	classified; prints on the style page	Jazz composition	Hard bop				
3	54	O Grande Amor	classified; prints on the style page	Latin American composition	Latin jazz - Brazilian	bossa nova			
3	55	On A Misty Night	classified; prints on the style page	Jazz composition	Hard bop				
3	56	One By One	classified; prints on the style page	Jazz composition	Post-bop				
3	57	One Finger Snap	classified; prints on the style page	Jazz composition	Post-bop				
3	58	Parisian Thoroughfare	classified; prints on the style page	Jazz composition	Bebop				
3	59	Pensativa	classified; prints on the style page	Jazz composition	Latin jazz - Brazilian	bossa nova			
3	60	Pinocchio	classified; prints on the style page	Jazz composition	Post-bop				
3	61	Prince Albert	classified; prints on the style page	Jazz composition	Bebop				
3	62	Quasimodo	classified; prints on the style page	Jazz composition	Bebop				
3	63	Quicksilver	classified; prints on the style page	Jazz composition	Hard bop				
3	64	Ray's Idea	classified; prints on the style page	Jazz composition	Bebop				
3	65	Reflections	classified; prints on the style page	Jazz composition	Bebop				
3	66	Sail Away	classified; prints on the style page	Jazz composition	Post-bop	even eighths			
3	67	Satellite	classified; prints on the style page	Jazz composition	Post-bop				
3	68	Search For Peace	classified; prints on the style page	Jazz composition	Modal			modal or vamp	
3	69	Serenity	classified; prints on the style page	Jazz composition	Post-bop				
3	70	Sometime Ago	classified; prints on the style page	Latin American composition	Mainstream	jazz waltz			
3	71	Straight Up And Down	classified; prints on the style page	Jazz composition	Free / open form				
3	72	Syeeda's Song Flute	classified; prints on the style page	Jazz composition	Hard bop				
3	73	Tell Me A Bedtime Story	classified; prints on the style page	Jazz composition	Jazz-rock / fusion	even eighths			
3	74	The Blessing	classified; prints on the style page	Jazz composition	Free / open form				
3	75	The Duke	classified; prints on the style page	Jazz composition	Cool / West Coast				
3	76	The Eye Of The Hurricane	classified; prints on the style page	Jazz composition	Post-bop				
3	77	The Gentle Rain	classified; prints on the style page	Latin American composition	Latin jazz - Brazilian	bossa nova			
3	78	The Holy Land	classified; prints on the style page	Jazz composition	Hard bop	gospel			
3	79	Thelonious	classified; prints on the style page	Jazz composition	Bebop				
3	80	This Here	classified; prints on the style page	Jazz composition	Soul jazz / boogaloo	gospel 3/4			
3	81	Tones for Joan's Bones	classified; prints on the style page	Jazz composition	Post-bop				
3	82	Tricotism	classified; prints on the style page	Jazz composition	Hard bop				
3	83	Trinkle Tinkle	classified; prints on the style page	Jazz composition	Bebop				
3	84	Ugetsu	classified; prints on the style page	Jazz composition	Hard bop	even eighths			
3	85	Una Mas	classified; prints on the style page	Jazz composition	Hard bop	bossa nova			yes
3	86	Valse Hot	classified; prints on the style page	Jazz composition	Hard bop	jazz waltz			
3	87	Very Early	classified; prints on the style page	Jazz composition	Post-bop	jazz waltz			
3	88	Voyage	classified; prints on the style page	Jazz composition	Post-bop				
3	89	Wise One	classified; prints on the style page	Jazz composition	Modal	3/4		modal or vamp	
3	90	Bass Blues	classified; form block, counted at § VI.5.f	Jazz composition	Hard bop		twelve-bar blues		
3	91	Big Foot	classified; form block, counted at § VI.5.f	Jazz composition	Bebop		twelve-bar blues		
3	92	Bloomdido	classified; form block, counted at § VI.5.f	Jazz composition	Bebop		twelve-bar blues		
3	93	Bluebird	classified; form block, counted at § VI.5.f	Jazz composition	Bebop		twelve-bar blues		
3	94	Blues in the Closet	classified; form block, counted at § VI.5.f	Jazz composition	Bebop		twelve-bar blues		
3	95	Bolivar Blues	classified; form block, counted at § VI.5.f	Jazz composition	Bebop		twelve-bar blues		
3	96	Buzzy	classified; form block, counted at § VI.5.f	Jazz composition	Bebop		twelve-bar blues		
3	97	Chi Chi	classified; form block, counted at § VI.5.f	Jazz composition	Bebop		twelve-bar blues		
3	98	Dance Of The Infidels	classified; form block, counted at § VI.5.f	Jazz composition	Bebop		twelve-bar blues		
3	99	Dr. Jackle	classified; form block, counted at § VI.5.f	Jazz composition	Hard bop		twelve-bar blues		
3	100	Homestretch	classified; form block, counted at § VI.5.f	Jazz composition	Post-bop		twelve-bar blues		
3	101	Isotope	classified; form block, counted at § VI.5.f	Jazz composition	Post-bop		twelve-bar blues		
3	102	K.C. Blues	classified; form block, counted at § VI.5.f	Jazz composition	Bebop		twelve-bar blues		
3	103	Laird Baird	classified; form block, counted at § VI.5.f	Jazz composition	Bebop		twelve-bar blues		
3	104	Matrix	classified; form block, counted at § VI.5.f	Jazz composition	Post-bop		twelve-bar blues		
3	105	Mohawk	classified; form block, counted at § VI.5.f	Jazz composition	Bebop		twelve-bar blues		
3	106	Mr. Day	classified; form block, counted at § VI.5.f	Jazz composition	Hard bop		twelve-bar blues		
3	107	Opus De Funk	classified; form block, counted at § VI.5.f	Jazz composition	Hard bop		twelve-bar blues		
3	108	Parker's Mood	classified; form block, counted at § VI.5.f	Jazz composition	Bebop		twelve-bar blues		
3	109	Ramblin'	classified; form block, counted at § VI.5.f	Jazz composition	Free / open form		twelve-bar blues		
3	110	Relaxin' At Camarillo	classified; form block, counted at § VI.5.f	Jazz composition	Bebop		twelve-bar blues		
3	111	Sippin' At Bell's	classified; form block, counted at § VI.5.f	Jazz composition	Bebop		twelve-bar blues		
3	112	Solid (Shaw)	classified; form block, counted at § VI.5.f	Jazz composition	Hard bop		twelve-bar blues		
3	113	Some Other Blues	classified; form block, counted at § VI.5.f	Jazz composition	Hard bop		twelve-bar blues		
3	114	Take The Coltrane	classified; form block, counted at § VI.5.f	Jazz composition	Hard bop		twelve-bar blues		
3	115	Twisted	classified; form block, counted at § VI.5.f	Jazz composition	Bebop		twelve-bar blues		
3	116	Vierd Blues	classified; form block, counted at § VI.5.f	Jazz composition	Hard bop		twelve-bar blues		
3	117	When Will The Blues Leave?	classified; form block, counted at § VI.5.f	Jazz composition	Free / open form		twelve-bar blues		
3	118	Blues For Wood	classified; form block, counted at § VI.5.f	Jazz composition	Post-bop		minor blues		
3	119	Blues Minor	classified; form block, counted at § VI.5.f	Jazz composition	Modal		minor blues	modal or vamp	
3	120	Chronic Blues	classified; form block, counted at § VI.5.f	Jazz composition	Hard bop		minor blues		
3	121	Five Spot After Dark	classified; form block, counted at § VI.5.f	Jazz composition	Hard bop		minor blues		
3	122	Israel	classified; form block, counted at § VI.5.f	Jazz composition	Cool / West Coast		minor blues		
3	123	Mr. Syms	classified; form block, counted at § VI.5.f	Jazz composition	Hard bop		minor blues		
3	124	Nothing Personal	classified; form block, counted at § VI.5.f	Jazz composition	Jazz-rock / fusion	even eighths	minor blues		
3	125	Pursuance	classified; form block, counted at § VI.5.f	Jazz composition	Modal		minor blues	modal or vamp	
3	126	52nd Street Theme	classified; form block, counted at § VI.5.f	Jazz composition	Bebop		rhythm changes		
3	127	Ah-Leu-Cha	classified; form block, counted at § VI.5.f	Jazz composition	Bebop		rhythm changes		
3	128	Allen's Alley	classified; form block, counted at § VI.5.f	Jazz composition	Bebop		rhythm changes		
3	129	An Oscar For Treadwell	classified; form block, counted at § VI.5.f	Jazz composition	Bebop		rhythm changes		
3	130	Chasin' the Bird	classified; form block, counted at § VI.5.f	Jazz composition	Bebop		rhythm changes		
3	131	Constellation	classified; form block, counted at § VI.5.f	Jazz composition	Bebop		rhythm changes		
3	132	Crazeology	classified; form block, counted at § VI.5.f	Jazz composition	Bebop		rhythm changes		
3	133	Kim	classified; form block, counted at § VI.5.f	Jazz composition	Bebop		rhythm changes		
3	134	Little Rootie Tootie	classified; form block, counted at § VI.5.f	Jazz composition	Bebop		rhythm changes		
3	135	Ow!	classified; form block, counted at § VI.5.f	Jazz composition	Bebop		rhythm changes		
3	136	Red Cross	classified; form block, counted at § VI.5.f	Jazz composition	Bebop		rhythm changes		
3	137	Room 608	classified; form block, counted at § VI.5.f	Jazz composition	Hard bop		rhythm changes		
3	138	Second Balcony Jump	classified; form block, counted at § VI.5.f	Jazz composition	Bebop		rhythm changes		
3	139	Steeplechase	classified; form block, counted at § VI.5.f	Jazz composition	Bebop		rhythm changes		
3	140	The Serpent's Tooth	classified; form block, counted at § VI.5.f	Jazz composition	Bebop		rhythm changes		
3	141	Wail	classified; form block, counted at § VI.5.f	Jazz composition	Bebop		rhythm changes		
4	2	Ain't Misbehavin'	classified; reached, prints on Index 4.4 by period group	Jazz composition	Early jazz / New Orleans				
4	9	Basin Street Blues	classified; reached, prints on Index 4.4 by period group	Jazz composition	Early jazz / New Orleans				
4	12	Bourbon Street Parade	set-rule entry; [P] title, reached by nothing	Jazz composition	Early jazz / New Orleans	2nd line			
4	14	C Jam Blues	classified; reached, prints on Index 4.4 by period group	Jazz composition	Swing		twelve-bar blues		
4	20	Don't Be That Way	classified; reached, prints on Index 4.4 by period group	Jazz composition	Swing				
4	23	Exactly Like You	classified; reached, prints on Index 4.4 by period group	Songbook	Straight-ahead				
4	28	High Society	set-rule entry; [P] title, reached by nothing	Jazz composition	Early jazz / New Orleans				
4	35	In a Mellotone	classified; reached, prints on Index 4.4 by period group	Jazz composition	Swing				
4	37	Indiana	classified; reached, prints on Index 4.4 by period group	Songbook	Straight-ahead				
4	38	It Don't Mean a Thing	classified; reached, prints on Index 4.4 by period group	Jazz composition	Swing				
4	44	Jumpin' at the Woodside	classified; reached, prints on Index 4.4 by period group	Jazz composition	Swing				
4	49	Lester Leaps In	classified; reached, prints on Index 4.4 by period group	Jazz composition	Swing		rhythm changes		
4	51	Limehouse Blues	classified; reached, prints on Index 4.4 by period group	Songbook	Straight-ahead				
4	53	Moonglow	classified; reached, prints on Index 4.4 by period group	Songbook	Straight-ahead				
4	58	On the Sunny Side of the Street	classified; reached, prints on Index 4.4 by period group	Songbook	Straight-ahead				
4	61	Perdido	classified; reached, prints on Index 4.4 by period group	Jazz composition	Swing				
4	63	Red Top	classified; reached, prints on Index 4.4 by period group	Jazz composition	Swing				
4	67	Royal Garden Blues	classified; reached, prints on Index 4.4 by period group	Jazz composition	Early jazz / New Orleans				
4	68	Seven Come Eleven	classified; reached, prints on Index 4.4 by period group	Jazz composition	Swing				
4	74	St. Louis Blues	classified; reached, prints on Index 4.4 by period group	Jazz composition	Early jazz / New Orleans		twelve-bar blues		
4	76	Star Dust	classified; reached, prints on Index 4.4 by period group	Songbook	Straight-ahead				
4	77	Stompin' at the Savoy	classified; reached, prints on Index 4.4 by period group	Jazz composition	Swing				
4	80	Sweet Georgia Brown	classified; reached, prints on Index 4.4 by period group	Songbook	Straight-ahead				
4	82	The Joint Is Jumpin'	set-rule entry; [P] title, reached by nothing	Jazz composition	Early jazz / New Orleans				
4	93	When the Saints Go Marching In	classified; reached, prints on Index 4.4 by period group	Traditional	Early jazz / New Orleans	2nd line			
5A	1	Almost Like Being in Love	set-rule entry; boldface, reached by nothing	Songbook	Straight-ahead				
5A	2	April in Paris	classified; reached, prints no style page	Songbook	Straight-ahead				
5A	3	Autumn in New York	classified; reached, prints no style page	Songbook	Straight-ahead				
5A	4	Blue Moon	classified; reached, prints no style page	Songbook	Straight-ahead				
5A	5	Blue Skies	classified; reached, prints no style page	Songbook	Straight-ahead				
5A	6	Centerpiece	classified; reached, prints no style page	Jazz composition	Swing		twelve-bar blues		
5A	7	Close Your Eyes	set-rule entry; boldface, reached by nothing	Songbook	Straight-ahead				
5A	9	Darn That Dream	classified; reached, prints no style page	Songbook	Straight-ahead				
5A	10	Do Nothin' Till You Hear from Me	classified; reached, prints no style page	Jazz composition	Swing				
5A	12	East of the Sun	classified; reached, prints no style page	Songbook	Straight-ahead				
5A	14	Easy to Love	classified; reached, prints no style page	Songbook	Straight-ahead				
5A	15	Emily	classified; reached, prints no style page	Songbook	Straight-ahead	jazz waltz			
5A	16	Everything Happens to Me	classified; reached, prints no style page	Songbook	Straight-ahead				
5A	18	Falling in Love with Love	set-rule entry; boldface, reached by nothing	Songbook	Straight-ahead	jazz waltz			
5A	19	Fly Me to the Moon	classified; reached, prints no style page	Songbook	Straight-ahead				
5A	20	Gee Baby Ain't I Good to You	classified; reached, prints no style page	Jazz composition	Swing				
5A	27	I Didn't Know What Time It Was	classified; reached, prints no style page	Songbook	Straight-ahead				
5A	29	I Got It Bad (and That Ain't Good)	classified; reached, prints no style page	Jazz composition	Swing				
5A	32	I Should Care	classified; reached, prints no style page	Songbook	Straight-ahead				
5A	34	I Thought About You	classified; reached, prints no style page	Songbook	Straight-ahead				
5A	35	If I Should Lose You	classified; reached, prints no style page	Songbook	Straight-ahead				
5A	38	It Had to Be You	classified; reached, prints no style page	Songbook	Straight-ahead				
5A	39	It Might As Well Be Spring	classified; reached, prints no style page	Songbook	Straight-ahead				
5A	40	It Never Entered My Mind	classified; reached, prints no style page	Songbook	Straight-ahead				
5A	41	Just One of Those Things	set-rule entry; boldface, reached by nothing	Songbook	Straight-ahead				
5A	42	Lover Come Back to Me	set-rule entry; boldface, reached by nothing	Songbook	Straight-ahead				
5A	43	Lover Man	classified; reached, prints no style page	Songbook	Straight-ahead				
5A	45	Mean to Me	classified; reached, prints no style page	Songbook	Straight-ahead				
5A	47	Mood Indigo	classified; reached, prints no style page	Jazz composition	Swing				
5A	48	Moonlight in Vermont	classified; reached, prints no style page	Songbook	Straight-ahead				
5A	49	My Foolish Heart	classified; reached, prints no style page	Songbook	Straight-ahead				
5A	51	Nature Boy	classified; reached, prints no style page	Songbook	Straight-ahead				
5A	55	Once I Loved	classified; reached, prints no style page	Latin American composition	Latin jazz - Brazilian	bossa nova			
5A	56	Pennies from Heaven	classified; reached, prints no style page	Songbook	Straight-ahead				
5A	57	Prelude to a Kiss	classified; reached, prints no style page	Jazz composition	Swing				
5A	59	Secret Love	classified; reached, prints no style page	Songbook	Straight-ahead				
5A	60	Skylark	classified; reached, prints no style page	Songbook	Straight-ahead				
5A	61	Smile	classified; reached, prints no style page	Songbook	Straight-ahead				
5A	64	Someone to Watch Over Me	classified; reached, prints no style page	Songbook	Straight-ahead				
5A	67	Stormy Weather	classified; reached, prints no style page	Songbook	Straight-ahead				
5A	69	Tenderly	classified; reached, prints no style page	Songbook	Straight-ahead				
5A	70	The Lady Is a Tramp	classified; reached, prints no style page	Songbook	Straight-ahead				
5A	72	The Nearness of You	classified; reached, prints no style page	Songbook	Straight-ahead				
5A	74	The Way You Look Tonight	classified; reached, prints no style page	Songbook	Straight-ahead				
5A	76	They Can't Take That Away from Me	classified; reached, prints no style page	Songbook	Straight-ahead				
5A	78	What's New?	classified; reached, prints no style page	Songbook	Straight-ahead				
5A	79	Willow Weep For Me	classified; reached, prints no style page	Songbook	Straight-ahead				
5A	80	You Go to My Head	set-rule entry; boldface, reached by nothing	Songbook	Straight-ahead				
5B	2	Alfie	set-rule entry; boldface, reached by nothing	Songbook	Straight-ahead				
5B	3	All or Nothing At All	set-rule entry; boldface, reached by nothing	Songbook	Straight-ahead				
5B	6	At Last	classified; reached, prints no style page	Songbook	Straight-ahead				
5B	7	Besame Mucho	classified; reached, prints no style page	Latin American composition	Latin jazz - Afro-Cuban	bolero			
5B	8	Between the Devil and the Deep Blue Sea	set-rule entry; boldface, reached by nothing	Songbook	Straight-ahead				
5B	20	Get Happy	classified; reached, prints no style page	Songbook	Straight-ahead				
5B	23	I Could Write a Book	classified; reached, prints no style page	Songbook	Straight-ahead				
5B	28	I'll Close My Eyes	set-rule entry; boldface, reached by nothing	Songbook	Straight-ahead				
5B	29	I'm Beginning to See the Light	classified; reached, prints no style page	Jazz composition	Swing				
5B	30	I'm Old Fashioned	classified; reached, prints no style page	Songbook	Straight-ahead				
5B	34	It's All Right with Me	set-rule entry; boldface, reached by nothing	Songbook	Straight-ahead				
5B	42	Love Me or Leave Me	set-rule entry; boldface, reached by nothing	Songbook	Straight-ahead				
5B	43	Lover	set-rule entry; boldface, reached by nothing	Songbook	Straight-ahead				
5B	44	Lush Life	set-rule entry; boldface, reached by nothing	Jazz composition	Swing				
5B	47	My Heart Stood Still	set-rule entry; boldface, reached by nothing	Songbook	Straight-ahead				
5B	49	Old Devil Moon	set-rule entry; boldface, reached by nothing	Songbook	Straight-ahead				
5B	50	Out of This World	set-rule entry; boldface, reached by nothing	Songbook	Straight-ahead				
5B	57	That Old Black Magic	classified; reached, prints no style page	Songbook	Straight-ahead				
5B	59	The End Of A Love Affair	classified; reached, prints no style page	Songbook	Straight-ahead				
5B	62	The Surrey with the Fringe On Top	set-rule entry; boldface, reached by nothing	Songbook	Straight-ahead				
5B	66	Watch What Happens	classified; reached, prints no style page	Imported song	Straight-ahead	bossa nova			
5B	68	What a Difference a Day Made	classified; reached, prints no style page	Latin American composition	Straight-ahead				
5B	69	When I Fall in Love	classified; reached, prints no style page	Songbook	Straight-ahead				
5B	74	Witchcraft	classified; reached, prints no style page	Songbook	Straight-ahead				
5B	75	Wives and Lovers	set-rule entry; boldface, reached by nothing	Songbook	Straight-ahead	jazz waltz			
5B	78	You've Changed	classified; reached, prints no style page	Songbook	Straight-ahead				
5C	6	Black Coffee	classified; reached, prints no style page	Songbook	Straight-ahead				
5C	9	Can’t Help Lovin’ Dat Man	classified; reached, prints no style page	Songbook	Straight-ahead				
5C	10	Cheek to Cheek	classified; reached, prints no style page	Songbook	Straight-ahead				
5C	11	Comes Love	classified; reached, prints no style page	Songbook	Straight-ahead				
5C	12	Cry Me a River	classified; reached, prints no style page	Songbook	Straight-ahead				
5C	13	Dancing in the Dark	set-rule entry; boldface, reached by nothing	Songbook	Straight-ahead				
5C	20	Fever	classified; reached, prints no style page	Songbook	Straight-ahead			modal or vamp	
5C	23	For Heaven’s Sake	classified; reached, prints no style page	Songbook	Straight-ahead				
5C	25	From This Moment On	set-rule entry; boldface, reached by nothing	Songbook	Straight-ahead				
5C	37	In the Still of the Night	set-rule entry; boldface, reached by nothing	Songbook	Straight-ahead				
5C	38	It Ain't Necessarily So	set-rule entry; boldface, reached by nothing	Songbook	Straight-ahead				
5C	42	I've Never Been in Love Before	set-rule entry; boldface, reached by nothing	Songbook	Straight-ahead				
5C	44	Love Walked In	set-rule entry; boldface, reached by nothing	Songbook	Straight-ahead				
5C	51	Route 66	classified; reached, prints no style page	Songbook	Straight-ahead		twelve-bar blues		
5C	52	September in the Rain	set-rule entry; boldface, reached by nothing	Songbook	Straight-ahead				
5C	56	Taking a Chance on Love	classified; reached, prints no style page	Songbook	Straight-ahead				
5C	65	What a Little Moonlight Can Do	classified; reached, prints no style page	Songbook	Straight-ahead				
5C	66	Who Can I Turn To?	classified; reached, prints no style page	Songbook	Straight-ahead				
