index	seat	title	first_instrumental	lyricist	notable_vocals	note
1A	1	Afro Blue	1959, Mongo Santamaria	Oscar Brown Jr.	Abbey Lincoln (Abbey Is Blue); Oscar Brown Jr. (Sin & Soul); Dee Dee Bridgewater; Dianne Reeves	lyric added almost immediately
1A	9	Cantaloupe Island	1962, Herbie Hancock	added later	Mark Murphy	
1A	10	Caravan	1936, Tizol and Ellington	Irving Mills	Ella Fitzgerald with Ellington	published with a lyric; best known as an instrumental
1A	17	Four	1954, Miles Davis	added later	Lambert, Hendricks & Ross	
1A	23	In a Sentimental Mood	1935, Ellington	Manny Kurtz, with Irving Mills credit	Ella Fitzgerald; widely sung in the songbook repertoire	
1A	26	Joy Spring	Clifford Brown	Jon Hendricks	The Manhattan Transfer; Jon Hendricks	often titled Sing Joy Spring
1A	29	Little Sunflower	late 1960s, Freddie Hubbard	added later	Al Jarreau with Hubbard (The Love Connection, 1979)	
1A	30	Maiden Voyage	Herbie Hancock	added later	Kimiko Kasai with Hancock (Butterfly, 1979)	
1A	34	Misty	1954, Erroll Garner	Johnny Burke	Johnny Mathis; Ella Fitzgerald; Sarah Vaughan	became a major vocal standard
1A	41	Night in Tunisia	1942, Gillespie; widely recorded 1944	Jon Hendricks; an earlier set as Interlude	Sarah Vaughan (1944, as Interlude); Lambert, Hendricks & Ross; Ella Fitzgerald	Hendricks later wrote Another Night in Tunisia for The Manhattan Transfer
1A	46	'Round Midnight	1944, Cootie Williams recording	Bernie Hanighen; a later set by Jon Hendricks	Jackie Paris; Ella Fitzgerald; Sarah Vaughan; Carmen McRae	McRae used both lyric sets
1A	47	Satin Doll	1953, Ellington and Strayhorn	Johnny Mercer	Ella Fitzgerald	lyric added after the tune was circulating
1A	56	"Take the ""A"" Train"	1939 composition, 1941 Ellington recording	Joya Sherrill and others	Ray Nance with Ellington; Ella Fitzgerald	
1A	61	Watermelon Man	1962, Herbie Hancock	Gloria Lynne, 1965	Gloria Lynne	the Santamaria hit stayed instrumental
1A	63	Well You Needn't	1940s, Monk	Mike Ferro	Carmen McRae (Carmen Sings Monk)	sometimes performed as It's Over Now
1A	65	Work Song	1960, Nat Adderley	Oscar Brown Jr.	Oscar Brown Jr. (Sin & Soul); Nina Simone	
1B	2	Airegin	1954, Sonny Rollins, first recorded with Miles Davis	Jon Hendricks	Lambert, Hendricks & Ross; The Manhattan Transfer (Vocalese, with Hendricks)	
1B	7	Bluesette	1962, Toots Thielemans, harmonica and whistle	Norman Gimbel	Sarah Vaughan; Ella Fitzgerald; Anita O'Day; Vikki Carr	English lyric added soon after
1B	14	Don't Get Around Much Anymore	1940, Ellington, as Never No Lament, a Hodges feature	Bob Russell, 1942	The Ink Spots (the hit); Glen Gray; Ella Fitzgerald	
1B	27	In Your Own Sweet Way	Brubeck; widely heard from the Miles Davis 1956 recording	Iola Brubeck	Carmen McRae with Brubeck	
1B	33	Lullaby of Birdland	1952, George Shearing, a theme for the club	George David Weiss, as B. Y. Forster	Sarah Vaughan (1954, with Clifford Brown); Ella Fitzgerald	
1B	36	Moanin'	1958, Bobby Timmons with the Jazz Messengers	Jon Hendricks	Lambert, Hendricks & Ross	lyric added within a year
1B	44	Sophisticated Lady	1932-33, Ellington, an alto feature	Mitchell Parish, with Irving Mills credit	Ella Fitzgerald; widely sung in the songbook repertoire	played as an instrumental as often as sung
1B	47	Take Five	1959, Paul Desmond, Time Out	Iola Brubeck	Carmen McRae (Take Five Live, 1961, with the Brubeck Quartet); Al Jarreau	
1B	52	Yardbird Suite	1946, Charlie Parker	Parker's own, as What Price Love?; later vocalese	Earl Coleman (1948, using What Price Love?)	Parker's words are not the commonly heard ones
1B	53	Stolen Moments	1961, Oliver Nelson, The Blues and the Abstract Truth	Mark Murphy	Mark Murphy	a minor blues
2	1	A Child Is Born	1969, Thad Jones, the Jones-Lewis Orchestra, on a Roland Hanna idea	Alec Wilder	Tony Bennett with Bill Evans; Dee Dee Bridgewater; Helen Merrill	Wilder wrote the lyric after hearing the band play it
2	5	Along Came Betty	1958, Benny Golson, on the Jazz Messengers' Moanin'	Jon Hendricks	Jon Hendricks; later singers use his words	
2	16	Dat Dere	1960, Bobby Timmons	Oscar Brown Jr., the same year	Oscar Brown Jr. (Sin & Soul); Sheila Jordan; Rickie Lee Jones	
2	29	Hi-Fly	late 1950s, Randy Weston	Jon Hendricks	Lambert, Hendricks & Ross; Mel Torme; Abbey Lincoln; Sarah Vaughan	
2	32	I Remember Clifford	1956-57, Benny Golson, an elegy for Clifford Brown	Jon Hendricks	Dinah Washington (the first prominent vocal); Carmen McRae; Nancy Wilson	
2	34	In Walked Bud	Thelonious Monk	Jon Hendricks	Jon Hendricks with Monk (Underground); Carmen McRae (Carmen Sings Monk)	
2	56	Peace	1959, Horace Silver, Blowin' the Blues Away	Horace Silver, later	Horace Silver's own vocal version; Norah Jones	
2	65	Soul Eyes	1957, Mal Waldron, written with Coltrane in mind	Mal Waldron, later	Kandace Springs and other modern singers	Coltrane's 1962 recording remains the instrumental reference
2	66	Spain	1972, Chick Corea, Light as a Feather, on Rodrigo	Al Jarreau	Al Jarreau (1980), as Spain (I Can Recall)	
2	80	Up Jumped Spring	mid-1960s, Freddie Hubbard	Abbey Lincoln	Abbey Lincoln (You Gotta Pay the Band)	a waltz
2	82	Waltz for Debby	1956, Bill Evans, for his niece	Gene Lees	Tony Bennett with Bill Evans; many jazz singers	
2	84	Whisper Not	mid-1950s, Benny Golson	Leonard Feather	Ella Fitzgerald and others	
3	2	500 Miles High	1972, Chick Corea, first on Stan Getz's Captain Marvel	Neville Potter	Flora Purim (Return to Forever, Light as a Feather)	the lyric followed within months
3	36	Goodbye Pork Pie Hat	1959, Charles Mingus, Mingus Ah Um, for Lester Young	Joni Mitchell, 1979	Joni Mitchell (Mingus)	
3	73	Tell Me A Bedtime Story	1969, Herbie Hancock, Fat Albert Rotunda	added later	Kimiko Kasai with Hancock (Butterfly, 1979)	
3	108	Parker's Mood	1948, Charlie Parker	King Pleasure, 1953, vocalese	King Pleasure	
3	115	Twisted	1949, Wardell Gray	Annie Ross, 1952, vocalese	Annie Ross; Lambert, Hendricks & Ross; Joni Mitchell (Court and Spark); Bette Midler	one of the best known vocalese charts
