entry	title_as_printed	seat	seated_as	declined_at
1	26-2	3 #1	26-2	
2	502 Blues	3 #3	502 Blues	
3	Adam's Apple	2 #2	Adam's Apple	
4	Afro-Centric	3 #4	Afro-Centric	
5	After The Rain			App. B
6	Ah-Leu-Cha	3 #127	Ah-Leu-Cha	
7	Aisha			App. B
8	Alice In Wonderland	2 #4	Alice In Wonderland	
9	Along Came Betty	2 #5	Along Came Betty	
10	Ambrosia			App. B
11	Ana Maria	3 #5	Ana Maria	
12	Angola			App. B
13	Apex			App. B
14	Are You Real?	3 #6	Are You Real?	
15	Arietis			App. B
16	Autumn Nocturne			App. B
17	Autumn Serenade			App. B
18	Backstage Sally			App. B
19	Ba-lue Bolivar Ba-lues-are (AKA Bolivar Blues)	3 #95	Bolivar Blues	
20	Barbara			App. B
21	Barracudas			App. B
22	Bass Blues	3 #90	Bass Blues	
23	Bean And The Boys (AKA Burt Covers Bud)	3 #8	Bean and the Boys	
24	Beatrice	1B #5	Beatrice	
25	A Beautiful Friendship			App. B
26	Bessie's Blues	2 #93	Bessie's Blues	
27	Beyond All Limits			App. B
28	Big Nick			App. B
29	The Big Push			App. B
30	Bill			App. B
31	Billy Boy			App. B
32	Birdlike	2 #94	Birdlike	
33	Bittersweet			App. B
34	Black Narcissus	3 #9	Black Narcissus	
35	Black Nile	3 #10	Black Nile	
36	The Blessing	3 #74	The Blessing	
37	Bluebird	3 #93	Bluebird	
38	Blue Daniel			App. B
39	Blues By Five			App. B
40	Bluesette	1B #7	Bluesette	
41	Blue Seven	2 #96	Blue Seven	
42	Blues For Alice	1A #75	Blues For Alice	
43	Blues For Wood	3 #118	Blues For Wood	
44	Blue Silver			App. B
45	Blues March	2 #10	Blues March	
46	Blues Minor	3 #119	Blues Minor	
47	Blues On The Corner	2 #97	Blues On The Corner	
48	Blue Spirits			App. B
49	The Blues Walk	1A #82	The Blues Walk	
50	Blue Train	1A #74	Blue Train	
51	Bolivia	2 #12	Bolivia	
52	Book's Bossa			App. B
53	Boplicity	3 #12	Boplicity	
54	The Boy Next Door			App. B
55	Bright Mississippi	3 #14	Bright Mississippi	
56	Brilliant Corners	3 #15	Brilliant Corners	
57	Brite Piece			App. B
58	Brownskin Girl			App. B
59	Buzzy	3 #96	Buzzy	
60	Bye-Ya			App. B
61	Cantaloupe Island	1A #9	Cantaloupe Island	
62	Capetown Ambush			App. B
63	Celia			App. B
64	Central Park West	3 #16	Central Park West	
65	Ceora	1B #10	Ceora	
66	Cheese Cake	3 #17	Cheese Cake	
67	Chi Chi	3 #97	Chi Chi	
68	Chick's Tune	3 #18	Chick's Tune	
69	Children Of The Night	3 #19	Children Of The Night	
70	Choose Now			App. B
71	Chronic Blues	3 #120	Chronic Blues	
72	Constellation	3 #131	Constellation	
73	Contemplation	3 #21	Contemplation	
74	Cool Blues	2 #99	Cool Blues	
75	Countdown	2 #14	Countdown	
76	Count Every Star			App. B
77	Count Your Blessings			App. B
78	Cousin Mary	2 #100	Cousin Mary	
79	Crazeology	3 #132	Crazeology	
80	Crepuscule With Nellie	3 #22	Crepuscule With Nellie	
81	Crescent	3 #23	Crescent	
82	Crisis			App. B
83	Criss Cross	3 #24	Criss Cross	
84	C. R. M.			App. B
85	C.T.A.	2 #110	C.T.A.	
86	Cyclic Episode			App. B
87	Dance Cadaverous	3 #25	Dance Cadaverous	
88	Dance Of The Infidels	3 #98	Dance Of The Infidels	
89	Dat Dere	2 #16	Dat Dere	
90	Delilah			App. B
91	Del Sasser	3 #27	Del Sasser	
92	Deluge			App. B
93	Dewey Square	3 #28	Dewey Square	
94	Diane			App. B
95	Dig			App. B
96	Driftin'			App. B
97	Dr. Jekyll (AKA Dr. Jackle)	3 #99	Dr. Jackle	
98	Eastern Joy Dance			App. B
99	Ecaroh			App. B
100	Effendi			App. B
101	Eighty One	2 #101	Eighty One	
102	El Gaucho	3 #29	El Gaucho	
103	Elm			App. B
104	Episode From A Village Dance			App. B
105	Eronel	3 #30	Eronel	
106	Escapade			App. B
107	E.S.P.	2 #19	E.S.P.	
108	The Eternal Triangle	2 #116	The Eternal Triangle	
109	Exact Change			App. B
110	The Eye Of The Hurricane	3 #76	The Eye Of The Hurricane	
111	Fall	3 #31	Fall	
112	Fee-Fi-Fo-Fum	2 #21	Fee-Fi-Fo-Fum	
113	Fifth House			App. B
114	Firewater			App. B
115	Firm Roots	3 #32	Firm Roots	
116	First Trip			App. B
117	Five Spot After Dark	3 #121	Five Spot After Dark	
118	Fly Little Bird Fly			App. B
119	Forest Flower			App. B
120	Four By Five			App. B
121	Four In One	3 #33	Four In One	
122	Four On Six	2 #23	Four On Six	
123	Freddie Freeloader	1A #76	Freddie Freeloader	
124	Freedom Jazz Dance	1B #16	Freedom Jazz Dance	
125	Freeway			App. B
126	Friday The Thirteenth			App. B
127	The Fruit			App. B
128	Fuchsia Swing Song	3 #34	Fuchsia Swing Song	
129	Funji Mama			App. B
130	Gaslight			App. B
131	The Gentle Rain	3 #77	The Gentle Rain	
132	Gertrude's Bounce			App. B
133	Getting To Know You			App. B
134	Gingerbread Boy	2 #102	Gingerbread Boy	
135	Glass Enclosure			App. B
136	Gloria's Step	3 #35	Gloria’s Step	
137	Gnid			App. B
138	Gone Again			App. B
139	Grand Central			App. B
140	Granted			App. B
141	Green St. Caper			App. B
142	Gregory Is Here	2 #26	Gregory Is Here	
143	The Gypsy In My Soul			App. B
144	Gypsy Without A Song			App. B
145	Hackensack (AKA Rifftide)	2 #27	Hackensack	
146	Hallucinations	3 #38	Hallucinations	
147	Happy Times			App. B
148	Hey There			App. B
149	Hi-Fly	2 #29	Hi-Fly	
150	The Holy Land	3 #78	The Holy Land	
151	Homestretch	3 #100	Homestretch	
152	Household Of Saud			App. B
153	House Of Jade			App. B
154	How Are Things In Glocca Morra?			App. B
155	How Could You Do A Thing Like That To Me			App. B
156	Hub-Tones			App. B
157	I Don't Wanna Be Kissed			App. B
158	If			App. B
159	If Ever I Would Leave You			App. B
160	If There Is Someone Lovelier Than You			App. B
161	If This Isn't Love			App. B
162	I Guess I'll Hang My Tears Out To Dry	5C #30	I Guess I'll Hang My Tears Out To Dry	
163	I Had The Craziest Dream			App. B
164	I'll Keep Loving You			App. B
165	I'll Wait And Pray			App. B
166	I Love Lucy			App. B
167	I'm So Excited By You			App. B
168	In A Capricornian Way			App. B
169	In A Mist			App. B
170	In Case You Haven't Heard			App. B
171	Infant Eyes	2 #35	Infant Eyes	
172	Inner Urge	2 #36	Inner Urge	
173	Intrepid Fox			App. B
174	Introspection			App. B
175	Isotope	3 #101	Isotope	
176	Israel	3 #122	Israel	
177	Is That So			App. B
178	I Think You're Wonderful			App. B
179	I Thought I'd Let You Know			App. B
180	I've Told Ev'ry Little Star			App. B
181	Jackie-ing	3 #40	Jackie-ing	
182	Jayne			App. B
183	Jeannine	3 #41	Jeannine	
184	The Jody Grind			App. B
185	Joshua	3 #42	Joshua	
186	Juju	2 #39	Juju	
187	Just One More Chance			App. B
188	Katrina Ballerina			App. B
189	K.C. Blues	3 #102	K.C. Blues	
190	The Kicker	2 #105	The Kicker	
191	Kim	3 #133	Kim	
192	Knucklebean			App. B
193	La Alhambra			App. B
194	La Fiesta	3 #43	La Fiesta	
195	Laird Baird	3 #103	Laird Baird	
196	Lament For Booker			App. B
197	La Mesha	3 #44	La Mesha	
198	Lazy Bird	2 #41	Lazy Bird	
199	Lester Left Town			App. B
200	Let Me Try			App. B
201	Let's Call This			App. B
202	Let's Cool One			App. B
203	Light Blue			App. B
204	Like Sonny (AKA Simple Like)			App. B
205	Lil's Paradise			App. B
206	Litha			App. B
207	Little B's Poem	2 #42	Little B's Poem	
208	Little Dancer			App. B
209	Little Melonae			App. B
210	Little Niles			App. B
211	Little Old Lady			App. B
212	Little One			App. B
213	Little Red's Fantasy			App. B
214	Little Rootie Tootie	3 #134	Little Rootie Tootie	
215	Little Sunflower	1A #29	Little Sunflower	
216	Little Willie Leaps	3 #46	Little Willie Leaps	
217	Locomotion			App. B
218	Lonely Woman (Silver)			App. B
219	Lonnie's Lament	3 #47	Lonnie's Lament	
220	Lookout Farm			App. B
221	Lost			App. B
222	Love Is A Many Splendored Thing			App. B
223	Lucky Day			App. B
224	Luny Tune			App. B
225	The Maestro			App. B
226	Mahjong			App. B
227	Mamacita			App. B
228	Manha De Carnaval	1A #31	Manha De Carnaval	
229	Mating Call			App. B
230	Matrix	3 #104	Matrix	
231	Mayreh	3 #48	Mayreh	
232	(Meet) The Flintstones			App. B
233	Melancholia			App. B
234	Mercy, Mercy, Mercy	1A #32	Mercy, Mercy, Mercy	
235	Miles' Mode	3 #49	Miles' Mode	
236	Milestones (old)			App. B
237	Minority	2 #43	Minority	
238	Mirror, Mirror			App. B
239	Miyako			App. B
240	Mode For Joe	3 #50	Mode For Joe	
241	Mohawk	3 #105	Mohawk	
242	Mo' Joe			App. B
243	Moon Alley			App. B
244	Moon Rays			App. B
245	The Moontrane	2 #72	The Moontrane	
246	Morning			App. B
247	Morning Star			App. B
248	Mosaic	3 #51	Mosaic	
249	The Most Beautiful Girl In The World			App. B
250	Mr. Clean			App. B
251	Mr. Day	3 #106	Mr. Day	
252	Mr. P.C.	1A #87	Mr. P.C.	
253	Mr. Syms	3 #123	Mr. Syms	
254	My Little Brown Book	4 #57	My Little Brown Book	
255	Nefertiti	2 #48	Nefertiti	
256	New York			App. B
257	Nica's Tempo			App. B
258	Night Dreamer	3 #52	Night Dreamer	
259	Nostalgia In Times Square	3 #53	Nostalgia In Times Square	
260	Nutty			App. B
261	Nutville			App. B
262	Oblivion			App. B
263	O Grande Amor	3 #54	O Grande Amor	
264	Ojos De Rojo			App. B
265	Oliloqui Valley			App. B
266	On A Misty Night	3 #55	On A Misty Night	
267	One By One	3 #56	One By One	
268	One Down, One Up			App. B
269	One Finger Snap	3 #57	One Finger Snap	
270	One's Own Room			App. B
271	On The Nile			App. B
272	Opus De Funk	3 #107	Opus De Funk	
273	Oriental Folk Song			App. B
274	An Oscar For Treadwell	3 #129	An Oscar For Treadwell	
275	Our Man Higgins			App. B
276	Our Waltz			App. B
277	Overtaken By A Moment			App. B
278	Paris Eyes			App. B
279	Parisian Thoroughfare	3 #58	Parisian Thoroughfare	
280	Passion Dance	2 #55	Passion Dance	
281	Paul's Pal			App. B
282	Peace Piece			App. B
283	Penelope			App. B
284	Pensativa	3 #59	Pensativa	
285	Pent-Up House	2 #57	Pent-Up House	
286	Peresina			App. B
287	Pfrancing	2 #104	Pfrancing	
288	Picadilly Lily			App. B
289	Pinocchio	3 #60	Pinocchio	
290	Played Twice			App. B
291	Poor People's March			App. B
292	Power To The People			App. B
293	Pretty Eyes			App. B
294	Prince Albert	3 #61	Prince Albert	
295	Punjab			App. B
296	Pursuance	3 #125	Pursuance	
297	Put Your Little Foot Right Out			App. B
298	Quasimodo	3 #62	Quasimodo	
299	Quicksilver	3 #63	Quicksilver	
300	Rahsaan's Run			App. B
301	Ramblin'	3 #109	Ramblin'	
302	Rapture			App. B
303	Recordame	1A #45	Recordame	
304	Red Clay	2 #59	Red Clay	
305	Reflections In D			App. B
306	Resolution			App. B
307	Right Now			App. B
308	Riot			App. B
309	Rise 'n Shine			App. B
310	Room 608	3 #137	Room 608	
311	Rosewood			App. B
312	Sail Away	3 #66	Sail Away	
313	Samba De Orpheus	2 #61	Samba De Orfeu	
314	Same Shame			App. B
315	Sandu	1A #78	Sandu	
316	Sans Souci			App. B
317	Satellite	3 #67	Satellite	
318	Say It (Over And Over Again)			App. B
319	The Scene Is Clean			App. B
320	Search For Peace	3 #68	Search For Peace	
321	Second Balcony Jump	3 #138	Second Balcony Jump	
322	Señor Blues	2 #109	Señor Blues	
323	Serenity	3 #69	Serenity	
324	The Serpent's Tooth	3 #140	The Serpent's Tooth	
325	Seven Steps To Heaven	2 #62	Seven Steps To Heaven	
326	A Shade Of Jade			App. B
327	Shall We Dance			App. B
328	She			App. B
329	Short Story			App. B
330	Silver's Serenade			App. B
331	Sky Dive			App. B
332	So Beats My Heart For You			App. B
333	Social Call			App. B
334	Solid	3 #112	Solid (Shaw)	
335	Some Other Blues	3 #113	Some Other Blues	
336	Some Other Time	5C #54	Some Other Time	
337	So Near So Far			App. B
338	Song For My Father	1A #52	Song For My Father	
339	Sonnymoon For Two	1A #79	Sonnymoon For Two	
340	Soul-Leo			App. B
341	Soultrane			App. B
342	Speak No Evil	2 #67	Speak No Evil	
343	Spiral			App. B
344	S'posin'			App. B
345	Stay As Sweet As You Are			App. B
346	Steeplechase	3 #139	Steeplechase	
347	Step Lightly			App. B
348	Stop Start			App. B
349	Straight Ahead			App. B
350	Straight Street			App. B
351	Straight Up And Down	3 #71	Straight Up And Down	
352	Strictly Confidential			App. B
353	Sugar	2 #70	Sugar	
354	Summer In Central Park			App. B
355	Sunrise, Sunset			App. B
356	Sunshower			App. B
357	Super Jet			App. B
358	Syeeda's Song Flute	3 #72	Syeeda's Song Flute	
359	Tadd's Delight			App. B
360	Take The Coltrane	3 #114	Take The Coltrane	
361	Tell Me A Bedtime Story	3 #73	Tell Me A Bedtime Story	
362	Tempus Fugit			App. B
363	Tenor Madness	1A #81	Tenor Madness	
364	Tetragon			App. B
365	Thelonious	3 #79	Thelonious	
366	The Theme			App. B
367	Theme For Ernie			App. B
368	Theme For Maxine			App. B
369	Think Of One			App. B
370	Think On Me			App. B
371	This Here	3 #80	This Here	
372	This I Dig Of You	2 #75	This I Dig Of You	
373	This Is For Albert			App. B
374	This Is New			App. B
375	Three Flowers			App. B
376	Time Was			App. B
377	Tiny Capers			App. B
378	To Kill A Brick			App. B
379	Tomorrow's Destiny			App. B
380	Tom Thumb			App. B
381	Tones For Joan's Bones	3 #81	Tones for Joan's Bones	
382	Tour De Force			App. B
383	Toy Tune			App. B
384	Tricotism	3 #82	Tricotism	
385	Two Bass Hit	2 #106	Two Bass Hit	
386	Tyrone			App. B
387	Ugetsu	3 #84	Ugetsu	
388	Una Mas	3 #85	Una Mas	
389	Una Muy Bonita			App. B
390	United			App. B
391	Unit Seven	2 #79	Unit Seven	
392	Up 'gainst The Wall			App. B
393	Up Jumped Spring	2 #80	Up Jumped Spring	
394	Valse Hot	3 #86	Valse Hot	
395	Valse Triste			App. B
396	Very Early	3 #87	Very Early	
397	Vierd Blues	3 #116	Vierd Blues	
398	Virgo			App. B
399	Voyage	3 #88	Voyage	
400	Wabash			App. B
401	Wail	3 #141	Wail	
402	The Water's Edge			App. B
403	(You’re a) Weaver Of Dreams			App. B
404	What The World Needs Now Is Love			App. B
405	When Will The Blues Leave?	3 #117	When Will The Blues Leave?	
406	While My Lady Sleeps			App. B
407	Who Can I Turn To?	5C #66	Who Can I Turn To?	
408	Wild Flower			App. B
409	Windows	2 #85	Windows	
410	Wingspan			App. B
411	Wise One	3 #89	Wise One	
412	Witch Hunt	2 #86	Witch Hunt	
413	Wonderful, Wonderful			App. B
414	Work			App. B
415	Worry Later (AKA San Francisco Holiday)			App. B
416	Yes Or No	2 #89	Yes Or No	
417	You Know I Care			App. B
418	You Say You Care			App. B
419	You Taught My Heart To Sing			App. B
420	Y Todavia La Quiero			App. B
